text,sentiment
I love this product! It's amazing! 0,Positive
"Great experience, highly recommended 0",Positive
"Wonderful service, very satisfied 0",Positive
"Excellent quality, best purchase ever 0",Positive
"Fantastic, I'm so happy with this 0",Positive
"Terrible product, waste of money 0",Negative
"Very disappointed, not worth it 0",Negative
"Bad experience, would not recommend 0",Negative
"Poor quality, very unhappy 0",Negative
"Worst purchase ever, regret buying 0",Negative
I love this product! It's amazing! 1,Positive
"Great experience, highly recommended 1",Positive
"Wonderful service, very satisfied 1",Positive
"Excellent quality, best purchase ever 1",Positive
"Fantastic, I'm so happy with this 1",Positive
"Terrible product, waste of money 1",Negative
"Very disappointed, not worth it 1",Negative
"Bad experience, would not recommend 1",Negative
"Poor quality, very unhappy 1",Negative
"Worst purchase ever, regret buying 1",Negative
I love this product! It's amazing! 2,Positive
"Great experience, highly recommended 2",Positive
"Wonderful service, very satisfied 2",Positive
"Excellent quality, best purchase ever 2",Positive
"Fantastic, I'm so happy with this 2",Positive
"Terrible product, waste of money 2",Negative
"Very disappointed, not worth it 2",Negative
"Bad experience, would not recommend 2",Negative
"Poor quality, very unhappy 2",Negative
"Worst purchase ever, regret buying 2",Negative
I love this product! It's amazing! 3,Positive
"Great experience, highly recommended 3",Positive
"Wonderful service, very satisfied 3",Positive
"Excellent quality, best purchase ever 3",Positive
"Fantastic, I'm so happy with this 3",Positive
"Terrible product, waste of money 3",Negative
"Very disappointed, not worth it 3",Negative
"Bad experience, would not recommend 3",Negative
"Poor quality, very unhappy 3",Negative
"Worst purchase ever, regret buying 3",Negative
I love this product! It's amazing! 4,Positive
"Great experience, highly recommended 4",Positive
"Wonderful service, very satisfied 4",Positive
"Excellent quality, best purchase ever 4",Positive
"Fantastic, I'm so happy with this 4",Positive
"Terrible product, waste of money 4",Negative
"Very disappointed, not worth it 4",Negative
"Bad experience, would not recommend 4",Negative
"Poor quality, very unhappy 4",Negative
"Worst purchase ever, regret buying 4",Negative
I love this product! It's amazing! 5,Positive
"Great experience, highly recommended 5",Positive
"Wonderful service, very satisfied 5",Positive
"Excellent quality, best purchase ever 5",Positive
"Fantastic, I'm so happy with this 5",Positive
"Terrible product, waste of money 5",Negative
"Very disappointed, not worth it 5",Negative
"Bad experience, would not recommend 5",Negative
"Poor quality, very unhappy 5",Negative
"Worst purchase ever, regret buying 5",Negative
I love this product! It's amazing! 6,Positive
"Great experience, highly recommended 6",Positive
"Wonderful service, very satisfied 6",Positive
"Excellent quality, best purchase ever 6",Positive
"Fantastic, I'm so happy with this 6",Positive
"Terrible product, waste of money 6",Negative
"Very disappointed, not worth it 6",Negative
"Bad experience, would not recommend 6",Negative
"Poor quality, very unhappy 6",Negative
"Worst purchase ever, regret buying 6",Negative
I love this product! It's amazing! 7,Positive
"Great experience, highly recommended 7",Positive
"Wonderful service, very satisfied 7",Positive
"Excellent quality, best purchase ever 7",Positive
"Fantastic, I'm so happy with this 7",Positive
"Terrible product, waste of money 7",Negative
"Very disappointed, not worth it 7",Negative
"Bad experience, would not recommend 7",Negative
"Poor quality, very unhappy 7",Negative
"Worst purchase ever, regret buying 7",Negative
I love this product! It's amazing! 8,Positive
"Great experience, highly recommended 8",Positive
"Wonderful service, very satisfied 8",Positive
"Excellent quality, best purchase ever 8",Positive
"Fantastic, I'm so happy with this 8",Positive
"Terrible product, waste of money 8",Negative
"Very disappointed, not worth it 8",Negative
"Bad experience, would not recommend 8",Negative
"Poor quality, very unhappy 8",Negative
"Worst purchase ever, regret buying 8",Negative
I love this product! It's amazing! 9,Positive
"Great experience, highly recommended 9",Positive
"Wonderful service, very satisfied 9",Positive
"Excellent quality, best purchase ever 9",Positive
"Fantastic, I'm so happy with this 9",Positive
"Terrible product, waste of money 9",Negative
"Very disappointed, not worth it 9",Negative
"Bad experience, would not recommend 9",Negative
"Poor quality, very unhappy 9",Negative
"Worst purchase ever, regret buying 9",Negative
I love this product! It's amazing! 10,Positive
"Great experience, highly recommended 10",Positive
"Wonderful service, very satisfied 10",Positive
"Excellent quality, best purchase ever 10",Positive
"Fantastic, I'm so happy with this 10",Positive
"Terrible product, waste of money 10",Negative
"Very disappointed, not worth it 10",Negative
"Bad experience, would not recommend 10",Negative
"Poor quality, very unhappy 10",Negative
"Worst purchase ever, regret buying 10",Negative
I love this product! It's amazing! 11,Positive
"Great experience, highly recommended 11",Positive
"Wonderful service, very satisfied 11",Positive
"Excellent quality, best purchase ever 11",Positive
"Fantastic, I'm so happy with this 11",Positive
"Terrible product, waste of money 11",Negative
"Very disappointed, not worth it 11",Negative
"Bad experience, would not recommend 11",Negative
"Poor quality, very unhappy 11",Negative
"Worst purchase ever, regret buying 11",Negative
I love this product! It's amazing! 12,Positive
"Great experience, highly recommended 12",Positive
"Wonderful service, very satisfied 12",Positive
"Excellent quality, best purchase ever 12",Positive
"Fantastic, I'm so happy with this 12",Positive
"Terrible product, waste of money 12",Negative
"Very disappointed, not worth it 12",Negative
"Bad experience, would not recommend 12",Negative
"Poor quality, very unhappy 12",Negative
"Worst purchase ever, regret buying 12",Negative
I love this product! It's amazing! 13,Positive
"Great experience, highly recommended 13",Positive
"Wonderful service, very satisfied 13",Positive
"Excellent quality, best purchase ever 13",Positive
"Fantastic, I'm so happy with this 13",Positive
"Terrible product, waste of money 13",Negative
"Very disappointed, not worth it 13",Negative
"Bad experience, would not recommend 13",Negative
"Poor quality, very unhappy 13",Negative
"Worst purchase ever, regret buying 13",Negative
I love this product! It's amazing! 14,Positive
"Great experience, highly recommended 14",Positive
"Wonderful service, very satisfied 14",Positive
"Excellent quality, best purchase ever 14",Positive
"Fantastic, I'm so happy with this 14",Positive
"Terrible product, waste of money 14",Negative
"Very disappointed, not worth it 14",Negative
"Bad experience, would not recommend 14",Negative
"Poor quality, very unhappy 14",Negative
"Worst purchase ever, regret buying 14",Negative
I love this product! It's amazing! 15,Positive
"Great experience, highly recommended 15",Positive
"Wonderful service, very satisfied 15",Positive
"Excellent quality, best purchase ever 15",Positive
"Fantastic, I'm so happy with this 15",Positive
"Terrible product, waste of money 15",Negative
"Very disappointed, not worth it 15",Negative
"Bad experience, would not recommend 15",Negative
"Poor quality, very unhappy 15",Negative
"Worst purchase ever, regret buying 15",Negative
I love this product! It's amazing! 16,Positive
"Great experience, highly recommended 16",Positive
"Wonderful service, very satisfied 16",Positive
"Excellent quality, best purchase ever 16",Positive
"Fantastic, I'm so happy with this 16",Positive
"Terrible product, waste of money 16",Negative
"Very disappointed, not worth it 16",Negative
"Bad experience, would not recommend 16",Negative
"Poor quality, very unhappy 16",Negative
"Worst purchase ever, regret buying 16",Negative
I love this product! It's amazing! 17,Positive
"Great experience, highly recommended 17",Positive
"Wonderful service, very satisfied 17",Positive
"Excellent quality, best purchase ever 17",Positive
"Fantastic, I'm so happy with this 17",Positive
"Terrible product, waste of money 17",Negative
"Very disappointed, not worth it 17",Negative
"Bad experience, would not recommend 17",Negative
"Poor quality, very unhappy 17",Negative
"Worst purchase ever, regret buying 17",Negative
I love this product! It's amazing! 18,Positive
"Great experience, highly recommended 18",Positive
"Wonderful service, very satisfied 18",Positive
"Excellent quality, best purchase ever 18",Positive
"Fantastic, I'm so happy with this 18",Positive
"Terrible product, waste of money 18",Negative
"Very disappointed, not worth it 18",Negative
"Bad experience, would not recommend 18",Negative
"Poor quality, very unhappy 18",Negative
"Worst purchase ever, regret buying 18",Negative
I love this product! It's amazing! 19,Positive
"Great experience, highly recommended 19",Positive
"Wonderful service, very satisfied 19",Positive
"Excellent quality, best purchase ever 19",Positive
"Fantastic, I'm so happy with this 19",Positive
"Terrible product, waste of money 19",Negative
"Very disappointed, not worth it 19",Negative
"Bad experience, would not recommend 19",Negative
"Poor quality, very unhappy 19",Negative
"Worst purchase ever, regret buying 19",Negative
I love this product! It's amazing! 20,Positive
"Great experience, highly recommended 20",Positive
"Wonderful service, very satisfied 20",Positive
"Excellent quality, best purchase ever 20",Positive
"Fantastic, I'm so happy with this 20",Positive
"Terrible product, waste of money 20",Negative
"Very disappointed, not worth it 20",Negative
"Bad experience, would not recommend 20",Negative
"Poor quality, very unhappy 20",Negative
"Worst purchase ever, regret buying 20",Negative
I love this product! It's amazing! 21,Positive
"Great experience, highly recommended 21",Positive
"Wonderful service, very satisfied 21",Positive
"Excellent quality, best purchase ever 21",Positive
"Fantastic, I'm so happy with this 21",Positive
"Terrible product, waste of money 21",Negative
"Very disappointed, not worth it 21",Negative
"Bad experience, would not recommend 21",Negative
"Poor quality, very unhappy 21",Negative
"Worst purchase ever, regret buying 21",Negative
I love this product! It's amazing! 22,Positive
"Great experience, highly recommended 22",Positive
"Wonderful service, very satisfied 22",Positive
"Excellent quality, best purchase ever 22",Positive
"Fantastic, I'm so happy with this 22",Positive
"Terrible product, waste of money 22",Negative
"Very disappointed, not worth it 22",Negative
"Bad experience, would not recommend 22",Negative
"Poor quality, very unhappy 22",Negative
"Worst purchase ever, regret buying 22",Negative
I love this product! It's amazing! 23,Positive
"Great experience, highly recommended 23",Positive
"Wonderful service, very satisfied 23",Positive
"Excellent quality, best purchase ever 23",Positive
"Fantastic, I'm so happy with this 23",Positive
"Terrible product, waste of money 23",Negative
"Very disappointed, not worth it 23",Negative
"Bad experience, would not recommend 23",Negative
"Poor quality, very unhappy 23",Negative
"Worst purchase ever, regret buying 23",Negative
I love this product! It's amazing! 24,Positive
"Great experience, highly recommended 24",Positive
"Wonderful service, very satisfied 24",Positive
"Excellent quality, best purchase ever 24",Positive
"Fantastic, I'm so happy with this 24",Positive
"Terrible product, waste of money 24",Negative
"Very disappointed, not worth it 24",Negative
"Bad experience, would not recommend 24",Negative
"Poor quality, very unhappy 24",Negative
"Worst purchase ever, regret buying 24",Negative
I love this product! It's amazing! 25,Positive
"Great experience, highly recommended 25",Positive
"Wonderful service, very satisfied 25",Positive
"Excellent quality, best purchase ever 25",Positive
"Fantastic, I'm so happy with this 25",Positive
"Terrible product, waste of money 25",Negative
"Very disappointed, not worth it 25",Negative
"Bad experience, would not recommend 25",Negative
"Poor quality, very unhappy 25",Negative
"Worst purchase ever, regret buying 25",Negative
I love this product! It's amazing! 26,Positive
"Great experience, highly recommended 26",Positive
"Wonderful service, very satisfied 26",Positive
"Excellent quality, best purchase ever 26",Positive
"Fantastic, I'm so happy with this 26",Positive
"Terrible product, waste of money 26",Negative
"Very disappointed, not worth it 26",Negative
"Bad experience, would not recommend 26",Negative
"Poor quality, very unhappy 26",Negative
"Worst purchase ever, regret buying 26",Negative
I love this product! It's amazing! 27,Positive
"Great experience, highly recommended 27",Positive
"Wonderful service, very satisfied 27",Positive
"Excellent quality, best purchase ever 27",Positive
"Fantastic, I'm so happy with this 27",Positive
"Terrible product, waste of money 27",Negative
"Very disappointed, not worth it 27",Negative
"Bad experience, would not recommend 27",Negative
"Poor quality, very unhappy 27",Negative
"Worst purchase ever, regret buying 27",Negative
I love this product! It's amazing! 28,Positive
"Great experience, highly recommended 28",Positive
"Wonderful service, very satisfied 28",Positive
"Excellent quality, best purchase ever 28",Positive
"Fantastic, I'm so happy with this 28",Positive
"Terrible product, waste of money 28",Negative
"Very disappointed, not worth it 28",Negative
"Bad experience, would not recommend 28",Negative
"Poor quality, very unhappy 28",Negative
"Worst purchase ever, regret buying 28",Negative
I love this product! It's amazing! 29,Positive
"Great experience, highly recommended 29",Positive
"Wonderful service, very satisfied 29",Positive
"Excellent quality, best purchase ever 29",Positive
"Fantastic, I'm so happy with this 29",Positive
"Terrible product, waste of money 29",Negative
"Very disappointed, not worth it 29",Negative
"Bad experience, would not recommend 29",Negative
"Poor quality, very unhappy 29",Negative
"Worst purchase ever, regret buying 29",Negative
I love this product! It's amazing! 30,Positive
"Great experience, highly recommended 30",Positive
"Wonderful service, very satisfied 30",Positive
"Excellent quality, best purchase ever 30",Positive
"Fantastic, I'm so happy with this 30",Positive
"Terrible product, waste of money 30",Negative
"Very disappointed, not worth it 30",Negative
"Bad experience, would not recommend 30",Negative
"Poor quality, very unhappy 30",Negative
"Worst purchase ever, regret buying 30",Negative
I love this product! It's amazing! 31,Positive
"Great experience, highly recommended 31",Positive
"Wonderful service, very satisfied 31",Positive
"Excellent quality, best purchase ever 31",Positive
"Fantastic, I'm so happy with this 31",Positive
"Terrible product, waste of money 31",Negative
"Very disappointed, not worth it 31",Negative
"Bad experience, would not recommend 31",Negative
"Poor quality, very unhappy 31",Negative
"Worst purchase ever, regret buying 31",Negative
I love this product! It's amazing! 32,Positive
"Great experience, highly recommended 32",Positive
"Wonderful service, very satisfied 32",Positive
"Excellent quality, best purchase ever 32",Positive
"Fantastic, I'm so happy with this 32",Positive
"Terrible product, waste of money 32",Negative
"Very disappointed, not worth it 32",Negative
"Bad experience, would not recommend 32",Negative
"Poor quality, very unhappy 32",Negative
"Worst purchase ever, regret buying 32",Negative
I love this product! It's amazing! 33,Positive
"Great experience, highly recommended 33",Positive
"Wonderful service, very satisfied 33",Positive
"Excellent quality, best purchase ever 33",Positive
"Fantastic, I'm so happy with this 33",Positive
"Terrible product, waste of money 33",Negative
"Very disappointed, not worth it 33",Negative
"Bad experience, would not recommend 33",Negative
"Poor quality, very unhappy 33",Negative
"Worst purchase ever, regret buying 33",Negative
I love this product! It's amazing! 34,Positive
"Great experience, highly recommended 34",Positive
"Wonderful service, very satisfied 34",Positive
"Excellent quality, best purchase ever 34",Positive
"Fantastic, I'm so happy with this 34",Positive
"Terrible product, waste of money 34",Negative
"Very disappointed, not worth it 34",Negative
"Bad experience, would not recommend 34",Negative
"Poor quality, very unhappy 34",Negative
"Worst purchase ever, regret buying 34",Negative
I love this product! It's amazing! 35,Positive
"Great experience, highly recommended 35",Positive
"Wonderful service, very satisfied 35",Positive
"Excellent quality, best purchase ever 35",Positive
"Fantastic, I'm so happy with this 35",Positive
"Terrible product, waste of money 35",Negative
"Very disappointed, not worth it 35",Negative
"Bad experience, would not recommend 35",Negative
"Poor quality, very unhappy 35",Negative
"Worst purchase ever, regret buying 35",Negative
I love this product! It's amazing! 36,Positive
"Great experience, highly recommended 36",Positive
"Wonderful service, very satisfied 36",Positive
"Excellent quality, best purchase ever 36",Positive
"Fantastic, I'm so happy with this 36",Positive
"Terrible product, waste of money 36",Negative
"Very disappointed, not worth it 36",Negative
"Bad experience, would not recommend 36",Negative
"Poor quality, very unhappy 36",Negative
"Worst purchase ever, regret buying 36",Negative
I love this product! It's amazing! 37,Positive
"Great experience, highly recommended 37",Positive
"Wonderful service, very satisfied 37",Positive
"Excellent quality, best purchase ever 37",Positive
"Fantastic, I'm so happy with this 37",Positive
"Terrible product, waste of money 37",Negative
"Very disappointed, not worth it 37",Negative
"Bad experience, would not recommend 37",Negative
"Poor quality, very unhappy 37",Negative
"Worst purchase ever, regret buying 37",Negative
I love this product! It's amazing! 38,Positive
"Great experience, highly recommended 38",Positive
"Wonderful service, very satisfied 38",Positive
"Excellent quality, best purchase ever 38",Positive
"Fantastic, I'm so happy with this 38",Positive
"Terrible product, waste of money 38",Negative
"Very disappointed, not worth it 38",Negative
"Bad experience, would not recommend 38",Negative
"Poor quality, very unhappy 38",Negative
"Worst purchase ever, regret buying 38",Negative
I love this product! It's amazing! 39,Positive
"Great experience, highly recommended 39",Positive
"Wonderful service, very satisfied 39",Positive
"Excellent quality, best purchase ever 39",Positive
"Fantastic, I'm so happy with this 39",Positive
"Terrible product, waste of money 39",Negative
"Very disappointed, not worth it 39",Negative
"Bad experience, would not recommend 39",Negative
"Poor quality, very unhappy 39",Negative
"Worst purchase ever, regret buying 39",Negative
I love this product! It's amazing! 40,Positive
"Great experience, highly recommended 40",Positive
"Wonderful service, very satisfied 40",Positive
"Excellent quality, best purchase ever 40",Positive
"Fantastic, I'm so happy with this 40",Positive
"Terrible product, waste of money 40",Negative
"Very disappointed, not worth it 40",Negative
"Bad experience, would not recommend 40",Negative
"Poor quality, very unhappy 40",Negative
"Worst purchase ever, regret buying 40",Negative
I love this product! It's amazing! 41,Positive
"Great experience, highly recommended 41",Positive
"Wonderful service, very satisfied 41",Positive
"Excellent quality, best purchase ever 41",Positive
"Fantastic, I'm so happy with this 41",Positive
"Terrible product, waste of money 41",Negative
"Very disappointed, not worth it 41",Negative
"Bad experience, would not recommend 41",Negative
"Poor quality, very unhappy 41",Negative
"Worst purchase ever, regret buying 41",Negative
I love this product! It's amazing! 42,Positive
"Great experience, highly recommended 42",Positive
"Wonderful service, very satisfied 42",Positive
"Excellent quality, best purchase ever 42",Positive
"Fantastic, I'm so happy with this 42",Positive
"Terrible product, waste of money 42",Negative
"Very disappointed, not worth it 42",Negative
"Bad experience, would not recommend 42",Negative
"Poor quality, very unhappy 42",Negative
"Worst purchase ever, regret buying 42",Negative
I love this product! It's amazing! 43,Positive
"Great experience, highly recommended 43",Positive
"Wonderful service, very satisfied 43",Positive
"Excellent quality, best purchase ever 43",Positive
"Fantastic, I'm so happy with this 43",Positive
"Terrible product, waste of money 43",Negative
"Very disappointed, not worth it 43",Negative
"Bad experience, would not recommend 43",Negative
"Poor quality, very unhappy 43",Negative
"Worst purchase ever, regret buying 43",Negative
I love this product! It's amazing! 44,Positive
"Great experience, highly recommended 44",Positive
"Wonderful service, very satisfied 44",Positive
"Excellent quality, best purchase ever 44",Positive
"Fantastic, I'm so happy with this 44",Positive
"Terrible product, waste of money 44",Negative
"Very disappointed, not worth it 44",Negative
"Bad experience, would not recommend 44",Negative
"Poor quality, very unhappy 44",Negative
"Worst purchase ever, regret buying 44",Negative
I love this product! It's amazing! 45,Positive
"Great experience, highly recommended 45",Positive
"Wonderful service, very satisfied 45",Positive
"Excellent quality, best purchase ever 45",Positive
"Fantastic, I'm so happy with this 45",Positive
"Terrible product, waste of money 45",Negative
"Very disappointed, not worth it 45",Negative
"Bad experience, would not recommend 45",Negative
"Poor quality, very unhappy 45",Negative
"Worst purchase ever, regret buying 45",Negative
I love this product! It's amazing! 46,Positive
"Great experience, highly recommended 46",Positive
"Wonderful service, very satisfied 46",Positive
"Excellent quality, best purchase ever 46",Positive
"Fantastic, I'm so happy with this 46",Positive
"Terrible product, waste of money 46",Negative
"Very disappointed, not worth it 46",Negative
"Bad experience, would not recommend 46",Negative
"Poor quality, very unhappy 46",Negative
"Worst purchase ever, regret buying 46",Negative
I love this product! It's amazing! 47,Positive
"Great experience, highly recommended 47",Positive
"Wonderful service, very satisfied 47",Positive
"Excellent quality, best purchase ever 47",Positive
"Fantastic, I'm so happy with this 47",Positive
"Terrible product, waste of money 47",Negative
"Very disappointed, not worth it 47",Negative
"Bad experience, would not recommend 47",Negative
"Poor quality, very unhappy 47",Negative
"Worst purchase ever, regret buying 47",Negative
I love this product! It's amazing! 48,Positive
"Great experience, highly recommended 48",Positive
"Wonderful service, very satisfied 48",Positive
"Excellent quality, best purchase ever 48",Positive
"Fantastic, I'm so happy with this 48",Positive
"Terrible product, waste of money 48",Negative
"Very disappointed, not worth it 48",Negative
"Bad experience, would not recommend 48",Negative
"Poor quality, very unhappy 48",Negative
"Worst purchase ever, regret buying 48",Negative
I love this product! It's amazing! 49,Positive
"Great experience, highly recommended 49",Positive
"Wonderful service, very satisfied 49",Positive
"Excellent quality, best purchase ever 49",Positive
"Fantastic, I'm so happy with this 49",Positive
"Terrible product, waste of money 49",Negative
"Very disappointed, not worth it 49",Negative
"Bad experience, would not recommend 49",Negative
"Poor quality, very unhappy 49",Negative
"Worst purchase ever, regret buying 49",Negative
I love this product! It's amazing! 50,Positive
"Great experience, highly recommended 50",Positive
"Wonderful service, very satisfied 50",Positive
"Excellent quality, best purchase ever 50",Positive
"Fantastic, I'm so happy with this 50",Positive
"Terrible product, waste of money 50",Negative
"Very disappointed, not worth it 50",Negative
"Bad experience, would not recommend 50",Negative
"Poor quality, very unhappy 50",Negative
"Worst purchase ever, regret buying 50",Negative
I love this product! It's amazing! 51,Positive
"Great experience, highly recommended 51",Positive
"Wonderful service, very satisfied 51",Positive
"Excellent quality, best purchase ever 51",Positive
"Fantastic, I'm so happy with this 51",Positive
"Terrible product, waste of money 51",Negative
"Very disappointed, not worth it 51",Negative
"Bad experience, would not recommend 51",Negative
"Poor quality, very unhappy 51",Negative
"Worst purchase ever, regret buying 51",Negative
I love this product! It's amazing! 52,Positive
"Great experience, highly recommended 52",Positive
"Wonderful service, very satisfied 52",Positive
"Excellent quality, best purchase ever 52",Positive
"Fantastic, I'm so happy with this 52",Positive
"Terrible product, waste of money 52",Negative
"Very disappointed, not worth it 52",Negative
"Bad experience, would not recommend 52",Negative
"Poor quality, very unhappy 52",Negative
"Worst purchase ever, regret buying 52",Negative
I love this product! It's amazing! 53,Positive
"Great experience, highly recommended 53",Positive
"Wonderful service, very satisfied 53",Positive
"Excellent quality, best purchase ever 53",Positive
"Fantastic, I'm so happy with this 53",Positive
"Terrible product, waste of money 53",Negative
"Very disappointed, not worth it 53",Negative
"Bad experience, would not recommend 53",Negative
"Poor quality, very unhappy 53",Negative
"Worst purchase ever, regret buying 53",Negative
I love this product! It's amazing! 54,Positive
"Great experience, highly recommended 54",Positive
"Wonderful service, very satisfied 54",Positive
"Excellent quality, best purchase ever 54",Positive
"Fantastic, I'm so happy with this 54",Positive
"Terrible product, waste of money 54",Negative
"Very disappointed, not worth it 54",Negative
"Bad experience, would not recommend 54",Negative
"Poor quality, very unhappy 54",Negative
"Worst purchase ever, regret buying 54",Negative
I love this product! It's amazing! 55,Positive
"Great experience, highly recommended 55",Positive
"Wonderful service, very satisfied 55",Positive
"Excellent quality, best purchase ever 55",Positive
"Fantastic, I'm so happy with this 55",Positive
"Terrible product, waste of money 55",Negative
"Very disappointed, not worth it 55",Negative
"Bad experience, would not recommend 55",Negative
"Poor quality, very unhappy 55",Negative
"Worst purchase ever, regret buying 55",Negative
I love this product! It's amazing! 56,Positive
"Great experience, highly recommended 56",Positive
"Wonderful service, very satisfied 56",Positive
"Excellent quality, best purchase ever 56",Positive
"Fantastic, I'm so happy with this 56",Positive
"Terrible product, waste of money 56",Negative
"Very disappointed, not worth it 56",Negative
"Bad experience, would not recommend 56",Negative
"Poor quality, very unhappy 56",Negative
"Worst purchase ever, regret buying 56",Negative
I love this product! It's amazing! 57,Positive
"Great experience, highly recommended 57",Positive
"Wonderful service, very satisfied 57",Positive
"Excellent quality, best purchase ever 57",Positive
"Fantastic, I'm so happy with this 57",Positive
"Terrible product, waste of money 57",Negative
"Very disappointed, not worth it 57",Negative
"Bad experience, would not recommend 57",Negative
"Poor quality, very unhappy 57",Negative
"Worst purchase ever, regret buying 57",Negative
I love this product! It's amazing! 58,Positive
"Great experience, highly recommended 58",Positive
"Wonderful service, very satisfied 58",Positive
"Excellent quality, best purchase ever 58",Positive
"Fantastic, I'm so happy with this 58",Positive
"Terrible product, waste of money 58",Negative
"Very disappointed, not worth it 58",Negative
"Bad experience, would not recommend 58",Negative
"Poor quality, very unhappy 58",Negative
"Worst purchase ever, regret buying 58",Negative
I love this product! It's amazing! 59,Positive
"Great experience, highly recommended 59",Positive
"Wonderful service, very satisfied 59",Positive
"Excellent quality, best purchase ever 59",Positive
"Fantastic, I'm so happy with this 59",Positive
"Terrible product, waste of money 59",Negative
"Very disappointed, not worth it 59",Negative
"Bad experience, would not recommend 59",Negative
"Poor quality, very unhappy 59",Negative
"Worst purchase ever, regret buying 59",Negative
I love this product! It's amazing! 60,Positive
"Great experience, highly recommended 60",Positive
"Wonderful service, very satisfied 60",Positive
"Excellent quality, best purchase ever 60",Positive
"Fantastic, I'm so happy with this 60",Positive
"Terrible product, waste of money 60",Negative
"Very disappointed, not worth it 60",Negative
"Bad experience, would not recommend 60",Negative
"Poor quality, very unhappy 60",Negative
"Worst purchase ever, regret buying 60",Negative
I love this product! It's amazing! 61,Positive
"Great experience, highly recommended 61",Positive
"Wonderful service, very satisfied 61",Positive
"Excellent quality, best purchase ever 61",Positive
"Fantastic, I'm so happy with this 61",Positive
"Terrible product, waste of money 61",Negative
"Very disappointed, not worth it 61",Negative
"Bad experience, would not recommend 61",Negative
"Poor quality, very unhappy 61",Negative
"Worst purchase ever, regret buying 61",Negative
I love this product! It's amazing! 62,Positive
"Great experience, highly recommended 62",Positive
"Wonderful service, very satisfied 62",Positive
"Excellent quality, best purchase ever 62",Positive
"Fantastic, I'm so happy with this 62",Positive
"Terrible product, waste of money 62",Negative
"Very disappointed, not worth it 62",Negative
"Bad experience, would not recommend 62",Negative
"Poor quality, very unhappy 62",Negative
"Worst purchase ever, regret buying 62",Negative
I love this product! It's amazing! 63,Positive
"Great experience, highly recommended 63",Positive
"Wonderful service, very satisfied 63",Positive
"Excellent quality, best purchase ever 63",Positive
"Fantastic, I'm so happy with this 63",Positive
"Terrible product, waste of money 63",Negative
"Very disappointed, not worth it 63",Negative
"Bad experience, would not recommend 63",Negative
"Poor quality, very unhappy 63",Negative
"Worst purchase ever, regret buying 63",Negative
I love this product! It's amazing! 64,Positive
"Great experience, highly recommended 64",Positive
"Wonderful service, very satisfied 64",Positive
"Excellent quality, best purchase ever 64",Positive
"Fantastic, I'm so happy with this 64",Positive
"Terrible product, waste of money 64",Negative
"Very disappointed, not worth it 64",Negative
"Bad experience, would not recommend 64",Negative
"Poor quality, very unhappy 64",Negative
"Worst purchase ever, regret buying 64",Negative
I love this product! It's amazing! 65,Positive
"Great experience, highly recommended 65",Positive
"Wonderful service, very satisfied 65",Positive
"Excellent quality, best purchase ever 65",Positive
"Fantastic, I'm so happy with this 65",Positive
"Terrible product, waste of money 65",Negative
"Very disappointed, not worth it 65",Negative
"Bad experience, would not recommend 65",Negative
"Poor quality, very unhappy 65",Negative
"Worst purchase ever, regret buying 65",Negative
I love this product! It's amazing! 66,Positive
"Great experience, highly recommended 66",Positive
"Wonderful service, very satisfied 66",Positive
"Excellent quality, best purchase ever 66",Positive
"Fantastic, I'm so happy with this 66",Positive
"Terrible product, waste of money 66",Negative
"Very disappointed, not worth it 66",Negative
"Bad experience, would not recommend 66",Negative
"Poor quality, very unhappy 66",Negative
"Worst purchase ever, regret buying 66",Negative
I love this product! It's amazing! 67,Positive
"Great experience, highly recommended 67",Positive
"Wonderful service, very satisfied 67",Positive
"Excellent quality, best purchase ever 67",Positive
"Fantastic, I'm so happy with this 67",Positive
"Terrible product, waste of money 67",Negative
"Very disappointed, not worth it 67",Negative
"Bad experience, would not recommend 67",Negative
"Poor quality, very unhappy 67",Negative
"Worst purchase ever, regret buying 67",Negative
I love this product! It's amazing! 68,Positive
"Great experience, highly recommended 68",Positive
"Wonderful service, very satisfied 68",Positive
"Excellent quality, best purchase ever 68",Positive
"Fantastic, I'm so happy with this 68",Positive
"Terrible product, waste of money 68",Negative
"Very disappointed, not worth it 68",Negative
"Bad experience, would not recommend 68",Negative
"Poor quality, very unhappy 68",Negative
"Worst purchase ever, regret buying 68",Negative
I love this product! It's amazing! 69,Positive
"Great experience, highly recommended 69",Positive
"Wonderful service, very satisfied 69",Positive
"Excellent quality, best purchase ever 69",Positive
"Fantastic, I'm so happy with this 69",Positive
"Terrible product, waste of money 69",Negative
"Very disappointed, not worth it 69",Negative
"Bad experience, would not recommend 69",Negative
"Poor quality, very unhappy 69",Negative
"Worst purchase ever, regret buying 69",Negative
I love this product! It's amazing! 70,Positive
"Great experience, highly recommended 70",Positive
"Wonderful service, very satisfied 70",Positive
"Excellent quality, best purchase ever 70",Positive
"Fantastic, I'm so happy with this 70",Positive
"Terrible product, waste of money 70",Negative
"Very disappointed, not worth it 70",Negative
"Bad experience, would not recommend 70",Negative
"Poor quality, very unhappy 70",Negative
"Worst purchase ever, regret buying 70",Negative
I love this product! It's amazing! 71,Positive
"Great experience, highly recommended 71",Positive
"Wonderful service, very satisfied 71",Positive
"Excellent quality, best purchase ever 71",Positive
"Fantastic, I'm so happy with this 71",Positive
"Terrible product, waste of money 71",Negative
"Very disappointed, not worth it 71",Negative
"Bad experience, would not recommend 71",Negative
"Poor quality, very unhappy 71",Negative
"Worst purchase ever, regret buying 71",Negative
I love this product! It's amazing! 72,Positive
"Great experience, highly recommended 72",Positive
"Wonderful service, very satisfied 72",Positive
"Excellent quality, best purchase ever 72",Positive
"Fantastic, I'm so happy with this 72",Positive
"Terrible product, waste of money 72",Negative
"Very disappointed, not worth it 72",Negative
"Bad experience, would not recommend 72",Negative
"Poor quality, very unhappy 72",Negative
"Worst purchase ever, regret buying 72",Negative
I love this product! It's amazing! 73,Positive
"Great experience, highly recommended 73",Positive
"Wonderful service, very satisfied 73",Positive
"Excellent quality, best purchase ever 73",Positive
"Fantastic, I'm so happy with this 73",Positive
"Terrible product, waste of money 73",Negative
"Very disappointed, not worth it 73",Negative
"Bad experience, would not recommend 73",Negative
"Poor quality, very unhappy 73",Negative
"Worst purchase ever, regret buying 73",Negative
I love this product! It's amazing! 74,Positive
"Great experience, highly recommended 74",Positive
"Wonderful service, very satisfied 74",Positive
"Excellent quality, best purchase ever 74",Positive
"Fantastic, I'm so happy with this 74",Positive
"Terrible product, waste of money 74",Negative
"Very disappointed, not worth it 74",Negative
"Bad experience, would not recommend 74",Negative
"Poor quality, very unhappy 74",Negative
"Worst purchase ever, regret buying 74",Negative
I love this product! It's amazing! 75,Positive
"Great experience, highly recommended 75",Positive
"Wonderful service, very satisfied 75",Positive
"Excellent quality, best purchase ever 75",Positive
"Fantastic, I'm so happy with this 75",Positive
"Terrible product, waste of money 75",Negative
"Very disappointed, not worth it 75",Negative
"Bad experience, would not recommend 75",Negative
"Poor quality, very unhappy 75",Negative
"Worst purchase ever, regret buying 75",Negative
I love this product! It's amazing! 76,Positive
"Great experience, highly recommended 76",Positive
"Wonderful service, very satisfied 76",Positive
"Excellent quality, best purchase ever 76",Positive
"Fantastic, I'm so happy with this 76",Positive
"Terrible product, waste of money 76",Negative
"Very disappointed, not worth it 76",Negative
"Bad experience, would not recommend 76",Negative
"Poor quality, very unhappy 76",Negative
"Worst purchase ever, regret buying 76",Negative
I love this product! It's amazing! 77,Positive
"Great experience, highly recommended 77",Positive
"Wonderful service, very satisfied 77",Positive
"Excellent quality, best purchase ever 77",Positive
"Fantastic, I'm so happy with this 77",Positive
"Terrible product, waste of money 77",Negative
"Very disappointed, not worth it 77",Negative
"Bad experience, would not recommend 77",Negative
"Poor quality, very unhappy 77",Negative
"Worst purchase ever, regret buying 77",Negative
I love this product! It's amazing! 78,Positive
"Great experience, highly recommended 78",Positive
"Wonderful service, very satisfied 78",Positive
"Excellent quality, best purchase ever 78",Positive
"Fantastic, I'm so happy with this 78",Positive
"Terrible product, waste of money 78",Negative
"Very disappointed, not worth it 78",Negative
"Bad experience, would not recommend 78",Negative
"Poor quality, very unhappy 78",Negative
"Worst purchase ever, regret buying 78",Negative
I love this product! It's amazing! 79,Positive
"Great experience, highly recommended 79",Positive
"Wonderful service, very satisfied 79",Positive
"Excellent quality, best purchase ever 79",Positive
"Fantastic, I'm so happy with this 79",Positive
"Terrible product, waste of money 79",Negative
"Very disappointed, not worth it 79",Negative
"Bad experience, would not recommend 79",Negative
"Poor quality, very unhappy 79",Negative
"Worst purchase ever, regret buying 79",Negative
I love this product! It's amazing! 80,Positive
"Great experience, highly recommended 80",Positive
"Wonderful service, very satisfied 80",Positive
"Excellent quality, best purchase ever 80",Positive
"Fantastic, I'm so happy with this 80",Positive
"Terrible product, waste of money 80",Negative
"Very disappointed, not worth it 80",Negative
"Bad experience, would not recommend 80",Negative
"Poor quality, very unhappy 80",Negative
"Worst purchase ever, regret buying 80",Negative
I love this product! It's amazing! 81,Positive
"Great experience, highly recommended 81",Positive
"Wonderful service, very satisfied 81",Positive
"Excellent quality, best purchase ever 81",Positive
"Fantastic, I'm so happy with this 81",Positive
"Terrible product, waste of money 81",Negative
"Very disappointed, not worth it 81",Negative
"Bad experience, would not recommend 81",Negative
"Poor quality, very unhappy 81",Negative
"Worst purchase ever, regret buying 81",Negative
I love this product! It's amazing! 82,Positive
"Great experience, highly recommended 82",Positive
"Wonderful service, very satisfied 82",Positive
"Excellent quality, best purchase ever 82",Positive
"Fantastic, I'm so happy with this 82",Positive
"Terrible product, waste of money 82",Negative
"Very disappointed, not worth it 82",Negative
"Bad experience, would not recommend 82",Negative
"Poor quality, very unhappy 82",Negative
"Worst purchase ever, regret buying 82",Negative
I love this product! It's amazing! 83,Positive
"Great experience, highly recommended 83",Positive
"Wonderful service, very satisfied 83",Positive
"Excellent quality, best purchase ever 83",Positive
"Fantastic, I'm so happy with this 83",Positive
"Terrible product, waste of money 83",Negative
"Very disappointed, not worth it 83",Negative
"Bad experience, would not recommend 83",Negative
"Poor quality, very unhappy 83",Negative
"Worst purchase ever, regret buying 83",Negative
I love this product! It's amazing! 84,Positive
"Great experience, highly recommended 84",Positive
"Wonderful service, very satisfied 84",Positive
"Excellent quality, best purchase ever 84",Positive
"Fantastic, I'm so happy with this 84",Positive
"Terrible product, waste of money 84",Negative
"Very disappointed, not worth it 84",Negative
"Bad experience, would not recommend 84",Negative
"Poor quality, very unhappy 84",Negative
"Worst purchase ever, regret buying 84",Negative
I love this product! It's amazing! 85,Positive
"Great experience, highly recommended 85",Positive
"Wonderful service, very satisfied 85",Positive
"Excellent quality, best purchase ever 85",Positive
"Fantastic, I'm so happy with this 85",Positive
"Terrible product, waste of money 85",Negative
"Very disappointed, not worth it 85",Negative
"Bad experience, would not recommend 85",Negative
"Poor quality, very unhappy 85",Negative
"Worst purchase ever, regret buying 85",Negative
I love this product! It's amazing! 86,Positive
"Great experience, highly recommended 86",Positive
"Wonderful service, very satisfied 86",Positive
"Excellent quality, best purchase ever 86",Positive
"Fantastic, I'm so happy with this 86",Positive
"Terrible product, waste of money 86",Negative
"Very disappointed, not worth it 86",Negative
"Bad experience, would not recommend 86",Negative
"Poor quality, very unhappy 86",Negative
"Worst purchase ever, regret buying 86",Negative
I love this product! It's amazing! 87,Positive
"Great experience, highly recommended 87",Positive
"Wonderful service, very satisfied 87",Positive
"Excellent quality, best purchase ever 87",Positive
"Fantastic, I'm so happy with this 87",Positive
"Terrible product, waste of money 87",Negative
"Very disappointed, not worth it 87",Negative
"Bad experience, would not recommend 87",Negative
"Poor quality, very unhappy 87",Negative
"Worst purchase ever, regret buying 87",Negative
I love this product! It's amazing! 88,Positive
"Great experience, highly recommended 88",Positive
"Wonderful service, very satisfied 88",Positive
"Excellent quality, best purchase ever 88",Positive
"Fantastic, I'm so happy with this 88",Positive
"Terrible product, waste of money 88",Negative
"Very disappointed, not worth it 88",Negative
"Bad experience, would not recommend 88",Negative
"Poor quality, very unhappy 88",Negative
"Worst purchase ever, regret buying 88",Negative
I love this product! It's amazing! 89,Positive
"Great experience, highly recommended 89",Positive
"Wonderful service, very satisfied 89",Positive
"Excellent quality, best purchase ever 89",Positive
"Fantastic, I'm so happy with this 89",Positive
"Terrible product, waste of money 89",Negative
"Very disappointed, not worth it 89",Negative
"Bad experience, would not recommend 89",Negative
"Poor quality, very unhappy 89",Negative
"Worst purchase ever, regret buying 89",Negative
I love this product! It's amazing! 90,Positive
"Great experience, highly recommended 90",Positive
"Wonderful service, very satisfied 90",Positive
"Excellent quality, best purchase ever 90",Positive
"Fantastic, I'm so happy with this 90",Positive
"Terrible product, waste of money 90",Negative
"Very disappointed, not worth it 90",Negative
"Bad experience, would not recommend 90",Negative
"Poor quality, very unhappy 90",Negative
"Worst purchase ever, regret buying 90",Negative
I love this product! It's amazing! 91,Positive
"Great experience, highly recommended 91",Positive
"Wonderful service, very satisfied 91",Positive
"Excellent quality, best purchase ever 91",Positive
"Fantastic, I'm so happy with this 91",Positive
"Terrible product, waste of money 91",Negative
"Very disappointed, not worth it 91",Negative
"Bad experience, would not recommend 91",Negative
"Poor quality, very unhappy 91",Negative
"Worst purchase ever, regret buying 91",Negative
I love this product! It's amazing! 92,Positive
"Great experience, highly recommended 92",Positive
"Wonderful service, very satisfied 92",Positive
"Excellent quality, best purchase ever 92",Positive
"Fantastic, I'm so happy with this 92",Positive
"Terrible product, waste of money 92",Negative
"Very disappointed, not worth it 92",Negative
"Bad experience, would not recommend 92",Negative
"Poor quality, very unhappy 92",Negative
"Worst purchase ever, regret buying 92",Negative
I love this product! It's amazing! 93,Positive
"Great experience, highly recommended 93",Positive
"Wonderful service, very satisfied 93",Positive
"Excellent quality, best purchase ever 93",Positive
"Fantastic, I'm so happy with this 93",Positive
"Terrible product, waste of money 93",Negative
"Very disappointed, not worth it 93",Negative
"Bad experience, would not recommend 93",Negative
"Poor quality, very unhappy 93",Negative
"Worst purchase ever, regret buying 93",Negative
I love this product! It's amazing! 94,Positive
"Great experience, highly recommended 94",Positive
"Wonderful service, very satisfied 94",Positive
"Excellent quality, best purchase ever 94",Positive
"Fantastic, I'm so happy with this 94",Positive
"Terrible product, waste of money 94",Negative
"Very disappointed, not worth it 94",Negative
"Bad experience, would not recommend 94",Negative
"Poor quality, very unhappy 94",Negative
"Worst purchase ever, regret buying 94",Negative
I love this product! It's amazing! 95,Positive
"Great experience, highly recommended 95",Positive
"Wonderful service, very satisfied 95",Positive
"Excellent quality, best purchase ever 95",Positive
"Fantastic, I'm so happy with this 95",Positive
"Terrible product, waste of money 95",Negative
"Very disappointed, not worth it 95",Negative
"Bad experience, would not recommend 95",Negative
"Poor quality, very unhappy 95",Negative
"Worst purchase ever, regret buying 95",Negative
I love this product! It's amazing! 96,Positive
"Great experience, highly recommended 96",Positive
"Wonderful service, very satisfied 96",Positive
"Excellent quality, best purchase ever 96",Positive
"Fantastic, I'm so happy with this 96",Positive
"Terrible product, waste of money 96",Negative
"Very disappointed, not worth it 96",Negative
"Bad experience, would not recommend 96",Negative
"Poor quality, very unhappy 96",Negative
"Worst purchase ever, regret buying 96",Negative
I love this product! It's amazing! 97,Positive
"Great experience, highly recommended 97",Positive
"Wonderful service, very satisfied 97",Positive
"Excellent quality, best purchase ever 97",Positive
"Fantastic, I'm so happy with this 97",Positive
"Terrible product, waste of money 97",Negative
"Very disappointed, not worth it 97",Negative
"Bad experience, would not recommend 97",Negative
"Poor quality, very unhappy 97",Negative
"Worst purchase ever, regret buying 97",Negative
I love this product! It's amazing! 98,Positive
"Great experience, highly recommended 98",Positive
"Wonderful service, very satisfied 98",Positive
"Excellent quality, best purchase ever 98",Positive
"Fantastic, I'm so happy with this 98",Positive
"Terrible product, waste of money 98",Negative
"Very disappointed, not worth it 98",Negative
"Bad experience, would not recommend 98",Negative
"Poor quality, very unhappy 98",Negative
"Worst purchase ever, regret buying 98",Negative
I love this product! It's amazing! 99,Positive
"Great experience, highly recommended 99",Positive
"Wonderful service, very satisfied 99",Positive
"Excellent quality, best purchase ever 99",Positive
"Fantastic, I'm so happy with this 99",Positive
"Terrible product, waste of money 99",Negative
"Very disappointed, not worth it 99",Negative
"Bad experience, would not recommend 99",Negative
"Poor quality, very unhappy 99",Negative
"Worst purchase ever, regret buying 99",Negative
I love this product! It's amazing! 100,Positive
"Great experience, highly recommended 100",Positive
"Wonderful service, very satisfied 100",Positive
"Excellent quality, best purchase ever 100",Positive
"Fantastic, I'm so happy with this 100",Positive
"Terrible product, waste of money 100",Negative
"Very disappointed, not worth it 100",Negative
"Bad experience, would not recommend 100",Negative
"Poor quality, very unhappy 100",Negative
"Worst purchase ever, regret buying 100",Negative
I love this product! It's amazing! 101,Positive
"Great experience, highly recommended 101",Positive
"Wonderful service, very satisfied 101",Positive
"Excellent quality, best purchase ever 101",Positive
"Fantastic, I'm so happy with this 101",Positive
"Terrible product, waste of money 101",Negative
"Very disappointed, not worth it 101",Negative
"Bad experience, would not recommend 101",Negative
"Poor quality, very unhappy 101",Negative
"Worst purchase ever, regret buying 101",Negative
I love this product! It's amazing! 102,Positive
"Great experience, highly recommended 102",Positive
"Wonderful service, very satisfied 102",Positive
"Excellent quality, best purchase ever 102",Positive
"Fantastic, I'm so happy with this 102",Positive
"Terrible product, waste of money 102",Negative
"Very disappointed, not worth it 102",Negative
"Bad experience, would not recommend 102",Negative
"Poor quality, very unhappy 102",Negative
"Worst purchase ever, regret buying 102",Negative
I love this product! It's amazing! 103,Positive
"Great experience, highly recommended 103",Positive
"Wonderful service, very satisfied 103",Positive
"Excellent quality, best purchase ever 103",Positive
"Fantastic, I'm so happy with this 103",Positive
"Terrible product, waste of money 103",Negative
"Very disappointed, not worth it 103",Negative
"Bad experience, would not recommend 103",Negative
"Poor quality, very unhappy 103",Negative
"Worst purchase ever, regret buying 103",Negative
I love this product! It's amazing! 104,Positive
"Great experience, highly recommended 104",Positive
"Wonderful service, very satisfied 104",Positive
"Excellent quality, best purchase ever 104",Positive
"Fantastic, I'm so happy with this 104",Positive
"Terrible product, waste of money 104",Negative
"Very disappointed, not worth it 104",Negative
"Bad experience, would not recommend 104",Negative
"Poor quality, very unhappy 104",Negative
"Worst purchase ever, regret buying 104",Negative
I love this product! It's amazing! 105,Positive
"Great experience, highly recommended 105",Positive
"Wonderful service, very satisfied 105",Positive
"Excellent quality, best purchase ever 105",Positive
"Fantastic, I'm so happy with this 105",Positive
"Terrible product, waste of money 105",Negative
"Very disappointed, not worth it 105",Negative
"Bad experience, would not recommend 105",Negative
"Poor quality, very unhappy 105",Negative
"Worst purchase ever, regret buying 105",Negative
I love this product! It's amazing! 106,Positive
"Great experience, highly recommended 106",Positive
"Wonderful service, very satisfied 106",Positive
"Excellent quality, best purchase ever 106",Positive
"Fantastic, I'm so happy with this 106",Positive
"Terrible product, waste of money 106",Negative
"Very disappointed, not worth it 106",Negative
"Bad experience, would not recommend 106",Negative
"Poor quality, very unhappy 106",Negative
"Worst purchase ever, regret buying 106",Negative
I love this product! It's amazing! 107,Positive
"Great experience, highly recommended 107",Positive
"Wonderful service, very satisfied 107",Positive
"Excellent quality, best purchase ever 107",Positive
"Fantastic, I'm so happy with this 107",Positive
"Terrible product, waste of money 107",Negative
"Very disappointed, not worth it 107",Negative
"Bad experience, would not recommend 107",Negative
"Poor quality, very unhappy 107",Negative
"Worst purchase ever, regret buying 107",Negative
I love this product! It's amazing! 108,Positive
"Great experience, highly recommended 108",Positive
"Wonderful service, very satisfied 108",Positive
"Excellent quality, best purchase ever 108",Positive
"Fantastic, I'm so happy with this 108",Positive
"Terrible product, waste of money 108",Negative
"Very disappointed, not worth it 108",Negative
"Bad experience, would not recommend 108",Negative
"Poor quality, very unhappy 108",Negative
"Worst purchase ever, regret buying 108",Negative
I love this product! It's amazing! 109,Positive
"Great experience, highly recommended 109",Positive
"Wonderful service, very satisfied 109",Positive
"Excellent quality, best purchase ever 109",Positive
"Fantastic, I'm so happy with this 109",Positive
"Terrible product, waste of money 109",Negative
"Very disappointed, not worth it 109",Negative
"Bad experience, would not recommend 109",Negative
"Poor quality, very unhappy 109",Negative
"Worst purchase ever, regret buying 109",Negative
I love this product! It's amazing! 110,Positive
"Great experience, highly recommended 110",Positive
"Wonderful service, very satisfied 110",Positive
"Excellent quality, best purchase ever 110",Positive
"Fantastic, I'm so happy with this 110",Positive
"Terrible product, waste of money 110",Negative
"Very disappointed, not worth it 110",Negative
"Bad experience, would not recommend 110",Negative
"Poor quality, very unhappy 110",Negative
"Worst purchase ever, regret buying 110",Negative
I love this product! It's amazing! 111,Positive
"Great experience, highly recommended 111",Positive
"Wonderful service, very satisfied 111",Positive
"Excellent quality, best purchase ever 111",Positive
"Fantastic, I'm so happy with this 111",Positive
"Terrible product, waste of money 111",Negative
"Very disappointed, not worth it 111",Negative
"Bad experience, would not recommend 111",Negative
"Poor quality, very unhappy 111",Negative
"Worst purchase ever, regret buying 111",Negative
I love this product! It's amazing! 112,Positive
"Great experience, highly recommended 112",Positive
"Wonderful service, very satisfied 112",Positive
"Excellent quality, best purchase ever 112",Positive
"Fantastic, I'm so happy with this 112",Positive
"Terrible product, waste of money 112",Negative
"Very disappointed, not worth it 112",Negative
"Bad experience, would not recommend 112",Negative
"Poor quality, very unhappy 112",Negative
"Worst purchase ever, regret buying 112",Negative
I love this product! It's amazing! 113,Positive
"Great experience, highly recommended 113",Positive
"Wonderful service, very satisfied 113",Positive
"Excellent quality, best purchase ever 113",Positive
"Fantastic, I'm so happy with this 113",Positive
"Terrible product, waste of money 113",Negative
"Very disappointed, not worth it 113",Negative
"Bad experience, would not recommend 113",Negative
"Poor quality, very unhappy 113",Negative
"Worst purchase ever, regret buying 113",Negative
I love this product! It's amazing! 114,Positive
"Great experience, highly recommended 114",Positive
"Wonderful service, very satisfied 114",Positive
"Excellent quality, best purchase ever 114",Positive
"Fantastic, I'm so happy with this 114",Positive
"Terrible product, waste of money 114",Negative
"Very disappointed, not worth it 114",Negative
"Bad experience, would not recommend 114",Negative
"Poor quality, very unhappy 114",Negative
"Worst purchase ever, regret buying 114",Negative
I love this product! It's amazing! 115,Positive
"Great experience, highly recommended 115",Positive
"Wonderful service, very satisfied 115",Positive
"Excellent quality, best purchase ever 115",Positive
"Fantastic, I'm so happy with this 115",Positive
"Terrible product, waste of money 115",Negative
"Very disappointed, not worth it 115",Negative
"Bad experience, would not recommend 115",Negative
"Poor quality, very unhappy 115",Negative
"Worst purchase ever, regret buying 115",Negative
I love this product! It's amazing! 116,Positive
"Great experience, highly recommended 116",Positive
"Wonderful service, very satisfied 116",Positive
"Excellent quality, best purchase ever 116",Positive
"Fantastic, I'm so happy with this 116",Positive
"Terrible product, waste of money 116",Negative
"Very disappointed, not worth it 116",Negative
"Bad experience, would not recommend 116",Negative
"Poor quality, very unhappy 116",Negative
"Worst purchase ever, regret buying 116",Negative
I love this product! It's amazing! 117,Positive
"Great experience, highly recommended 117",Positive
"Wonderful service, very satisfied 117",Positive
"Excellent quality, best purchase ever 117",Positive
"Fantastic, I'm so happy with this 117",Positive
"Terrible product, waste of money 117",Negative
"Very disappointed, not worth it 117",Negative
"Bad experience, would not recommend 117",Negative
"Poor quality, very unhappy 117",Negative
"Worst purchase ever, regret buying 117",Negative
I love this product! It's amazing! 118,Positive
"Great experience, highly recommended 118",Positive
"Wonderful service, very satisfied 118",Positive
"Excellent quality, best purchase ever 118",Positive
"Fantastic, I'm so happy with this 118",Positive
"Terrible product, waste of money 118",Negative
"Very disappointed, not worth it 118",Negative
"Bad experience, would not recommend 118",Negative
"Poor quality, very unhappy 118",Negative
"Worst purchase ever, regret buying 118",Negative
I love this product! It's amazing! 119,Positive
"Great experience, highly recommended 119",Positive
"Wonderful service, very satisfied 119",Positive
"Excellent quality, best purchase ever 119",Positive
"Fantastic, I'm so happy with this 119",Positive
"Terrible product, waste of money 119",Negative
"Very disappointed, not worth it 119",Negative
"Bad experience, would not recommend 119",Negative
"Poor quality, very unhappy 119",Negative
"Worst purchase ever, regret buying 119",Negative
I love this product! It's amazing! 120,Positive
"Great experience, highly recommended 120",Positive
"Wonderful service, very satisfied 120",Positive
"Excellent quality, best purchase ever 120",Positive
"Fantastic, I'm so happy with this 120",Positive
"Terrible product, waste of money 120",Negative
"Very disappointed, not worth it 120",Negative
"Bad experience, would not recommend 120",Negative
"Poor quality, very unhappy 120",Negative
"Worst purchase ever, regret buying 120",Negative
I love this product! It's amazing! 121,Positive
"Great experience, highly recommended 121",Positive
"Wonderful service, very satisfied 121",Positive
"Excellent quality, best purchase ever 121",Positive
"Fantastic, I'm so happy with this 121",Positive
"Terrible product, waste of money 121",Negative
"Very disappointed, not worth it 121",Negative
"Bad experience, would not recommend 121",Negative
"Poor quality, very unhappy 121",Negative
"Worst purchase ever, regret buying 121",Negative
I love this product! It's amazing! 122,Positive
"Great experience, highly recommended 122",Positive
"Wonderful service, very satisfied 122",Positive
"Excellent quality, best purchase ever 122",Positive
"Fantastic, I'm so happy with this 122",Positive
"Terrible product, waste of money 122",Negative
"Very disappointed, not worth it 122",Negative
"Bad experience, would not recommend 122",Negative
"Poor quality, very unhappy 122",Negative
"Worst purchase ever, regret buying 122",Negative
I love this product! It's amazing! 123,Positive
"Great experience, highly recommended 123",Positive
"Wonderful service, very satisfied 123",Positive
"Excellent quality, best purchase ever 123",Positive
"Fantastic, I'm so happy with this 123",Positive
"Terrible product, waste of money 123",Negative
"Very disappointed, not worth it 123",Negative
"Bad experience, would not recommend 123",Negative
"Poor quality, very unhappy 123",Negative
"Worst purchase ever, regret buying 123",Negative
I love this product! It's amazing! 124,Positive
"Great experience, highly recommended 124",Positive
"Wonderful service, very satisfied 124",Positive
"Excellent quality, best purchase ever 124",Positive
"Fantastic, I'm so happy with this 124",Positive
"Terrible product, waste of money 124",Negative
"Very disappointed, not worth it 124",Negative
"Bad experience, would not recommend 124",Negative
"Poor quality, very unhappy 124",Negative
"Worst purchase ever, regret buying 124",Negative
I love this product! It's amazing! 125,Positive
"Great experience, highly recommended 125",Positive
"Wonderful service, very satisfied 125",Positive
"Excellent quality, best purchase ever 125",Positive
"Fantastic, I'm so happy with this 125",Positive
"Terrible product, waste of money 125",Negative
"Very disappointed, not worth it 125",Negative
"Bad experience, would not recommend 125",Negative
"Poor quality, very unhappy 125",Negative
"Worst purchase ever, regret buying 125",Negative
I love this product! It's amazing! 126,Positive
"Great experience, highly recommended 126",Positive
"Wonderful service, very satisfied 126",Positive
"Excellent quality, best purchase ever 126",Positive
"Fantastic, I'm so happy with this 126",Positive
"Terrible product, waste of money 126",Negative
"Very disappointed, not worth it 126",Negative
"Bad experience, would not recommend 126",Negative
"Poor quality, very unhappy 126",Negative
"Worst purchase ever, regret buying 126",Negative
I love this product! It's amazing! 127,Positive
"Great experience, highly recommended 127",Positive
"Wonderful service, very satisfied 127",Positive
"Excellent quality, best purchase ever 127",Positive
"Fantastic, I'm so happy with this 127",Positive
"Terrible product, waste of money 127",Negative
"Very disappointed, not worth it 127",Negative
"Bad experience, would not recommend 127",Negative
"Poor quality, very unhappy 127",Negative
"Worst purchase ever, regret buying 127",Negative
I love this product! It's amazing! 128,Positive
"Great experience, highly recommended 128",Positive
"Wonderful service, very satisfied 128",Positive
"Excellent quality, best purchase ever 128",Positive
"Fantastic, I'm so happy with this 128",Positive
"Terrible product, waste of money 128",Negative
"Very disappointed, not worth it 128",Negative
"Bad experience, would not recommend 128",Negative
"Poor quality, very unhappy 128",Negative
"Worst purchase ever, regret buying 128",Negative
I love this product! It's amazing! 129,Positive
"Great experience, highly recommended 129",Positive
"Wonderful service, very satisfied 129",Positive
"Excellent quality, best purchase ever 129",Positive
"Fantastic, I'm so happy with this 129",Positive
"Terrible product, waste of money 129",Negative
"Very disappointed, not worth it 129",Negative
"Bad experience, would not recommend 129",Negative
"Poor quality, very unhappy 129",Negative
"Worst purchase ever, regret buying 129",Negative
I love this product! It's amazing! 130,Positive
"Great experience, highly recommended 130",Positive
"Wonderful service, very satisfied 130",Positive
"Excellent quality, best purchase ever 130",Positive
"Fantastic, I'm so happy with this 130",Positive
"Terrible product, waste of money 130",Negative
"Very disappointed, not worth it 130",Negative
"Bad experience, would not recommend 130",Negative
"Poor quality, very unhappy 130",Negative
"Worst purchase ever, regret buying 130",Negative
I love this product! It's amazing! 131,Positive
"Great experience, highly recommended 131",Positive
"Wonderful service, very satisfied 131",Positive
"Excellent quality, best purchase ever 131",Positive
"Fantastic, I'm so happy with this 131",Positive
"Terrible product, waste of money 131",Negative
"Very disappointed, not worth it 131",Negative
"Bad experience, would not recommend 131",Negative
"Poor quality, very unhappy 131",Negative
"Worst purchase ever, regret buying 131",Negative
I love this product! It's amazing! 132,Positive
"Great experience, highly recommended 132",Positive
"Wonderful service, very satisfied 132",Positive
"Excellent quality, best purchase ever 132",Positive
"Fantastic, I'm so happy with this 132",Positive
"Terrible product, waste of money 132",Negative
"Very disappointed, not worth it 132",Negative
"Bad experience, would not recommend 132",Negative
"Poor quality, very unhappy 132",Negative
"Worst purchase ever, regret buying 132",Negative
I love this product! It's amazing! 133,Positive
"Great experience, highly recommended 133",Positive
"Wonderful service, very satisfied 133",Positive
"Excellent quality, best purchase ever 133",Positive
"Fantastic, I'm so happy with this 133",Positive
"Terrible product, waste of money 133",Negative
"Very disappointed, not worth it 133",Negative
"Bad experience, would not recommend 133",Negative
"Poor quality, very unhappy 133",Negative
"Worst purchase ever, regret buying 133",Negative
I love this product! It's amazing! 134,Positive
"Great experience, highly recommended 134",Positive
"Wonderful service, very satisfied 134",Positive
"Excellent quality, best purchase ever 134",Positive
"Fantastic, I'm so happy with this 134",Positive
"Terrible product, waste of money 134",Negative
"Very disappointed, not worth it 134",Negative
"Bad experience, would not recommend 134",Negative
"Poor quality, very unhappy 134",Negative
"Worst purchase ever, regret buying 134",Negative
I love this product! It's amazing! 135,Positive
"Great experience, highly recommended 135",Positive
"Wonderful service, very satisfied 135",Positive
"Excellent quality, best purchase ever 135",Positive
"Fantastic, I'm so happy with this 135",Positive
"Terrible product, waste of money 135",Negative
"Very disappointed, not worth it 135",Negative
"Bad experience, would not recommend 135",Negative
"Poor quality, very unhappy 135",Negative
"Worst purchase ever, regret buying 135",Negative
I love this product! It's amazing! 136,Positive
"Great experience, highly recommended 136",Positive
"Wonderful service, very satisfied 136",Positive
"Excellent quality, best purchase ever 136",Positive
"Fantastic, I'm so happy with this 136",Positive
"Terrible product, waste of money 136",Negative
"Very disappointed, not worth it 136",Negative
"Bad experience, would not recommend 136",Negative
"Poor quality, very unhappy 136",Negative
"Worst purchase ever, regret buying 136",Negative
I love this product! It's amazing! 137,Positive
"Great experience, highly recommended 137",Positive
"Wonderful service, very satisfied 137",Positive
"Excellent quality, best purchase ever 137",Positive
"Fantastic, I'm so happy with this 137",Positive
"Terrible product, waste of money 137",Negative
"Very disappointed, not worth it 137",Negative
"Bad experience, would not recommend 137",Negative
"Poor quality, very unhappy 137",Negative
"Worst purchase ever, regret buying 137",Negative
I love this product! It's amazing! 138,Positive
"Great experience, highly recommended 138",Positive
"Wonderful service, very satisfied 138",Positive
"Excellent quality, best purchase ever 138",Positive
"Fantastic, I'm so happy with this 138",Positive
"Terrible product, waste of money 138",Negative
"Very disappointed, not worth it 138",Negative
"Bad experience, would not recommend 138",Negative
"Poor quality, very unhappy 138",Negative
"Worst purchase ever, regret buying 138",Negative
I love this product! It's amazing! 139,Positive
"Great experience, highly recommended 139",Positive
"Wonderful service, very satisfied 139",Positive
"Excellent quality, best purchase ever 139",Positive
"Fantastic, I'm so happy with this 139",Positive
"Terrible product, waste of money 139",Negative
"Very disappointed, not worth it 139",Negative
"Bad experience, would not recommend 139",Negative
"Poor quality, very unhappy 139",Negative
"Worst purchase ever, regret buying 139",Negative
I love this product! It's amazing! 140,Positive
"Great experience, highly recommended 140",Positive
"Wonderful service, very satisfied 140",Positive
"Excellent quality, best purchase ever 140",Positive
"Fantastic, I'm so happy with this 140",Positive
"Terrible product, waste of money 140",Negative
"Very disappointed, not worth it 140",Negative
"Bad experience, would not recommend 140",Negative
"Poor quality, very unhappy 140",Negative
"Worst purchase ever, regret buying 140",Negative
I love this product! It's amazing! 141,Positive
"Great experience, highly recommended 141",Positive
"Wonderful service, very satisfied 141",Positive
"Excellent quality, best purchase ever 141",Positive
"Fantastic, I'm so happy with this 141",Positive
"Terrible product, waste of money 141",Negative
"Very disappointed, not worth it 141",Negative
"Bad experience, would not recommend 141",Negative
"Poor quality, very unhappy 141",Negative
"Worst purchase ever, regret buying 141",Negative
I love this product! It's amazing! 142,Positive
"Great experience, highly recommended 142",Positive
"Wonderful service, very satisfied 142",Positive
"Excellent quality, best purchase ever 142",Positive
"Fantastic, I'm so happy with this 142",Positive
"Terrible product, waste of money 142",Negative
"Very disappointed, not worth it 142",Negative
"Bad experience, would not recommend 142",Negative
"Poor quality, very unhappy 142",Negative
"Worst purchase ever, regret buying 142",Negative
I love this product! It's amazing! 143,Positive
"Great experience, highly recommended 143",Positive
"Wonderful service, very satisfied 143",Positive
"Excellent quality, best purchase ever 143",Positive
"Fantastic, I'm so happy with this 143",Positive
"Terrible product, waste of money 143",Negative
"Very disappointed, not worth it 143",Negative
"Bad experience, would not recommend 143",Negative
"Poor quality, very unhappy 143",Negative
"Worst purchase ever, regret buying 143",Negative
I love this product! It's amazing! 144,Positive
"Great experience, highly recommended 144",Positive
"Wonderful service, very satisfied 144",Positive
"Excellent quality, best purchase ever 144",Positive
"Fantastic, I'm so happy with this 144",Positive
"Terrible product, waste of money 144",Negative
"Very disappointed, not worth it 144",Negative
"Bad experience, would not recommend 144",Negative
"Poor quality, very unhappy 144",Negative
"Worst purchase ever, regret buying 144",Negative
I love this product! It's amazing! 145,Positive
"Great experience, highly recommended 145",Positive
"Wonderful service, very satisfied 145",Positive
"Excellent quality, best purchase ever 145",Positive
"Fantastic, I'm so happy with this 145",Positive
"Terrible product, waste of money 145",Negative
"Very disappointed, not worth it 145",Negative
"Bad experience, would not recommend 145",Negative
"Poor quality, very unhappy 145",Negative
"Worst purchase ever, regret buying 145",Negative
I love this product! It's amazing! 146,Positive
"Great experience, highly recommended 146",Positive
"Wonderful service, very satisfied 146",Positive
"Excellent quality, best purchase ever 146",Positive
"Fantastic, I'm so happy with this 146",Positive
"Terrible product, waste of money 146",Negative
"Very disappointed, not worth it 146",Negative
"Bad experience, would not recommend 146",Negative
"Poor quality, very unhappy 146",Negative
"Worst purchase ever, regret buying 146",Negative
I love this product! It's amazing! 147,Positive
"Great experience, highly recommended 147",Positive
"Wonderful service, very satisfied 147",Positive
"Excellent quality, best purchase ever 147",Positive
"Fantastic, I'm so happy with this 147",Positive
"Terrible product, waste of money 147",Negative
"Very disappointed, not worth it 147",Negative
"Bad experience, would not recommend 147",Negative
"Poor quality, very unhappy 147",Negative
"Worst purchase ever, regret buying 147",Negative
I love this product! It's amazing! 148,Positive
"Great experience, highly recommended 148",Positive
"Wonderful service, very satisfied 148",Positive
"Excellent quality, best purchase ever 148",Positive
"Fantastic, I'm so happy with this 148",Positive
"Terrible product, waste of money 148",Negative
"Very disappointed, not worth it 148",Negative
"Bad experience, would not recommend 148",Negative
"Poor quality, very unhappy 148",Negative
"Worst purchase ever, regret buying 148",Negative
I love this product! It's amazing! 149,Positive
"Great experience, highly recommended 149",Positive
"Wonderful service, very satisfied 149",Positive
"Excellent quality, best purchase ever 149",Positive
"Fantastic, I'm so happy with this 149",Positive
"Terrible product, waste of money 149",Negative
"Very disappointed, not worth it 149",Negative
"Bad experience, would not recommend 149",Negative
"Poor quality, very unhappy 149",Negative
"Worst purchase ever, regret buying 149",Negative
I love this product! It's amazing! 150,Positive
"Great experience, highly recommended 150",Positive
"Wonderful service, very satisfied 150",Positive
"Excellent quality, best purchase ever 150",Positive
"Fantastic, I'm so happy with this 150",Positive
"Terrible product, waste of money 150",Negative
"Very disappointed, not worth it 150",Negative
"Bad experience, would not recommend 150",Negative
"Poor quality, very unhappy 150",Negative
"Worst purchase ever, regret buying 150",Negative
I love this product! It's amazing! 151,Positive
"Great experience, highly recommended 151",Positive
"Wonderful service, very satisfied 151",Positive
"Excellent quality, best purchase ever 151",Positive
"Fantastic, I'm so happy with this 151",Positive
"Terrible product, waste of money 151",Negative
"Very disappointed, not worth it 151",Negative
"Bad experience, would not recommend 151",Negative
"Poor quality, very unhappy 151",Negative
"Worst purchase ever, regret buying 151",Negative
I love this product! It's amazing! 152,Positive
"Great experience, highly recommended 152",Positive
"Wonderful service, very satisfied 152",Positive
"Excellent quality, best purchase ever 152",Positive
"Fantastic, I'm so happy with this 152",Positive
"Terrible product, waste of money 152",Negative
"Very disappointed, not worth it 152",Negative
"Bad experience, would not recommend 152",Negative
"Poor quality, very unhappy 152",Negative
"Worst purchase ever, regret buying 152",Negative
I love this product! It's amazing! 153,Positive
"Great experience, highly recommended 153",Positive
"Wonderful service, very satisfied 153",Positive
"Excellent quality, best purchase ever 153",Positive
"Fantastic, I'm so happy with this 153",Positive
"Terrible product, waste of money 153",Negative
"Very disappointed, not worth it 153",Negative
"Bad experience, would not recommend 153",Negative
"Poor quality, very unhappy 153",Negative
"Worst purchase ever, regret buying 153",Negative
I love this product! It's amazing! 154,Positive
"Great experience, highly recommended 154",Positive
"Wonderful service, very satisfied 154",Positive
"Excellent quality, best purchase ever 154",Positive
"Fantastic, I'm so happy with this 154",Positive
"Terrible product, waste of money 154",Negative
"Very disappointed, not worth it 154",Negative
"Bad experience, would not recommend 154",Negative
"Poor quality, very unhappy 154",Negative
"Worst purchase ever, regret buying 154",Negative
I love this product! It's amazing! 155,Positive
"Great experience, highly recommended 155",Positive
"Wonderful service, very satisfied 155",Positive
"Excellent quality, best purchase ever 155",Positive
"Fantastic, I'm so happy with this 155",Positive
"Terrible product, waste of money 155",Negative
"Very disappointed, not worth it 155",Negative
"Bad experience, would not recommend 155",Negative
"Poor quality, very unhappy 155",Negative
"Worst purchase ever, regret buying 155",Negative
I love this product! It's amazing! 156,Positive
"Great experience, highly recommended 156",Positive
"Wonderful service, very satisfied 156",Positive
"Excellent quality, best purchase ever 156",Positive
"Fantastic, I'm so happy with this 156",Positive
"Terrible product, waste of money 156",Negative
"Very disappointed, not worth it 156",Negative
"Bad experience, would not recommend 156",Negative
"Poor quality, very unhappy 156",Negative
"Worst purchase ever, regret buying 156",Negative
I love this product! It's amazing! 157,Positive
"Great experience, highly recommended 157",Positive
"Wonderful service, very satisfied 157",Positive
"Excellent quality, best purchase ever 157",Positive
"Fantastic, I'm so happy with this 157",Positive
"Terrible product, waste of money 157",Negative
"Very disappointed, not worth it 157",Negative
"Bad experience, would not recommend 157",Negative
"Poor quality, very unhappy 157",Negative
"Worst purchase ever, regret buying 157",Negative
I love this product! It's amazing! 158,Positive
"Great experience, highly recommended 158",Positive
"Wonderful service, very satisfied 158",Positive
"Excellent quality, best purchase ever 158",Positive
"Fantastic, I'm so happy with this 158",Positive
"Terrible product, waste of money 158",Negative
"Very disappointed, not worth it 158",Negative
"Bad experience, would not recommend 158",Negative
"Poor quality, very unhappy 158",Negative
"Worst purchase ever, regret buying 158",Negative
I love this product! It's amazing! 159,Positive
"Great experience, highly recommended 159",Positive
"Wonderful service, very satisfied 159",Positive
"Excellent quality, best purchase ever 159",Positive
"Fantastic, I'm so happy with this 159",Positive
"Terrible product, waste of money 159",Negative
"Very disappointed, not worth it 159",Negative
"Bad experience, would not recommend 159",Negative
"Poor quality, very unhappy 159",Negative
"Worst purchase ever, regret buying 159",Negative
I love this product! It's amazing! 160,Positive
"Great experience, highly recommended 160",Positive
"Wonderful service, very satisfied 160",Positive
"Excellent quality, best purchase ever 160",Positive
"Fantastic, I'm so happy with this 160",Positive
"Terrible product, waste of money 160",Negative
"Very disappointed, not worth it 160",Negative
"Bad experience, would not recommend 160",Negative
"Poor quality, very unhappy 160",Negative
"Worst purchase ever, regret buying 160",Negative
I love this product! It's amazing! 161,Positive
"Great experience, highly recommended 161",Positive
"Wonderful service, very satisfied 161",Positive
"Excellent quality, best purchase ever 161",Positive
"Fantastic, I'm so happy with this 161",Positive
"Terrible product, waste of money 161",Negative
"Very disappointed, not worth it 161",Negative
"Bad experience, would not recommend 161",Negative
"Poor quality, very unhappy 161",Negative
"Worst purchase ever, regret buying 161",Negative
I love this product! It's amazing! 162,Positive
"Great experience, highly recommended 162",Positive
"Wonderful service, very satisfied 162",Positive
"Excellent quality, best purchase ever 162",Positive
"Fantastic, I'm so happy with this 162",Positive
"Terrible product, waste of money 162",Negative
"Very disappointed, not worth it 162",Negative
"Bad experience, would not recommend 162",Negative
"Poor quality, very unhappy 162",Negative
"Worst purchase ever, regret buying 162",Negative
I love this product! It's amazing! 163,Positive
"Great experience, highly recommended 163",Positive
"Wonderful service, very satisfied 163",Positive
"Excellent quality, best purchase ever 163",Positive
"Fantastic, I'm so happy with this 163",Positive
"Terrible product, waste of money 163",Negative
"Very disappointed, not worth it 163",Negative
"Bad experience, would not recommend 163",Negative
"Poor quality, very unhappy 163",Negative
"Worst purchase ever, regret buying 163",Negative
I love this product! It's amazing! 164,Positive
"Great experience, highly recommended 164",Positive
"Wonderful service, very satisfied 164",Positive
"Excellent quality, best purchase ever 164",Positive
"Fantastic, I'm so happy with this 164",Positive
"Terrible product, waste of money 164",Negative
"Very disappointed, not worth it 164",Negative
"Bad experience, would not recommend 164",Negative
"Poor quality, very unhappy 164",Negative
"Worst purchase ever, regret buying 164",Negative
I love this product! It's amazing! 165,Positive
"Great experience, highly recommended 165",Positive
"Wonderful service, very satisfied 165",Positive
"Excellent quality, best purchase ever 165",Positive
"Fantastic, I'm so happy with this 165",Positive
"Terrible product, waste of money 165",Negative
"Very disappointed, not worth it 165",Negative
"Bad experience, would not recommend 165",Negative
"Poor quality, very unhappy 165",Negative
"Worst purchase ever, regret buying 165",Negative
I love this product! It's amazing! 166,Positive
"Great experience, highly recommended 166",Positive
"Wonderful service, very satisfied 166",Positive
"Excellent quality, best purchase ever 166",Positive
"Fantastic, I'm so happy with this 166",Positive
"Terrible product, waste of money 166",Negative
"Very disappointed, not worth it 166",Negative
"Bad experience, would not recommend 166",Negative
"Poor quality, very unhappy 166",Negative
"Worst purchase ever, regret buying 166",Negative
I love this product! It's amazing! 167,Positive
"Great experience, highly recommended 167",Positive
"Wonderful service, very satisfied 167",Positive
"Excellent quality, best purchase ever 167",Positive
"Fantastic, I'm so happy with this 167",Positive
"Terrible product, waste of money 167",Negative
"Very disappointed, not worth it 167",Negative
"Bad experience, would not recommend 167",Negative
"Poor quality, very unhappy 167",Negative
"Worst purchase ever, regret buying 167",Negative
I love this product! It's amazing! 168,Positive
"Great experience, highly recommended 168",Positive
"Wonderful service, very satisfied 168",Positive
"Excellent quality, best purchase ever 168",Positive
"Fantastic, I'm so happy with this 168",Positive
"Terrible product, waste of money 168",Negative
"Very disappointed, not worth it 168",Negative
"Bad experience, would not recommend 168",Negative
"Poor quality, very unhappy 168",Negative
"Worst purchase ever, regret buying 168",Negative
I love this product! It's amazing! 169,Positive
"Great experience, highly recommended 169",Positive
"Wonderful service, very satisfied 169",Positive
"Excellent quality, best purchase ever 169",Positive
"Fantastic, I'm so happy with this 169",Positive
"Terrible product, waste of money 169",Negative
"Very disappointed, not worth it 169",Negative
"Bad experience, would not recommend 169",Negative
"Poor quality, very unhappy 169",Negative
"Worst purchase ever, regret buying 169",Negative
I love this product! It's amazing! 170,Positive
"Great experience, highly recommended 170",Positive
"Wonderful service, very satisfied 170",Positive
"Excellent quality, best purchase ever 170",Positive
"Fantastic, I'm so happy with this 170",Positive
"Terrible product, waste of money 170",Negative
"Very disappointed, not worth it 170",Negative
"Bad experience, would not recommend 170",Negative
"Poor quality, very unhappy 170",Negative
"Worst purchase ever, regret buying 170",Negative
I love this product! It's amazing! 171,Positive
"Great experience, highly recommended 171",Positive
"Wonderful service, very satisfied 171",Positive
"Excellent quality, best purchase ever 171",Positive
"Fantastic, I'm so happy with this 171",Positive
"Terrible product, waste of money 171",Negative
"Very disappointed, not worth it 171",Negative
"Bad experience, would not recommend 171",Negative
"Poor quality, very unhappy 171",Negative
"Worst purchase ever, regret buying 171",Negative
I love this product! It's amazing! 172,Positive
"Great experience, highly recommended 172",Positive
"Wonderful service, very satisfied 172",Positive
"Excellent quality, best purchase ever 172",Positive
"Fantastic, I'm so happy with this 172",Positive
"Terrible product, waste of money 172",Negative
"Very disappointed, not worth it 172",Negative
"Bad experience, would not recommend 172",Negative
"Poor quality, very unhappy 172",Negative
"Worst purchase ever, regret buying 172",Negative
I love this product! It's amazing! 173,Positive
"Great experience, highly recommended 173",Positive
"Wonderful service, very satisfied 173",Positive
"Excellent quality, best purchase ever 173",Positive
"Fantastic, I'm so happy with this 173",Positive
"Terrible product, waste of money 173",Negative
"Very disappointed, not worth it 173",Negative
"Bad experience, would not recommend 173",Negative
"Poor quality, very unhappy 173",Negative
"Worst purchase ever, regret buying 173",Negative
I love this product! It's amazing! 174,Positive
"Great experience, highly recommended 174",Positive
"Wonderful service, very satisfied 174",Positive
"Excellent quality, best purchase ever 174",Positive
"Fantastic, I'm so happy with this 174",Positive
"Terrible product, waste of money 174",Negative
"Very disappointed, not worth it 174",Negative
"Bad experience, would not recommend 174",Negative
"Poor quality, very unhappy 174",Negative
"Worst purchase ever, regret buying 174",Negative
I love this product! It's amazing! 175,Positive
"Great experience, highly recommended 175",Positive
"Wonderful service, very satisfied 175",Positive
"Excellent quality, best purchase ever 175",Positive
"Fantastic, I'm so happy with this 175",Positive
"Terrible product, waste of money 175",Negative
"Very disappointed, not worth it 175",Negative
"Bad experience, would not recommend 175",Negative
"Poor quality, very unhappy 175",Negative
"Worst purchase ever, regret buying 175",Negative
I love this product! It's amazing! 176,Positive
"Great experience, highly recommended 176",Positive
"Wonderful service, very satisfied 176",Positive
"Excellent quality, best purchase ever 176",Positive
"Fantastic, I'm so happy with this 176",Positive
"Terrible product, waste of money 176",Negative
"Very disappointed, not worth it 176",Negative
"Bad experience, would not recommend 176",Negative
"Poor quality, very unhappy 176",Negative
"Worst purchase ever, regret buying 176",Negative
I love this product! It's amazing! 177,Positive
"Great experience, highly recommended 177",Positive
"Wonderful service, very satisfied 177",Positive
"Excellent quality, best purchase ever 177",Positive
"Fantastic, I'm so happy with this 177",Positive
"Terrible product, waste of money 177",Negative
"Very disappointed, not worth it 177",Negative
"Bad experience, would not recommend 177",Negative
"Poor quality, very unhappy 177",Negative
"Worst purchase ever, regret buying 177",Negative
I love this product! It's amazing! 178,Positive
"Great experience, highly recommended 178",Positive
"Wonderful service, very satisfied 178",Positive
"Excellent quality, best purchase ever 178",Positive
"Fantastic, I'm so happy with this 178",Positive
"Terrible product, waste of money 178",Negative
"Very disappointed, not worth it 178",Negative
"Bad experience, would not recommend 178",Negative
"Poor quality, very unhappy 178",Negative
"Worst purchase ever, regret buying 178",Negative
I love this product! It's amazing! 179,Positive
"Great experience, highly recommended 179",Positive
"Wonderful service, very satisfied 179",Positive
"Excellent quality, best purchase ever 179",Positive
"Fantastic, I'm so happy with this 179",Positive
"Terrible product, waste of money 179",Negative
"Very disappointed, not worth it 179",Negative
"Bad experience, would not recommend 179",Negative
"Poor quality, very unhappy 179",Negative
"Worst purchase ever, regret buying 179",Negative
I love this product! It's amazing! 180,Positive
"Great experience, highly recommended 180",Positive
"Wonderful service, very satisfied 180",Positive
"Excellent quality, best purchase ever 180",Positive
"Fantastic, I'm so happy with this 180",Positive
"Terrible product, waste of money 180",Negative
"Very disappointed, not worth it 180",Negative
"Bad experience, would not recommend 180",Negative
"Poor quality, very unhappy 180",Negative
"Worst purchase ever, regret buying 180",Negative
I love this product! It's amazing! 181,Positive
"Great experience, highly recommended 181",Positive
"Wonderful service, very satisfied 181",Positive
"Excellent quality, best purchase ever 181",Positive
"Fantastic, I'm so happy with this 181",Positive
"Terrible product, waste of money 181",Negative
"Very disappointed, not worth it 181",Negative
"Bad experience, would not recommend 181",Negative
"Poor quality, very unhappy 181",Negative
"Worst purchase ever, regret buying 181",Negative
I love this product! It's amazing! 182,Positive
"Great experience, highly recommended 182",Positive
"Wonderful service, very satisfied 182",Positive
"Excellent quality, best purchase ever 182",Positive
"Fantastic, I'm so happy with this 182",Positive
"Terrible product, waste of money 182",Negative
"Very disappointed, not worth it 182",Negative
"Bad experience, would not recommend 182",Negative
"Poor quality, very unhappy 182",Negative
"Worst purchase ever, regret buying 182",Negative
I love this product! It's amazing! 183,Positive
"Great experience, highly recommended 183",Positive
"Wonderful service, very satisfied 183",Positive
"Excellent quality, best purchase ever 183",Positive
"Fantastic, I'm so happy with this 183",Positive
"Terrible product, waste of money 183",Negative
"Very disappointed, not worth it 183",Negative
"Bad experience, would not recommend 183",Negative
"Poor quality, very unhappy 183",Negative
"Worst purchase ever, regret buying 183",Negative
I love this product! It's amazing! 184,Positive
"Great experience, highly recommended 184",Positive
"Wonderful service, very satisfied 184",Positive
"Excellent quality, best purchase ever 184",Positive
"Fantastic, I'm so happy with this 184",Positive
"Terrible product, waste of money 184",Negative
"Very disappointed, not worth it 184",Negative
"Bad experience, would not recommend 184",Negative
"Poor quality, very unhappy 184",Negative
"Worst purchase ever, regret buying 184",Negative
I love this product! It's amazing! 185,Positive
"Great experience, highly recommended 185",Positive
"Wonderful service, very satisfied 185",Positive
"Excellent quality, best purchase ever 185",Positive
"Fantastic, I'm so happy with this 185",Positive
"Terrible product, waste of money 185",Negative
"Very disappointed, not worth it 185",Negative
"Bad experience, would not recommend 185",Negative
"Poor quality, very unhappy 185",Negative
"Worst purchase ever, regret buying 185",Negative
I love this product! It's amazing! 186,Positive
"Great experience, highly recommended 186",Positive
"Wonderful service, very satisfied 186",Positive
"Excellent quality, best purchase ever 186",Positive
"Fantastic, I'm so happy with this 186",Positive
"Terrible product, waste of money 186",Negative
"Very disappointed, not worth it 186",Negative
"Bad experience, would not recommend 186",Negative
"Poor quality, very unhappy 186",Negative
"Worst purchase ever, regret buying 186",Negative
I love this product! It's amazing! 187,Positive
"Great experience, highly recommended 187",Positive
"Wonderful service, very satisfied 187",Positive
"Excellent quality, best purchase ever 187",Positive
"Fantastic, I'm so happy with this 187",Positive
"Terrible product, waste of money 187",Negative
"Very disappointed, not worth it 187",Negative
"Bad experience, would not recommend 187",Negative
"Poor quality, very unhappy 187",Negative
"Worst purchase ever, regret buying 187",Negative
I love this product! It's amazing! 188,Positive
"Great experience, highly recommended 188",Positive
"Wonderful service, very satisfied 188",Positive
"Excellent quality, best purchase ever 188",Positive
"Fantastic, I'm so happy with this 188",Positive
"Terrible product, waste of money 188",Negative
"Very disappointed, not worth it 188",Negative
"Bad experience, would not recommend 188",Negative
"Poor quality, very unhappy 188",Negative
"Worst purchase ever, regret buying 188",Negative
I love this product! It's amazing! 189,Positive
"Great experience, highly recommended 189",Positive
"Wonderful service, very satisfied 189",Positive
"Excellent quality, best purchase ever 189",Positive
"Fantastic, I'm so happy with this 189",Positive
"Terrible product, waste of money 189",Negative
"Very disappointed, not worth it 189",Negative
"Bad experience, would not recommend 189",Negative
"Poor quality, very unhappy 189",Negative
"Worst purchase ever, regret buying 189",Negative
I love this product! It's amazing! 190,Positive
"Great experience, highly recommended 190",Positive
"Wonderful service, very satisfied 190",Positive
"Excellent quality, best purchase ever 190",Positive
"Fantastic, I'm so happy with this 190",Positive
"Terrible product, waste of money 190",Negative
"Very disappointed, not worth it 190",Negative
"Bad experience, would not recommend 190",Negative
"Poor quality, very unhappy 190",Negative
"Worst purchase ever, regret buying 190",Negative
I love this product! It's amazing! 191,Positive
"Great experience, highly recommended 191",Positive
"Wonderful service, very satisfied 191",Positive
"Excellent quality, best purchase ever 191",Positive
"Fantastic, I'm so happy with this 191",Positive
"Terrible product, waste of money 191",Negative
"Very disappointed, not worth it 191",Negative
"Bad experience, would not recommend 191",Negative
"Poor quality, very unhappy 191",Negative
"Worst purchase ever, regret buying 191",Negative
I love this product! It's amazing! 192,Positive
"Great experience, highly recommended 192",Positive
"Wonderful service, very satisfied 192",Positive
"Excellent quality, best purchase ever 192",Positive
"Fantastic, I'm so happy with this 192",Positive
"Terrible product, waste of money 192",Negative
"Very disappointed, not worth it 192",Negative
"Bad experience, would not recommend 192",Negative
"Poor quality, very unhappy 192",Negative
"Worst purchase ever, regret buying 192",Negative
I love this product! It's amazing! 193,Positive
"Great experience, highly recommended 193",Positive
"Wonderful service, very satisfied 193",Positive
"Excellent quality, best purchase ever 193",Positive
"Fantastic, I'm so happy with this 193",Positive
"Terrible product, waste of money 193",Negative
"Very disappointed, not worth it 193",Negative
"Bad experience, would not recommend 193",Negative
"Poor quality, very unhappy 193",Negative
"Worst purchase ever, regret buying 193",Negative
I love this product! It's amazing! 194,Positive
"Great experience, highly recommended 194",Positive
"Wonderful service, very satisfied 194",Positive
"Excellent quality, best purchase ever 194",Positive
"Fantastic, I'm so happy with this 194",Positive
"Terrible product, waste of money 194",Negative
"Very disappointed, not worth it 194",Negative
"Bad experience, would not recommend 194",Negative
"Poor quality, very unhappy 194",Negative
"Worst purchase ever, regret buying 194",Negative
I love this product! It's amazing! 195,Positive
"Great experience, highly recommended 195",Positive
"Wonderful service, very satisfied 195",Positive
"Excellent quality, best purchase ever 195",Positive
"Fantastic, I'm so happy with this 195",Positive
"Terrible product, waste of money 195",Negative
"Very disappointed, not worth it 195",Negative
"Bad experience, would not recommend 195",Negative
"Poor quality, very unhappy 195",Negative
"Worst purchase ever, regret buying 195",Negative
I love this product! It's amazing! 196,Positive
"Great experience, highly recommended 196",Positive
"Wonderful service, very satisfied 196",Positive
"Excellent quality, best purchase ever 196",Positive
"Fantastic, I'm so happy with this 196",Positive
"Terrible product, waste of money 196",Negative
"Very disappointed, not worth it 196",Negative
"Bad experience, would not recommend 196",Negative
"Poor quality, very unhappy 196",Negative
"Worst purchase ever, regret buying 196",Negative
I love this product! It's amazing! 197,Positive
"Great experience, highly recommended 197",Positive
"Wonderful service, very satisfied 197",Positive
"Excellent quality, best purchase ever 197",Positive
"Fantastic, I'm so happy with this 197",Positive
"Terrible product, waste of money 197",Negative
"Very disappointed, not worth it 197",Negative
"Bad experience, would not recommend 197",Negative
"Poor quality, very unhappy 197",Negative
"Worst purchase ever, regret buying 197",Negative
I love this product! It's amazing! 198,Positive
"Great experience, highly recommended 198",Positive
"Wonderful service, very satisfied 198",Positive
"Excellent quality, best purchase ever 198",Positive
"Fantastic, I'm so happy with this 198",Positive
"Terrible product, waste of money 198",Negative
"Very disappointed, not worth it 198",Negative
"Bad experience, would not recommend 198",Negative
"Poor quality, very unhappy 198",Negative
"Worst purchase ever, regret buying 198",Negative
I love this product! It's amazing! 199,Positive
"Great experience, highly recommended 199",Positive
"Wonderful service, very satisfied 199",Positive
"Excellent quality, best purchase ever 199",Positive
"Fantastic, I'm so happy with this 199",Positive
"Terrible product, waste of money 199",Negative
"Very disappointed, not worth it 199",Negative
"Bad experience, would not recommend 199",Negative
"Poor quality, very unhappy 199",Negative
"Worst purchase ever, regret buying 199",Negative
I love this product! It's amazing! 200,Positive
"Great experience, highly recommended 200",Positive
"Wonderful service, very satisfied 200",Positive
"Excellent quality, best purchase ever 200",Positive
"Fantastic, I'm so happy with this 200",Positive
"Terrible product, waste of money 200",Negative
"Very disappointed, not worth it 200",Negative
"Bad experience, would not recommend 200",Negative
"Poor quality, very unhappy 200",Negative
"Worst purchase ever, regret buying 200",Negative
I love this product! It's amazing! 201,Positive
"Great experience, highly recommended 201",Positive
"Wonderful service, very satisfied 201",Positive
"Excellent quality, best purchase ever 201",Positive
"Fantastic, I'm so happy with this 201",Positive
"Terrible product, waste of money 201",Negative
"Very disappointed, not worth it 201",Negative
"Bad experience, would not recommend 201",Negative
"Poor quality, very unhappy 201",Negative
"Worst purchase ever, regret buying 201",Negative
I love this product! It's amazing! 202,Positive
"Great experience, highly recommended 202",Positive
"Wonderful service, very satisfied 202",Positive
"Excellent quality, best purchase ever 202",Positive
"Fantastic, I'm so happy with this 202",Positive
"Terrible product, waste of money 202",Negative
"Very disappointed, not worth it 202",Negative
"Bad experience, would not recommend 202",Negative
"Poor quality, very unhappy 202",Negative
"Worst purchase ever, regret buying 202",Negative
I love this product! It's amazing! 203,Positive
"Great experience, highly recommended 203",Positive
"Wonderful service, very satisfied 203",Positive
"Excellent quality, best purchase ever 203",Positive
"Fantastic, I'm so happy with this 203",Positive
"Terrible product, waste of money 203",Negative
"Very disappointed, not worth it 203",Negative
"Bad experience, would not recommend 203",Negative
"Poor quality, very unhappy 203",Negative
"Worst purchase ever, regret buying 203",Negative
I love this product! It's amazing! 204,Positive
"Great experience, highly recommended 204",Positive
"Wonderful service, very satisfied 204",Positive
"Excellent quality, best purchase ever 204",Positive
"Fantastic, I'm so happy with this 204",Positive
"Terrible product, waste of money 204",Negative
"Very disappointed, not worth it 204",Negative
"Bad experience, would not recommend 204",Negative
"Poor quality, very unhappy 204",Negative
"Worst purchase ever, regret buying 204",Negative
I love this product! It's amazing! 205,Positive
"Great experience, highly recommended 205",Positive
"Wonderful service, very satisfied 205",Positive
"Excellent quality, best purchase ever 205",Positive
"Fantastic, I'm so happy with this 205",Positive
"Terrible product, waste of money 205",Negative
"Very disappointed, not worth it 205",Negative
"Bad experience, would not recommend 205",Negative
"Poor quality, very unhappy 205",Negative
"Worst purchase ever, regret buying 205",Negative
I love this product! It's amazing! 206,Positive
"Great experience, highly recommended 206",Positive
"Wonderful service, very satisfied 206",Positive
"Excellent quality, best purchase ever 206",Positive
"Fantastic, I'm so happy with this 206",Positive
"Terrible product, waste of money 206",Negative
"Very disappointed, not worth it 206",Negative
"Bad experience, would not recommend 206",Negative
"Poor quality, very unhappy 206",Negative
"Worst purchase ever, regret buying 206",Negative
I love this product! It's amazing! 207,Positive
"Great experience, highly recommended 207",Positive
"Wonderful service, very satisfied 207",Positive
"Excellent quality, best purchase ever 207",Positive
"Fantastic, I'm so happy with this 207",Positive
"Terrible product, waste of money 207",Negative
"Very disappointed, not worth it 207",Negative
"Bad experience, would not recommend 207",Negative
"Poor quality, very unhappy 207",Negative
"Worst purchase ever, regret buying 207",Negative
I love this product! It's amazing! 208,Positive
"Great experience, highly recommended 208",Positive
"Wonderful service, very satisfied 208",Positive
"Excellent quality, best purchase ever 208",Positive
"Fantastic, I'm so happy with this 208",Positive
"Terrible product, waste of money 208",Negative
"Very disappointed, not worth it 208",Negative
"Bad experience, would not recommend 208",Negative
"Poor quality, very unhappy 208",Negative
"Worst purchase ever, regret buying 208",Negative
I love this product! It's amazing! 209,Positive
"Great experience, highly recommended 209",Positive
"Wonderful service, very satisfied 209",Positive
"Excellent quality, best purchase ever 209",Positive
"Fantastic, I'm so happy with this 209",Positive
"Terrible product, waste of money 209",Negative
"Very disappointed, not worth it 209",Negative
"Bad experience, would not recommend 209",Negative
"Poor quality, very unhappy 209",Negative
"Worst purchase ever, regret buying 209",Negative
I love this product! It's amazing! 210,Positive
"Great experience, highly recommended 210",Positive
"Wonderful service, very satisfied 210",Positive
"Excellent quality, best purchase ever 210",Positive
"Fantastic, I'm so happy with this 210",Positive
"Terrible product, waste of money 210",Negative
"Very disappointed, not worth it 210",Negative
"Bad experience, would not recommend 210",Negative
"Poor quality, very unhappy 210",Negative
"Worst purchase ever, regret buying 210",Negative
I love this product! It's amazing! 211,Positive
"Great experience, highly recommended 211",Positive
"Wonderful service, very satisfied 211",Positive
"Excellent quality, best purchase ever 211",Positive
"Fantastic, I'm so happy with this 211",Positive
"Terrible product, waste of money 211",Negative
"Very disappointed, not worth it 211",Negative
"Bad experience, would not recommend 211",Negative
"Poor quality, very unhappy 211",Negative
"Worst purchase ever, regret buying 211",Negative
I love this product! It's amazing! 212,Positive
"Great experience, highly recommended 212",Positive
"Wonderful service, very satisfied 212",Positive
"Excellent quality, best purchase ever 212",Positive
"Fantastic, I'm so happy with this 212",Positive
"Terrible product, waste of money 212",Negative
"Very disappointed, not worth it 212",Negative
"Bad experience, would not recommend 212",Negative
"Poor quality, very unhappy 212",Negative
"Worst purchase ever, regret buying 212",Negative
I love this product! It's amazing! 213,Positive
"Great experience, highly recommended 213",Positive
"Wonderful service, very satisfied 213",Positive
"Excellent quality, best purchase ever 213",Positive
"Fantastic, I'm so happy with this 213",Positive
"Terrible product, waste of money 213",Negative
"Very disappointed, not worth it 213",Negative
"Bad experience, would not recommend 213",Negative
"Poor quality, very unhappy 213",Negative
"Worst purchase ever, regret buying 213",Negative
I love this product! It's amazing! 214,Positive
"Great experience, highly recommended 214",Positive
"Wonderful service, very satisfied 214",Positive
"Excellent quality, best purchase ever 214",Positive
"Fantastic, I'm so happy with this 214",Positive
"Terrible product, waste of money 214",Negative
"Very disappointed, not worth it 214",Negative
"Bad experience, would not recommend 214",Negative
"Poor quality, very unhappy 214",Negative
"Worst purchase ever, regret buying 214",Negative
I love this product! It's amazing! 215,Positive
"Great experience, highly recommended 215",Positive
"Wonderful service, very satisfied 215",Positive
"Excellent quality, best purchase ever 215",Positive
"Fantastic, I'm so happy with this 215",Positive
"Terrible product, waste of money 215",Negative
"Very disappointed, not worth it 215",Negative
"Bad experience, would not recommend 215",Negative
"Poor quality, very unhappy 215",Negative
"Worst purchase ever, regret buying 215",Negative
I love this product! It's amazing! 216,Positive
"Great experience, highly recommended 216",Positive
"Wonderful service, very satisfied 216",Positive
"Excellent quality, best purchase ever 216",Positive
"Fantastic, I'm so happy with this 216",Positive
"Terrible product, waste of money 216",Negative
"Very disappointed, not worth it 216",Negative
"Bad experience, would not recommend 216",Negative
"Poor quality, very unhappy 216",Negative
"Worst purchase ever, regret buying 216",Negative
I love this product! It's amazing! 217,Positive
"Great experience, highly recommended 217",Positive
"Wonderful service, very satisfied 217",Positive
"Excellent quality, best purchase ever 217",Positive
"Fantastic, I'm so happy with this 217",Positive
"Terrible product, waste of money 217",Negative
"Very disappointed, not worth it 217",Negative
"Bad experience, would not recommend 217",Negative
"Poor quality, very unhappy 217",Negative
"Worst purchase ever, regret buying 217",Negative
I love this product! It's amazing! 218,Positive
"Great experience, highly recommended 218",Positive
"Wonderful service, very satisfied 218",Positive
"Excellent quality, best purchase ever 218",Positive
"Fantastic, I'm so happy with this 218",Positive
"Terrible product, waste of money 218",Negative
"Very disappointed, not worth it 218",Negative
"Bad experience, would not recommend 218",Negative
"Poor quality, very unhappy 218",Negative
"Worst purchase ever, regret buying 218",Negative
I love this product! It's amazing! 219,Positive
"Great experience, highly recommended 219",Positive
"Wonderful service, very satisfied 219",Positive
"Excellent quality, best purchase ever 219",Positive
"Fantastic, I'm so happy with this 219",Positive
"Terrible product, waste of money 219",Negative
"Very disappointed, not worth it 219",Negative
"Bad experience, would not recommend 219",Negative
"Poor quality, very unhappy 219",Negative
"Worst purchase ever, regret buying 219",Negative
I love this product! It's amazing! 220,Positive
"Great experience, highly recommended 220",Positive
"Wonderful service, very satisfied 220",Positive
"Excellent quality, best purchase ever 220",Positive
"Fantastic, I'm so happy with this 220",Positive
"Terrible product, waste of money 220",Negative
"Very disappointed, not worth it 220",Negative
"Bad experience, would not recommend 220",Negative
"Poor quality, very unhappy 220",Negative
"Worst purchase ever, regret buying 220",Negative
I love this product! It's amazing! 221,Positive
"Great experience, highly recommended 221",Positive
"Wonderful service, very satisfied 221",Positive
"Excellent quality, best purchase ever 221",Positive
"Fantastic, I'm so happy with this 221",Positive
"Terrible product, waste of money 221",Negative
"Very disappointed, not worth it 221",Negative
"Bad experience, would not recommend 221",Negative
"Poor quality, very unhappy 221",Negative
"Worst purchase ever, regret buying 221",Negative
I love this product! It's amazing! 222,Positive
"Great experience, highly recommended 222",Positive
"Wonderful service, very satisfied 222",Positive
"Excellent quality, best purchase ever 222",Positive
"Fantastic, I'm so happy with this 222",Positive
"Terrible product, waste of money 222",Negative
"Very disappointed, not worth it 222",Negative
"Bad experience, would not recommend 222",Negative
"Poor quality, very unhappy 222",Negative
"Worst purchase ever, regret buying 222",Negative
I love this product! It's amazing! 223,Positive
"Great experience, highly recommended 223",Positive
"Wonderful service, very satisfied 223",Positive
"Excellent quality, best purchase ever 223",Positive
"Fantastic, I'm so happy with this 223",Positive
"Terrible product, waste of money 223",Negative
"Very disappointed, not worth it 223",Negative
"Bad experience, would not recommend 223",Negative
"Poor quality, very unhappy 223",Negative
"Worst purchase ever, regret buying 223",Negative
I love this product! It's amazing! 224,Positive
"Great experience, highly recommended 224",Positive
"Wonderful service, very satisfied 224",Positive
"Excellent quality, best purchase ever 224",Positive
"Fantastic, I'm so happy with this 224",Positive
"Terrible product, waste of money 224",Negative
"Very disappointed, not worth it 224",Negative
"Bad experience, would not recommend 224",Negative
"Poor quality, very unhappy 224",Negative
"Worst purchase ever, regret buying 224",Negative
I love this product! It's amazing! 225,Positive
"Great experience, highly recommended 225",Positive
"Wonderful service, very satisfied 225",Positive
"Excellent quality, best purchase ever 225",Positive
"Fantastic, I'm so happy with this 225",Positive
"Terrible product, waste of money 225",Negative
"Very disappointed, not worth it 225",Negative
"Bad experience, would not recommend 225",Negative
"Poor quality, very unhappy 225",Negative
"Worst purchase ever, regret buying 225",Negative
I love this product! It's amazing! 226,Positive
"Great experience, highly recommended 226",Positive
"Wonderful service, very satisfied 226",Positive
"Excellent quality, best purchase ever 226",Positive
"Fantastic, I'm so happy with this 226",Positive
"Terrible product, waste of money 226",Negative
"Very disappointed, not worth it 226",Negative
"Bad experience, would not recommend 226",Negative
"Poor quality, very unhappy 226",Negative
"Worst purchase ever, regret buying 226",Negative
I love this product! It's amazing! 227,Positive
"Great experience, highly recommended 227",Positive
"Wonderful service, very satisfied 227",Positive
"Excellent quality, best purchase ever 227",Positive
"Fantastic, I'm so happy with this 227",Positive
"Terrible product, waste of money 227",Negative
"Very disappointed, not worth it 227",Negative
"Bad experience, would not recommend 227",Negative
"Poor quality, very unhappy 227",Negative
"Worst purchase ever, regret buying 227",Negative
I love this product! It's amazing! 228,Positive
"Great experience, highly recommended 228",Positive
"Wonderful service, very satisfied 228",Positive
"Excellent quality, best purchase ever 228",Positive
"Fantastic, I'm so happy with this 228",Positive
"Terrible product, waste of money 228",Negative
"Very disappointed, not worth it 228",Negative
"Bad experience, would not recommend 228",Negative
"Poor quality, very unhappy 228",Negative
"Worst purchase ever, regret buying 228",Negative
I love this product! It's amazing! 229,Positive
"Great experience, highly recommended 229",Positive
"Wonderful service, very satisfied 229",Positive
"Excellent quality, best purchase ever 229",Positive
"Fantastic, I'm so happy with this 229",Positive
"Terrible product, waste of money 229",Negative
"Very disappointed, not worth it 229",Negative
"Bad experience, would not recommend 229",Negative
"Poor quality, very unhappy 229",Negative
"Worst purchase ever, regret buying 229",Negative
I love this product! It's amazing! 230,Positive
"Great experience, highly recommended 230",Positive
"Wonderful service, very satisfied 230",Positive
"Excellent quality, best purchase ever 230",Positive
"Fantastic, I'm so happy with this 230",Positive
"Terrible product, waste of money 230",Negative
"Very disappointed, not worth it 230",Negative
"Bad experience, would not recommend 230",Negative
"Poor quality, very unhappy 230",Negative
"Worst purchase ever, regret buying 230",Negative
I love this product! It's amazing! 231,Positive
"Great experience, highly recommended 231",Positive
"Wonderful service, very satisfied 231",Positive
"Excellent quality, best purchase ever 231",Positive
"Fantastic, I'm so happy with this 231",Positive
"Terrible product, waste of money 231",Negative
"Very disappointed, not worth it 231",Negative
"Bad experience, would not recommend 231",Negative
"Poor quality, very unhappy 231",Negative
"Worst purchase ever, regret buying 231",Negative
I love this product! It's amazing! 232,Positive
"Great experience, highly recommended 232",Positive
"Wonderful service, very satisfied 232",Positive
"Excellent quality, best purchase ever 232",Positive
"Fantastic, I'm so happy with this 232",Positive
"Terrible product, waste of money 232",Negative
"Very disappointed, not worth it 232",Negative
"Bad experience, would not recommend 232",Negative
"Poor quality, very unhappy 232",Negative
"Worst purchase ever, regret buying 232",Negative
I love this product! It's amazing! 233,Positive
"Great experience, highly recommended 233",Positive
"Wonderful service, very satisfied 233",Positive
"Excellent quality, best purchase ever 233",Positive
"Fantastic, I'm so happy with this 233",Positive
"Terrible product, waste of money 233",Negative
"Very disappointed, not worth it 233",Negative
"Bad experience, would not recommend 233",Negative
"Poor quality, very unhappy 233",Negative
"Worst purchase ever, regret buying 233",Negative
I love this product! It's amazing! 234,Positive
"Great experience, highly recommended 234",Positive
"Wonderful service, very satisfied 234",Positive
"Excellent quality, best purchase ever 234",Positive
"Fantastic, I'm so happy with this 234",Positive
"Terrible product, waste of money 234",Negative
"Very disappointed, not worth it 234",Negative
"Bad experience, would not recommend 234",Negative
"Poor quality, very unhappy 234",Negative
"Worst purchase ever, regret buying 234",Negative
I love this product! It's amazing! 235,Positive
"Great experience, highly recommended 235",Positive
"Wonderful service, very satisfied 235",Positive
"Excellent quality, best purchase ever 235",Positive
"Fantastic, I'm so happy with this 235",Positive
"Terrible product, waste of money 235",Negative
"Very disappointed, not worth it 235",Negative
"Bad experience, would not recommend 235",Negative
"Poor quality, very unhappy 235",Negative
"Worst purchase ever, regret buying 235",Negative
I love this product! It's amazing! 236,Positive
"Great experience, highly recommended 236",Positive
"Wonderful service, very satisfied 236",Positive
"Excellent quality, best purchase ever 236",Positive
"Fantastic, I'm so happy with this 236",Positive
"Terrible product, waste of money 236",Negative
"Very disappointed, not worth it 236",Negative
"Bad experience, would not recommend 236",Negative
"Poor quality, very unhappy 236",Negative
"Worst purchase ever, regret buying 236",Negative
I love this product! It's amazing! 237,Positive
"Great experience, highly recommended 237",Positive
"Wonderful service, very satisfied 237",Positive
"Excellent quality, best purchase ever 237",Positive
"Fantastic, I'm so happy with this 237",Positive
"Terrible product, waste of money 237",Negative
"Very disappointed, not worth it 237",Negative
"Bad experience, would not recommend 237",Negative
"Poor quality, very unhappy 237",Negative
"Worst purchase ever, regret buying 237",Negative
I love this product! It's amazing! 238,Positive
"Great experience, highly recommended 238",Positive
"Wonderful service, very satisfied 238",Positive
"Excellent quality, best purchase ever 238",Positive
"Fantastic, I'm so happy with this 238",Positive
"Terrible product, waste of money 238",Negative
"Very disappointed, not worth it 238",Negative
"Bad experience, would not recommend 238",Negative
"Poor quality, very unhappy 238",Negative
"Worst purchase ever, regret buying 238",Negative
I love this product! It's amazing! 239,Positive
"Great experience, highly recommended 239",Positive
"Wonderful service, very satisfied 239",Positive
"Excellent quality, best purchase ever 239",Positive
"Fantastic, I'm so happy with this 239",Positive
"Terrible product, waste of money 239",Negative
"Very disappointed, not worth it 239",Negative
"Bad experience, would not recommend 239",Negative
"Poor quality, very unhappy 239",Negative
"Worst purchase ever, regret buying 239",Negative
I love this product! It's amazing! 240,Positive
"Great experience, highly recommended 240",Positive
"Wonderful service, very satisfied 240",Positive
"Excellent quality, best purchase ever 240",Positive
"Fantastic, I'm so happy with this 240",Positive
"Terrible product, waste of money 240",Negative
"Very disappointed, not worth it 240",Negative
"Bad experience, would not recommend 240",Negative
"Poor quality, very unhappy 240",Negative
"Worst purchase ever, regret buying 240",Negative
I love this product! It's amazing! 241,Positive
"Great experience, highly recommended 241",Positive
"Wonderful service, very satisfied 241",Positive
"Excellent quality, best purchase ever 241",Positive
"Fantastic, I'm so happy with this 241",Positive
"Terrible product, waste of money 241",Negative
"Very disappointed, not worth it 241",Negative
"Bad experience, would not recommend 241",Negative
"Poor quality, very unhappy 241",Negative
"Worst purchase ever, regret buying 241",Negative
I love this product! It's amazing! 242,Positive
"Great experience, highly recommended 242",Positive
"Wonderful service, very satisfied 242",Positive
"Excellent quality, best purchase ever 242",Positive
"Fantastic, I'm so happy with this 242",Positive
"Terrible product, waste of money 242",Negative
"Very disappointed, not worth it 242",Negative
"Bad experience, would not recommend 242",Negative
"Poor quality, very unhappy 242",Negative
"Worst purchase ever, regret buying 242",Negative
I love this product! It's amazing! 243,Positive
"Great experience, highly recommended 243",Positive
"Wonderful service, very satisfied 243",Positive
"Excellent quality, best purchase ever 243",Positive
"Fantastic, I'm so happy with this 243",Positive
"Terrible product, waste of money 243",Negative
"Very disappointed, not worth it 243",Negative
"Bad experience, would not recommend 243",Negative
"Poor quality, very unhappy 243",Negative
"Worst purchase ever, regret buying 243",Negative
I love this product! It's amazing! 244,Positive
"Great experience, highly recommended 244",Positive
"Wonderful service, very satisfied 244",Positive
"Excellent quality, best purchase ever 244",Positive
"Fantastic, I'm so happy with this 244",Positive
"Terrible product, waste of money 244",Negative
"Very disappointed, not worth it 244",Negative
"Bad experience, would not recommend 244",Negative
"Poor quality, very unhappy 244",Negative
"Worst purchase ever, regret buying 244",Negative
I love this product! It's amazing! 245,Positive
"Great experience, highly recommended 245",Positive
"Wonderful service, very satisfied 245",Positive
"Excellent quality, best purchase ever 245",Positive
"Fantastic, I'm so happy with this 245",Positive
"Terrible product, waste of money 245",Negative
"Very disappointed, not worth it 245",Negative
"Bad experience, would not recommend 245",Negative
"Poor quality, very unhappy 245",Negative
"Worst purchase ever, regret buying 245",Negative
I love this product! It's amazing! 246,Positive
"Great experience, highly recommended 246",Positive
"Wonderful service, very satisfied 246",Positive
"Excellent quality, best purchase ever 246",Positive
"Fantastic, I'm so happy with this 246",Positive
"Terrible product, waste of money 246",Negative
"Very disappointed, not worth it 246",Negative
"Bad experience, would not recommend 246",Negative
"Poor quality, very unhappy 246",Negative
"Worst purchase ever, regret buying 246",Negative
I love this product! It's amazing! 247,Positive
"Great experience, highly recommended 247",Positive
"Wonderful service, very satisfied 247",Positive
"Excellent quality, best purchase ever 247",Positive
"Fantastic, I'm so happy with this 247",Positive
"Terrible product, waste of money 247",Negative
"Very disappointed, not worth it 247",Negative
"Bad experience, would not recommend 247",Negative
"Poor quality, very unhappy 247",Negative
"Worst purchase ever, regret buying 247",Negative
I love this product! It's amazing! 248,Positive
"Great experience, highly recommended 248",Positive
"Wonderful service, very satisfied 248",Positive
"Excellent quality, best purchase ever 248",Positive
"Fantastic, I'm so happy with this 248",Positive
"Terrible product, waste of money 248",Negative
"Very disappointed, not worth it 248",Negative
"Bad experience, would not recommend 248",Negative
"Poor quality, very unhappy 248",Negative
"Worst purchase ever, regret buying 248",Negative
I love this product! It's amazing! 249,Positive
"Great experience, highly recommended 249",Positive
"Wonderful service, very satisfied 249",Positive
"Excellent quality, best purchase ever 249",Positive
"Fantastic, I'm so happy with this 249",Positive
"Terrible product, waste of money 249",Negative
"Very disappointed, not worth it 249",Negative
"Bad experience, would not recommend 249",Negative
"Poor quality, very unhappy 249",Negative
"Worst purchase ever, regret buying 249",Negative
I love this product! It's amazing! 250,Positive
"Great experience, highly recommended 250",Positive
"Wonderful service, very satisfied 250",Positive
"Excellent quality, best purchase ever 250",Positive
"Fantastic, I'm so happy with this 250",Positive
"Terrible product, waste of money 250",Negative
"Very disappointed, not worth it 250",Negative
"Bad experience, would not recommend 250",Negative
"Poor quality, very unhappy 250",Negative
"Worst purchase ever, regret buying 250",Negative
I love this product! It's amazing! 251,Positive
"Great experience, highly recommended 251",Positive
"Wonderful service, very satisfied 251",Positive
"Excellent quality, best purchase ever 251",Positive
"Fantastic, I'm so happy with this 251",Positive
"Terrible product, waste of money 251",Negative
"Very disappointed, not worth it 251",Negative
"Bad experience, would not recommend 251",Negative
"Poor quality, very unhappy 251",Negative
"Worst purchase ever, regret buying 251",Negative
I love this product! It's amazing! 252,Positive
"Great experience, highly recommended 252",Positive
"Wonderful service, very satisfied 252",Positive
"Excellent quality, best purchase ever 252",Positive
"Fantastic, I'm so happy with this 252",Positive
"Terrible product, waste of money 252",Negative
"Very disappointed, not worth it 252",Negative
"Bad experience, would not recommend 252",Negative
"Poor quality, very unhappy 252",Negative
"Worst purchase ever, regret buying 252",Negative
I love this product! It's amazing! 253,Positive
"Great experience, highly recommended 253",Positive
"Wonderful service, very satisfied 253",Positive
"Excellent quality, best purchase ever 253",Positive
"Fantastic, I'm so happy with this 253",Positive
"Terrible product, waste of money 253",Negative
"Very disappointed, not worth it 253",Negative
"Bad experience, would not recommend 253",Negative
"Poor quality, very unhappy 253",Negative
"Worst purchase ever, regret buying 253",Negative
I love this product! It's amazing! 254,Positive
"Great experience, highly recommended 254",Positive
"Wonderful service, very satisfied 254",Positive
"Excellent quality, best purchase ever 254",Positive
"Fantastic, I'm so happy with this 254",Positive
"Terrible product, waste of money 254",Negative
"Very disappointed, not worth it 254",Negative
"Bad experience, would not recommend 254",Negative
"Poor quality, very unhappy 254",Negative
"Worst purchase ever, regret buying 254",Negative
I love this product! It's amazing! 255,Positive
"Great experience, highly recommended 255",Positive
"Wonderful service, very satisfied 255",Positive
"Excellent quality, best purchase ever 255",Positive
"Fantastic, I'm so happy with this 255",Positive
"Terrible product, waste of money 255",Negative
"Very disappointed, not worth it 255",Negative
"Bad experience, would not recommend 255",Negative
"Poor quality, very unhappy 255",Negative
"Worst purchase ever, regret buying 255",Negative
I love this product! It's amazing! 256,Positive
"Great experience, highly recommended 256",Positive
"Wonderful service, very satisfied 256",Positive
"Excellent quality, best purchase ever 256",Positive
"Fantastic, I'm so happy with this 256",Positive
"Terrible product, waste of money 256",Negative
"Very disappointed, not worth it 256",Negative
"Bad experience, would not recommend 256",Negative
"Poor quality, very unhappy 256",Negative
"Worst purchase ever, regret buying 256",Negative
I love this product! It's amazing! 257,Positive
"Great experience, highly recommended 257",Positive
"Wonderful service, very satisfied 257",Positive
"Excellent quality, best purchase ever 257",Positive
"Fantastic, I'm so happy with this 257",Positive
"Terrible product, waste of money 257",Negative
"Very disappointed, not worth it 257",Negative
"Bad experience, would not recommend 257",Negative
"Poor quality, very unhappy 257",Negative
"Worst purchase ever, regret buying 257",Negative
I love this product! It's amazing! 258,Positive
"Great experience, highly recommended 258",Positive
"Wonderful service, very satisfied 258",Positive
"Excellent quality, best purchase ever 258",Positive
"Fantastic, I'm so happy with this 258",Positive
"Terrible product, waste of money 258",Negative
"Very disappointed, not worth it 258",Negative
"Bad experience, would not recommend 258",Negative
"Poor quality, very unhappy 258",Negative
"Worst purchase ever, regret buying 258",Negative
I love this product! It's amazing! 259,Positive
"Great experience, highly recommended 259",Positive
"Wonderful service, very satisfied 259",Positive
"Excellent quality, best purchase ever 259",Positive
"Fantastic, I'm so happy with this 259",Positive
"Terrible product, waste of money 259",Negative
"Very disappointed, not worth it 259",Negative
"Bad experience, would not recommend 259",Negative
"Poor quality, very unhappy 259",Negative
"Worst purchase ever, regret buying 259",Negative
I love this product! It's amazing! 260,Positive
"Great experience, highly recommended 260",Positive
"Wonderful service, very satisfied 260",Positive
"Excellent quality, best purchase ever 260",Positive
"Fantastic, I'm so happy with this 260",Positive
"Terrible product, waste of money 260",Negative
"Very disappointed, not worth it 260",Negative
"Bad experience, would not recommend 260",Negative
"Poor quality, very unhappy 260",Negative
"Worst purchase ever, regret buying 260",Negative
I love this product! It's amazing! 261,Positive
"Great experience, highly recommended 261",Positive
"Wonderful service, very satisfied 261",Positive
"Excellent quality, best purchase ever 261",Positive
"Fantastic, I'm so happy with this 261",Positive
"Terrible product, waste of money 261",Negative
"Very disappointed, not worth it 261",Negative
"Bad experience, would not recommend 261",Negative
"Poor quality, very unhappy 261",Negative
"Worst purchase ever, regret buying 261",Negative
I love this product! It's amazing! 262,Positive
"Great experience, highly recommended 262",Positive
"Wonderful service, very satisfied 262",Positive
"Excellent quality, best purchase ever 262",Positive
"Fantastic, I'm so happy with this 262",Positive
"Terrible product, waste of money 262",Negative
"Very disappointed, not worth it 262",Negative
"Bad experience, would not recommend 262",Negative
"Poor quality, very unhappy 262",Negative
"Worst purchase ever, regret buying 262",Negative
I love this product! It's amazing! 263,Positive
"Great experience, highly recommended 263",Positive
"Wonderful service, very satisfied 263",Positive
"Excellent quality, best purchase ever 263",Positive
"Fantastic, I'm so happy with this 263",Positive
"Terrible product, waste of money 263",Negative
"Very disappointed, not worth it 263",Negative
"Bad experience, would not recommend 263",Negative
"Poor quality, very unhappy 263",Negative
"Worst purchase ever, regret buying 263",Negative
I love this product! It's amazing! 264,Positive
"Great experience, highly recommended 264",Positive
"Wonderful service, very satisfied 264",Positive
"Excellent quality, best purchase ever 264",Positive
"Fantastic, I'm so happy with this 264",Positive
"Terrible product, waste of money 264",Negative
"Very disappointed, not worth it 264",Negative
"Bad experience, would not recommend 264",Negative
"Poor quality, very unhappy 264",Negative
"Worst purchase ever, regret buying 264",Negative
I love this product! It's amazing! 265,Positive
"Great experience, highly recommended 265",Positive
"Wonderful service, very satisfied 265",Positive
"Excellent quality, best purchase ever 265",Positive
"Fantastic, I'm so happy with this 265",Positive
"Terrible product, waste of money 265",Negative
"Very disappointed, not worth it 265",Negative
"Bad experience, would not recommend 265",Negative
"Poor quality, very unhappy 265",Negative
"Worst purchase ever, regret buying 265",Negative
I love this product! It's amazing! 266,Positive
"Great experience, highly recommended 266",Positive
"Wonderful service, very satisfied 266",Positive
"Excellent quality, best purchase ever 266",Positive
"Fantastic, I'm so happy with this 266",Positive
"Terrible product, waste of money 266",Negative
"Very disappointed, not worth it 266",Negative
"Bad experience, would not recommend 266",Negative
"Poor quality, very unhappy 266",Negative
"Worst purchase ever, regret buying 266",Negative
I love this product! It's amazing! 267,Positive
"Great experience, highly recommended 267",Positive
"Wonderful service, very satisfied 267",Positive
"Excellent quality, best purchase ever 267",Positive
"Fantastic, I'm so happy with this 267",Positive
"Terrible product, waste of money 267",Negative
"Very disappointed, not worth it 267",Negative
"Bad experience, would not recommend 267",Negative
"Poor quality, very unhappy 267",Negative
"Worst purchase ever, regret buying 267",Negative
I love this product! It's amazing! 268,Positive
"Great experience, highly recommended 268",Positive
"Wonderful service, very satisfied 268",Positive
"Excellent quality, best purchase ever 268",Positive
"Fantastic, I'm so happy with this 268",Positive
"Terrible product, waste of money 268",Negative
"Very disappointed, not worth it 268",Negative
"Bad experience, would not recommend 268",Negative
"Poor quality, very unhappy 268",Negative
"Worst purchase ever, regret buying 268",Negative
I love this product! It's amazing! 269,Positive
"Great experience, highly recommended 269",Positive
"Wonderful service, very satisfied 269",Positive
"Excellent quality, best purchase ever 269",Positive
"Fantastic, I'm so happy with this 269",Positive
"Terrible product, waste of money 269",Negative
"Very disappointed, not worth it 269",Negative
"Bad experience, would not recommend 269",Negative
"Poor quality, very unhappy 269",Negative
"Worst purchase ever, regret buying 269",Negative
I love this product! It's amazing! 270,Positive
"Great experience, highly recommended 270",Positive
"Wonderful service, very satisfied 270",Positive
"Excellent quality, best purchase ever 270",Positive
"Fantastic, I'm so happy with this 270",Positive
"Terrible product, waste of money 270",Negative
"Very disappointed, not worth it 270",Negative
"Bad experience, would not recommend 270",Negative
"Poor quality, very unhappy 270",Negative
"Worst purchase ever, regret buying 270",Negative
I love this product! It's amazing! 271,Positive
"Great experience, highly recommended 271",Positive
"Wonderful service, very satisfied 271",Positive
"Excellent quality, best purchase ever 271",Positive
"Fantastic, I'm so happy with this 271",Positive
"Terrible product, waste of money 271",Negative
"Very disappointed, not worth it 271",Negative
"Bad experience, would not recommend 271",Negative
"Poor quality, very unhappy 271",Negative
"Worst purchase ever, regret buying 271",Negative
I love this product! It's amazing! 272,Positive
"Great experience, highly recommended 272",Positive
"Wonderful service, very satisfied 272",Positive
"Excellent quality, best purchase ever 272",Positive
"Fantastic, I'm so happy with this 272",Positive
"Terrible product, waste of money 272",Negative
"Very disappointed, not worth it 272",Negative
"Bad experience, would not recommend 272",Negative
"Poor quality, very unhappy 272",Negative
"Worst purchase ever, regret buying 272",Negative
I love this product! It's amazing! 273,Positive
"Great experience, highly recommended 273",Positive
"Wonderful service, very satisfied 273",Positive
"Excellent quality, best purchase ever 273",Positive
"Fantastic, I'm so happy with this 273",Positive
"Terrible product, waste of money 273",Negative
"Very disappointed, not worth it 273",Negative
"Bad experience, would not recommend 273",Negative
"Poor quality, very unhappy 273",Negative
"Worst purchase ever, regret buying 273",Negative
I love this product! It's amazing! 274,Positive
"Great experience, highly recommended 274",Positive
"Wonderful service, very satisfied 274",Positive
"Excellent quality, best purchase ever 274",Positive
"Fantastic, I'm so happy with this 274",Positive
"Terrible product, waste of money 274",Negative
"Very disappointed, not worth it 274",Negative
"Bad experience, would not recommend 274",Negative
"Poor quality, very unhappy 274",Negative
"Worst purchase ever, regret buying 274",Negative
I love this product! It's amazing! 275,Positive
"Great experience, highly recommended 275",Positive
"Wonderful service, very satisfied 275",Positive
"Excellent quality, best purchase ever 275",Positive
"Fantastic, I'm so happy with this 275",Positive
"Terrible product, waste of money 275",Negative
"Very disappointed, not worth it 275",Negative
"Bad experience, would not recommend 275",Negative
"Poor quality, very unhappy 275",Negative
"Worst purchase ever, regret buying 275",Negative
I love this product! It's amazing! 276,Positive
"Great experience, highly recommended 276",Positive
"Wonderful service, very satisfied 276",Positive
"Excellent quality, best purchase ever 276",Positive
"Fantastic, I'm so happy with this 276",Positive
"Terrible product, waste of money 276",Negative
"Very disappointed, not worth it 276",Negative
"Bad experience, would not recommend 276",Negative
"Poor quality, very unhappy 276",Negative
"Worst purchase ever, regret buying 276",Negative
I love this product! It's amazing! 277,Positive
"Great experience, highly recommended 277",Positive
"Wonderful service, very satisfied 277",Positive
"Excellent quality, best purchase ever 277",Positive
"Fantastic, I'm so happy with this 277",Positive
"Terrible product, waste of money 277",Negative
"Very disappointed, not worth it 277",Negative
"Bad experience, would not recommend 277",Negative
"Poor quality, very unhappy 277",Negative
"Worst purchase ever, regret buying 277",Negative
I love this product! It's amazing! 278,Positive
"Great experience, highly recommended 278",Positive
"Wonderful service, very satisfied 278",Positive
"Excellent quality, best purchase ever 278",Positive
"Fantastic, I'm so happy with this 278",Positive
"Terrible product, waste of money 278",Negative
"Very disappointed, not worth it 278",Negative
"Bad experience, would not recommend 278",Negative
"Poor quality, very unhappy 278",Negative
"Worst purchase ever, regret buying 278",Negative
I love this product! It's amazing! 279,Positive
"Great experience, highly recommended 279",Positive
"Wonderful service, very satisfied 279",Positive
"Excellent quality, best purchase ever 279",Positive
"Fantastic, I'm so happy with this 279",Positive
"Terrible product, waste of money 279",Negative
"Very disappointed, not worth it 279",Negative
"Bad experience, would not recommend 279",Negative
"Poor quality, very unhappy 279",Negative
"Worst purchase ever, regret buying 279",Negative
I love this product! It's amazing! 280,Positive
"Great experience, highly recommended 280",Positive
"Wonderful service, very satisfied 280",Positive
"Excellent quality, best purchase ever 280",Positive
"Fantastic, I'm so happy with this 280",Positive
"Terrible product, waste of money 280",Negative
"Very disappointed, not worth it 280",Negative
"Bad experience, would not recommend 280",Negative
"Poor quality, very unhappy 280",Negative
"Worst purchase ever, regret buying 280",Negative
I love this product! It's amazing! 281,Positive
"Great experience, highly recommended 281",Positive
"Wonderful service, very satisfied 281",Positive
"Excellent quality, best purchase ever 281",Positive
"Fantastic, I'm so happy with this 281",Positive
"Terrible product, waste of money 281",Negative
"Very disappointed, not worth it 281",Negative
"Bad experience, would not recommend 281",Negative
"Poor quality, very unhappy 281",Negative
"Worst purchase ever, regret buying 281",Negative
I love this product! It's amazing! 282,Positive
"Great experience, highly recommended 282",Positive
"Wonderful service, very satisfied 282",Positive
"Excellent quality, best purchase ever 282",Positive
"Fantastic, I'm so happy with this 282",Positive
"Terrible product, waste of money 282",Negative
"Very disappointed, not worth it 282",Negative
"Bad experience, would not recommend 282",Negative
"Poor quality, very unhappy 282",Negative
"Worst purchase ever, regret buying 282",Negative
I love this product! It's amazing! 283,Positive
"Great experience, highly recommended 283",Positive
"Wonderful service, very satisfied 283",Positive
"Excellent quality, best purchase ever 283",Positive
"Fantastic, I'm so happy with this 283",Positive
"Terrible product, waste of money 283",Negative
"Very disappointed, not worth it 283",Negative
"Bad experience, would not recommend 283",Negative
"Poor quality, very unhappy 283",Negative
"Worst purchase ever, regret buying 283",Negative
I love this product! It's amazing! 284,Positive
"Great experience, highly recommended 284",Positive
"Wonderful service, very satisfied 284",Positive
"Excellent quality, best purchase ever 284",Positive
"Fantastic, I'm so happy with this 284",Positive
"Terrible product, waste of money 284",Negative
"Very disappointed, not worth it 284",Negative
"Bad experience, would not recommend 284",Negative
"Poor quality, very unhappy 284",Negative
"Worst purchase ever, regret buying 284",Negative
I love this product! It's amazing! 285,Positive
"Great experience, highly recommended 285",Positive
"Wonderful service, very satisfied 285",Positive
"Excellent quality, best purchase ever 285",Positive
"Fantastic, I'm so happy with this 285",Positive
"Terrible product, waste of money 285",Negative
"Very disappointed, not worth it 285",Negative
"Bad experience, would not recommend 285",Negative
"Poor quality, very unhappy 285",Negative
"Worst purchase ever, regret buying 285",Negative
I love this product! It's amazing! 286,Positive
"Great experience, highly recommended 286",Positive
"Wonderful service, very satisfied 286",Positive
"Excellent quality, best purchase ever 286",Positive
"Fantastic, I'm so happy with this 286",Positive
"Terrible product, waste of money 286",Negative
"Very disappointed, not worth it 286",Negative
"Bad experience, would not recommend 286",Negative
"Poor quality, very unhappy 286",Negative
"Worst purchase ever, regret buying 286",Negative
I love this product! It's amazing! 287,Positive
"Great experience, highly recommended 287",Positive
"Wonderful service, very satisfied 287",Positive
"Excellent quality, best purchase ever 287",Positive
"Fantastic, I'm so happy with this 287",Positive
"Terrible product, waste of money 287",Negative
"Very disappointed, not worth it 287",Negative
"Bad experience, would not recommend 287",Negative
"Poor quality, very unhappy 287",Negative
"Worst purchase ever, regret buying 287",Negative
I love this product! It's amazing! 288,Positive
"Great experience, highly recommended 288",Positive
"Wonderful service, very satisfied 288",Positive
"Excellent quality, best purchase ever 288",Positive
"Fantastic, I'm so happy with this 288",Positive
"Terrible product, waste of money 288",Negative
"Very disappointed, not worth it 288",Negative
"Bad experience, would not recommend 288",Negative
"Poor quality, very unhappy 288",Negative
"Worst purchase ever, regret buying 288",Negative
I love this product! It's amazing! 289,Positive
"Great experience, highly recommended 289",Positive
"Wonderful service, very satisfied 289",Positive
"Excellent quality, best purchase ever 289",Positive
"Fantastic, I'm so happy with this 289",Positive
"Terrible product, waste of money 289",Negative
"Very disappointed, not worth it 289",Negative
"Bad experience, would not recommend 289",Negative
"Poor quality, very unhappy 289",Negative
"Worst purchase ever, regret buying 289",Negative
I love this product! It's amazing! 290,Positive
"Great experience, highly recommended 290",Positive
"Wonderful service, very satisfied 290",Positive
"Excellent quality, best purchase ever 290",Positive
"Fantastic, I'm so happy with this 290",Positive
"Terrible product, waste of money 290",Negative
"Very disappointed, not worth it 290",Negative
"Bad experience, would not recommend 290",Negative
"Poor quality, very unhappy 290",Negative
"Worst purchase ever, regret buying 290",Negative
I love this product! It's amazing! 291,Positive
"Great experience, highly recommended 291",Positive
"Wonderful service, very satisfied 291",Positive
"Excellent quality, best purchase ever 291",Positive
"Fantastic, I'm so happy with this 291",Positive
"Terrible product, waste of money 291",Negative
"Very disappointed, not worth it 291",Negative
"Bad experience, would not recommend 291",Negative
"Poor quality, very unhappy 291",Negative
"Worst purchase ever, regret buying 291",Negative
I love this product! It's amazing! 292,Positive
"Great experience, highly recommended 292",Positive
"Wonderful service, very satisfied 292",Positive
"Excellent quality, best purchase ever 292",Positive
"Fantastic, I'm so happy with this 292",Positive
"Terrible product, waste of money 292",Negative
"Very disappointed, not worth it 292",Negative
"Bad experience, would not recommend 292",Negative
"Poor quality, very unhappy 292",Negative
"Worst purchase ever, regret buying 292",Negative
I love this product! It's amazing! 293,Positive
"Great experience, highly recommended 293",Positive
"Wonderful service, very satisfied 293",Positive
"Excellent quality, best purchase ever 293",Positive
"Fantastic, I'm so happy with this 293",Positive
"Terrible product, waste of money 293",Negative
"Very disappointed, not worth it 293",Negative
"Bad experience, would not recommend 293",Negative
"Poor quality, very unhappy 293",Negative
"Worst purchase ever, regret buying 293",Negative
I love this product! It's amazing! 294,Positive
"Great experience, highly recommended 294",Positive
"Wonderful service, very satisfied 294",Positive
"Excellent quality, best purchase ever 294",Positive
"Fantastic, I'm so happy with this 294",Positive
"Terrible product, waste of money 294",Negative
"Very disappointed, not worth it 294",Negative
"Bad experience, would not recommend 294",Negative
"Poor quality, very unhappy 294",Negative
"Worst purchase ever, regret buying 294",Negative
I love this product! It's amazing! 295,Positive
"Great experience, highly recommended 295",Positive
"Wonderful service, very satisfied 295",Positive
"Excellent quality, best purchase ever 295",Positive
"Fantastic, I'm so happy with this 295",Positive
"Terrible product, waste of money 295",Negative
"Very disappointed, not worth it 295",Negative
"Bad experience, would not recommend 295",Negative
"Poor quality, very unhappy 295",Negative
"Worst purchase ever, regret buying 295",Negative
I love this product! It's amazing! 296,Positive
"Great experience, highly recommended 296",Positive
"Wonderful service, very satisfied 296",Positive
"Excellent quality, best purchase ever 296",Positive
"Fantastic, I'm so happy with this 296",Positive
"Terrible product, waste of money 296",Negative
"Very disappointed, not worth it 296",Negative
"Bad experience, would not recommend 296",Negative
"Poor quality, very unhappy 296",Negative
"Worst purchase ever, regret buying 296",Negative
I love this product! It's amazing! 297,Positive
"Great experience, highly recommended 297",Positive
"Wonderful service, very satisfied 297",Positive
"Excellent quality, best purchase ever 297",Positive
"Fantastic, I'm so happy with this 297",Positive
"Terrible product, waste of money 297",Negative
"Very disappointed, not worth it 297",Negative
"Bad experience, would not recommend 297",Negative
"Poor quality, very unhappy 297",Negative
"Worst purchase ever, regret buying 297",Negative
I love this product! It's amazing! 298,Positive
"Great experience, highly recommended 298",Positive
"Wonderful service, very satisfied 298",Positive
"Excellent quality, best purchase ever 298",Positive
"Fantastic, I'm so happy with this 298",Positive
"Terrible product, waste of money 298",Negative
"Very disappointed, not worth it 298",Negative
"Bad experience, would not recommend 298",Negative
"Poor quality, very unhappy 298",Negative
"Worst purchase ever, regret buying 298",Negative
I love this product! It's amazing! 299,Positive
"Great experience, highly recommended 299",Positive
"Wonderful service, very satisfied 299",Positive
"Excellent quality, best purchase ever 299",Positive
"Fantastic, I'm so happy with this 299",Positive
"Terrible product, waste of money 299",Negative
"Very disappointed, not worth it 299",Negative
"Bad experience, would not recommend 299",Negative
"Poor quality, very unhappy 299",Negative
"Worst purchase ever, regret buying 299",Negative
I love this product! It's amazing! 300,Positive
"Great experience, highly recommended 300",Positive
"Wonderful service, very satisfied 300",Positive
"Excellent quality, best purchase ever 300",Positive
"Fantastic, I'm so happy with this 300",Positive
"Terrible product, waste of money 300",Negative
"Very disappointed, not worth it 300",Negative
"Bad experience, would not recommend 300",Negative
"Poor quality, very unhappy 300",Negative
"Worst purchase ever, regret buying 300",Negative
I love this product! It's amazing! 301,Positive
"Great experience, highly recommended 301",Positive
"Wonderful service, very satisfied 301",Positive
"Excellent quality, best purchase ever 301",Positive
"Fantastic, I'm so happy with this 301",Positive
"Terrible product, waste of money 301",Negative
"Very disappointed, not worth it 301",Negative
"Bad experience, would not recommend 301",Negative
"Poor quality, very unhappy 301",Negative
"Worst purchase ever, regret buying 301",Negative
I love this product! It's amazing! 302,Positive
"Great experience, highly recommended 302",Positive
"Wonderful service, very satisfied 302",Positive
"Excellent quality, best purchase ever 302",Positive
"Fantastic, I'm so happy with this 302",Positive
"Terrible product, waste of money 302",Negative
"Very disappointed, not worth it 302",Negative
"Bad experience, would not recommend 302",Negative
"Poor quality, very unhappy 302",Negative
"Worst purchase ever, regret buying 302",Negative
I love this product! It's amazing! 303,Positive
"Great experience, highly recommended 303",Positive
"Wonderful service, very satisfied 303",Positive
"Excellent quality, best purchase ever 303",Positive
"Fantastic, I'm so happy with this 303",Positive
"Terrible product, waste of money 303",Negative
"Very disappointed, not worth it 303",Negative
"Bad experience, would not recommend 303",Negative
"Poor quality, very unhappy 303",Negative
"Worst purchase ever, regret buying 303",Negative
I love this product! It's amazing! 304,Positive
"Great experience, highly recommended 304",Positive
"Wonderful service, very satisfied 304",Positive
"Excellent quality, best purchase ever 304",Positive
"Fantastic, I'm so happy with this 304",Positive
"Terrible product, waste of money 304",Negative
"Very disappointed, not worth it 304",Negative
"Bad experience, would not recommend 304",Negative
"Poor quality, very unhappy 304",Negative
"Worst purchase ever, regret buying 304",Negative
I love this product! It's amazing! 305,Positive
"Great experience, highly recommended 305",Positive
"Wonderful service, very satisfied 305",Positive
"Excellent quality, best purchase ever 305",Positive
"Fantastic, I'm so happy with this 305",Positive
"Terrible product, waste of money 305",Negative
"Very disappointed, not worth it 305",Negative
"Bad experience, would not recommend 305",Negative
"Poor quality, very unhappy 305",Negative
"Worst purchase ever, regret buying 305",Negative
I love this product! It's amazing! 306,Positive
"Great experience, highly recommended 306",Positive
"Wonderful service, very satisfied 306",Positive
"Excellent quality, best purchase ever 306",Positive
"Fantastic, I'm so happy with this 306",Positive
"Terrible product, waste of money 306",Negative
"Very disappointed, not worth it 306",Negative
"Bad experience, would not recommend 306",Negative
"Poor quality, very unhappy 306",Negative
"Worst purchase ever, regret buying 306",Negative
I love this product! It's amazing! 307,Positive
"Great experience, highly recommended 307",Positive
"Wonderful service, very satisfied 307",Positive
"Excellent quality, best purchase ever 307",Positive
"Fantastic, I'm so happy with this 307",Positive
"Terrible product, waste of money 307",Negative
"Very disappointed, not worth it 307",Negative
"Bad experience, would not recommend 307",Negative
"Poor quality, very unhappy 307",Negative
"Worst purchase ever, regret buying 307",Negative
I love this product! It's amazing! 308,Positive
"Great experience, highly recommended 308",Positive
"Wonderful service, very satisfied 308",Positive
"Excellent quality, best purchase ever 308",Positive
"Fantastic, I'm so happy with this 308",Positive
"Terrible product, waste of money 308",Negative
"Very disappointed, not worth it 308",Negative
"Bad experience, would not recommend 308",Negative
"Poor quality, very unhappy 308",Negative
"Worst purchase ever, regret buying 308",Negative
I love this product! It's amazing! 309,Positive
"Great experience, highly recommended 309",Positive
"Wonderful service, very satisfied 309",Positive
"Excellent quality, best purchase ever 309",Positive
"Fantastic, I'm so happy with this 309",Positive
"Terrible product, waste of money 309",Negative
"Very disappointed, not worth it 309",Negative
"Bad experience, would not recommend 309",Negative
"Poor quality, very unhappy 309",Negative
"Worst purchase ever, regret buying 309",Negative
I love this product! It's amazing! 310,Positive
"Great experience, highly recommended 310",Positive
"Wonderful service, very satisfied 310",Positive
"Excellent quality, best purchase ever 310",Positive
"Fantastic, I'm so happy with this 310",Positive
"Terrible product, waste of money 310",Negative
"Very disappointed, not worth it 310",Negative
"Bad experience, would not recommend 310",Negative
"Poor quality, very unhappy 310",Negative
"Worst purchase ever, regret buying 310",Negative
I love this product! It's amazing! 311,Positive
"Great experience, highly recommended 311",Positive
"Wonderful service, very satisfied 311",Positive
"Excellent quality, best purchase ever 311",Positive
"Fantastic, I'm so happy with this 311",Positive
"Terrible product, waste of money 311",Negative
"Very disappointed, not worth it 311",Negative
"Bad experience, would not recommend 311",Negative
"Poor quality, very unhappy 311",Negative
"Worst purchase ever, regret buying 311",Negative
I love this product! It's amazing! 312,Positive
"Great experience, highly recommended 312",Positive
"Wonderful service, very satisfied 312",Positive
"Excellent quality, best purchase ever 312",Positive
"Fantastic, I'm so happy with this 312",Positive
"Terrible product, waste of money 312",Negative
"Very disappointed, not worth it 312",Negative
"Bad experience, would not recommend 312",Negative
"Poor quality, very unhappy 312",Negative
"Worst purchase ever, regret buying 312",Negative
I love this product! It's amazing! 313,Positive
"Great experience, highly recommended 313",Positive
"Wonderful service, very satisfied 313",Positive
"Excellent quality, best purchase ever 313",Positive
"Fantastic, I'm so happy with this 313",Positive
"Terrible product, waste of money 313",Negative
"Very disappointed, not worth it 313",Negative
"Bad experience, would not recommend 313",Negative
"Poor quality, very unhappy 313",Negative
"Worst purchase ever, regret buying 313",Negative
I love this product! It's amazing! 314,Positive
"Great experience, highly recommended 314",Positive
"Wonderful service, very satisfied 314",Positive
"Excellent quality, best purchase ever 314",Positive
"Fantastic, I'm so happy with this 314",Positive
"Terrible product, waste of money 314",Negative
"Very disappointed, not worth it 314",Negative
"Bad experience, would not recommend 314",Negative
"Poor quality, very unhappy 314",Negative
"Worst purchase ever, regret buying 314",Negative
I love this product! It's amazing! 315,Positive
"Great experience, highly recommended 315",Positive
"Wonderful service, very satisfied 315",Positive
"Excellent quality, best purchase ever 315",Positive
"Fantastic, I'm so happy with this 315",Positive
"Terrible product, waste of money 315",Negative
"Very disappointed, not worth it 315",Negative
"Bad experience, would not recommend 315",Negative
"Poor quality, very unhappy 315",Negative
"Worst purchase ever, regret buying 315",Negative
I love this product! It's amazing! 316,Positive
"Great experience, highly recommended 316",Positive
"Wonderful service, very satisfied 316",Positive
"Excellent quality, best purchase ever 316",Positive
"Fantastic, I'm so happy with this 316",Positive
"Terrible product, waste of money 316",Negative
"Very disappointed, not worth it 316",Negative
"Bad experience, would not recommend 316",Negative
"Poor quality, very unhappy 316",Negative
"Worst purchase ever, regret buying 316",Negative
I love this product! It's amazing! 317,Positive
"Great experience, highly recommended 317",Positive
"Wonderful service, very satisfied 317",Positive
"Excellent quality, best purchase ever 317",Positive
"Fantastic, I'm so happy with this 317",Positive
"Terrible product, waste of money 317",Negative
"Very disappointed, not worth it 317",Negative
"Bad experience, would not recommend 317",Negative
"Poor quality, very unhappy 317",Negative
"Worst purchase ever, regret buying 317",Negative
I love this product! It's amazing! 318,Positive
"Great experience, highly recommended 318",Positive
"Wonderful service, very satisfied 318",Positive
"Excellent quality, best purchase ever 318",Positive
"Fantastic, I'm so happy with this 318",Positive
"Terrible product, waste of money 318",Negative
"Very disappointed, not worth it 318",Negative
"Bad experience, would not recommend 318",Negative
"Poor quality, very unhappy 318",Negative
"Worst purchase ever, regret buying 318",Negative
I love this product! It's amazing! 319,Positive
"Great experience, highly recommended 319",Positive
"Wonderful service, very satisfied 319",Positive
"Excellent quality, best purchase ever 319",Positive
"Fantastic, I'm so happy with this 319",Positive
"Terrible product, waste of money 319",Negative
"Very disappointed, not worth it 319",Negative
"Bad experience, would not recommend 319",Negative
"Poor quality, very unhappy 319",Negative
"Worst purchase ever, regret buying 319",Negative
I love this product! It's amazing! 320,Positive
"Great experience, highly recommended 320",Positive
"Wonderful service, very satisfied 320",Positive
"Excellent quality, best purchase ever 320",Positive
"Fantastic, I'm so happy with this 320",Positive
"Terrible product, waste of money 320",Negative
"Very disappointed, not worth it 320",Negative
"Bad experience, would not recommend 320",Negative
"Poor quality, very unhappy 320",Negative
"Worst purchase ever, regret buying 320",Negative
I love this product! It's amazing! 321,Positive
"Great experience, highly recommended 321",Positive
"Wonderful service, very satisfied 321",Positive
"Excellent quality, best purchase ever 321",Positive
"Fantastic, I'm so happy with this 321",Positive
"Terrible product, waste of money 321",Negative
"Very disappointed, not worth it 321",Negative
"Bad experience, would not recommend 321",Negative
"Poor quality, very unhappy 321",Negative
"Worst purchase ever, regret buying 321",Negative
I love this product! It's amazing! 322,Positive
"Great experience, highly recommended 322",Positive
"Wonderful service, very satisfied 322",Positive
"Excellent quality, best purchase ever 322",Positive
"Fantastic, I'm so happy with this 322",Positive
"Terrible product, waste of money 322",Negative
"Very disappointed, not worth it 322",Negative
"Bad experience, would not recommend 322",Negative
"Poor quality, very unhappy 322",Negative
"Worst purchase ever, regret buying 322",Negative
I love this product! It's amazing! 323,Positive
"Great experience, highly recommended 323",Positive
"Wonderful service, very satisfied 323",Positive
"Excellent quality, best purchase ever 323",Positive
"Fantastic, I'm so happy with this 323",Positive
"Terrible product, waste of money 323",Negative
"Very disappointed, not worth it 323",Negative
"Bad experience, would not recommend 323",Negative
"Poor quality, very unhappy 323",Negative
"Worst purchase ever, regret buying 323",Negative
I love this product! It's amazing! 324,Positive
"Great experience, highly recommended 324",Positive
"Wonderful service, very satisfied 324",Positive
"Excellent quality, best purchase ever 324",Positive
"Fantastic, I'm so happy with this 324",Positive
"Terrible product, waste of money 324",Negative
"Very disappointed, not worth it 324",Negative
"Bad experience, would not recommend 324",Negative
"Poor quality, very unhappy 324",Negative
"Worst purchase ever, regret buying 324",Negative
I love this product! It's amazing! 325,Positive
"Great experience, highly recommended 325",Positive
"Wonderful service, very satisfied 325",Positive
"Excellent quality, best purchase ever 325",Positive
"Fantastic, I'm so happy with this 325",Positive
"Terrible product, waste of money 325",Negative
"Very disappointed, not worth it 325",Negative
"Bad experience, would not recommend 325",Negative
"Poor quality, very unhappy 325",Negative
"Worst purchase ever, regret buying 325",Negative
I love this product! It's amazing! 326,Positive
"Great experience, highly recommended 326",Positive
"Wonderful service, very satisfied 326",Positive
"Excellent quality, best purchase ever 326",Positive
"Fantastic, I'm so happy with this 326",Positive
"Terrible product, waste of money 326",Negative
"Very disappointed, not worth it 326",Negative
"Bad experience, would not recommend 326",Negative
"Poor quality, very unhappy 326",Negative
"Worst purchase ever, regret buying 326",Negative
I love this product! It's amazing! 327,Positive
"Great experience, highly recommended 327",Positive
"Wonderful service, very satisfied 327",Positive
"Excellent quality, best purchase ever 327",Positive
"Fantastic, I'm so happy with this 327",Positive
"Terrible product, waste of money 327",Negative
"Very disappointed, not worth it 327",Negative
"Bad experience, would not recommend 327",Negative
"Poor quality, very unhappy 327",Negative
"Worst purchase ever, regret buying 327",Negative
I love this product! It's amazing! 328,Positive
"Great experience, highly recommended 328",Positive
"Wonderful service, very satisfied 328",Positive
"Excellent quality, best purchase ever 328",Positive
"Fantastic, I'm so happy with this 328",Positive
"Terrible product, waste of money 328",Negative
"Very disappointed, not worth it 328",Negative
"Bad experience, would not recommend 328",Negative
"Poor quality, very unhappy 328",Negative
"Worst purchase ever, regret buying 328",Negative
I love this product! It's amazing! 329,Positive
"Great experience, highly recommended 329",Positive
"Wonderful service, very satisfied 329",Positive
"Excellent quality, best purchase ever 329",Positive
"Fantastic, I'm so happy with this 329",Positive
"Terrible product, waste of money 329",Negative
"Very disappointed, not worth it 329",Negative
"Bad experience, would not recommend 329",Negative
"Poor quality, very unhappy 329",Negative
"Worst purchase ever, regret buying 329",Negative
I love this product! It's amazing! 330,Positive
"Great experience, highly recommended 330",Positive
"Wonderful service, very satisfied 330",Positive
"Excellent quality, best purchase ever 330",Positive
"Fantastic, I'm so happy with this 330",Positive
"Terrible product, waste of money 330",Negative
"Very disappointed, not worth it 330",Negative
"Bad experience, would not recommend 330",Negative
"Poor quality, very unhappy 330",Negative
"Worst purchase ever, regret buying 330",Negative
I love this product! It's amazing! 331,Positive
"Great experience, highly recommended 331",Positive
"Wonderful service, very satisfied 331",Positive
"Excellent quality, best purchase ever 331",Positive
"Fantastic, I'm so happy with this 331",Positive
"Terrible product, waste of money 331",Negative
"Very disappointed, not worth it 331",Negative
"Bad experience, would not recommend 331",Negative
"Poor quality, very unhappy 331",Negative
"Worst purchase ever, regret buying 331",Negative
I love this product! It's amazing! 332,Positive
"Great experience, highly recommended 332",Positive
"Wonderful service, very satisfied 332",Positive
"Excellent quality, best purchase ever 332",Positive
"Fantastic, I'm so happy with this 332",Positive
"Terrible product, waste of money 332",Negative
"Very disappointed, not worth it 332",Negative
"Bad experience, would not recommend 332",Negative
"Poor quality, very unhappy 332",Negative
"Worst purchase ever, regret buying 332",Negative
I love this product! It's amazing! 333,Positive
"Great experience, highly recommended 333",Positive
"Wonderful service, very satisfied 333",Positive
"Excellent quality, best purchase ever 333",Positive
"Fantastic, I'm so happy with this 333",Positive
"Terrible product, waste of money 333",Negative
"Very disappointed, not worth it 333",Negative
"Bad experience, would not recommend 333",Negative
"Poor quality, very unhappy 333",Negative
"Worst purchase ever, regret buying 333",Negative
I love this product! It's amazing! 334,Positive
"Great experience, highly recommended 334",Positive
"Wonderful service, very satisfied 334",Positive
"Excellent quality, best purchase ever 334",Positive
"Fantastic, I'm so happy with this 334",Positive
"Terrible product, waste of money 334",Negative
"Very disappointed, not worth it 334",Negative
"Bad experience, would not recommend 334",Negative
"Poor quality, very unhappy 334",Negative
"Worst purchase ever, regret buying 334",Negative
I love this product! It's amazing! 335,Positive
"Great experience, highly recommended 335",Positive
"Wonderful service, very satisfied 335",Positive
"Excellent quality, best purchase ever 335",Positive
"Fantastic, I'm so happy with this 335",Positive
"Terrible product, waste of money 335",Negative
"Very disappointed, not worth it 335",Negative
"Bad experience, would not recommend 335",Negative
"Poor quality, very unhappy 335",Negative
"Worst purchase ever, regret buying 335",Negative
I love this product! It's amazing! 336,Positive
"Great experience, highly recommended 336",Positive
"Wonderful service, very satisfied 336",Positive
"Excellent quality, best purchase ever 336",Positive
"Fantastic, I'm so happy with this 336",Positive
"Terrible product, waste of money 336",Negative
"Very disappointed, not worth it 336",Negative
"Bad experience, would not recommend 336",Negative
"Poor quality, very unhappy 336",Negative
"Worst purchase ever, regret buying 336",Negative
I love this product! It's amazing! 337,Positive
"Great experience, highly recommended 337",Positive
"Wonderful service, very satisfied 337",Positive
"Excellent quality, best purchase ever 337",Positive
"Fantastic, I'm so happy with this 337",Positive
"Terrible product, waste of money 337",Negative
"Very disappointed, not worth it 337",Negative
"Bad experience, would not recommend 337",Negative
"Poor quality, very unhappy 337",Negative
"Worst purchase ever, regret buying 337",Negative
I love this product! It's amazing! 338,Positive
"Great experience, highly recommended 338",Positive
"Wonderful service, very satisfied 338",Positive
"Excellent quality, best purchase ever 338",Positive
"Fantastic, I'm so happy with this 338",Positive
"Terrible product, waste of money 338",Negative
"Very disappointed, not worth it 338",Negative
"Bad experience, would not recommend 338",Negative
"Poor quality, very unhappy 338",Negative
"Worst purchase ever, regret buying 338",Negative
I love this product! It's amazing! 339,Positive
"Great experience, highly recommended 339",Positive
"Wonderful service, very satisfied 339",Positive
"Excellent quality, best purchase ever 339",Positive
"Fantastic, I'm so happy with this 339",Positive
"Terrible product, waste of money 339",Negative
"Very disappointed, not worth it 339",Negative
"Bad experience, would not recommend 339",Negative
"Poor quality, very unhappy 339",Negative
"Worst purchase ever, regret buying 339",Negative
I love this product! It's amazing! 340,Positive
"Great experience, highly recommended 340",Positive
"Wonderful service, very satisfied 340",Positive
"Excellent quality, best purchase ever 340",Positive
"Fantastic, I'm so happy with this 340",Positive
"Terrible product, waste of money 340",Negative
"Very disappointed, not worth it 340",Negative
"Bad experience, would not recommend 340",Negative
"Poor quality, very unhappy 340",Negative
"Worst purchase ever, regret buying 340",Negative
I love this product! It's amazing! 341,Positive
"Great experience, highly recommended 341",Positive
"Wonderful service, very satisfied 341",Positive
"Excellent quality, best purchase ever 341",Positive
"Fantastic, I'm so happy with this 341",Positive
"Terrible product, waste of money 341",Negative
"Very disappointed, not worth it 341",Negative
"Bad experience, would not recommend 341",Negative
"Poor quality, very unhappy 341",Negative
"Worst purchase ever, regret buying 341",Negative
I love this product! It's amazing! 342,Positive
"Great experience, highly recommended 342",Positive
"Wonderful service, very satisfied 342",Positive
"Excellent quality, best purchase ever 342",Positive
"Fantastic, I'm so happy with this 342",Positive
"Terrible product, waste of money 342",Negative
"Very disappointed, not worth it 342",Negative
"Bad experience, would not recommend 342",Negative
"Poor quality, very unhappy 342",Negative
"Worst purchase ever, regret buying 342",Negative
I love this product! It's amazing! 343,Positive
"Great experience, highly recommended 343",Positive
"Wonderful service, very satisfied 343",Positive
"Excellent quality, best purchase ever 343",Positive
"Fantastic, I'm so happy with this 343",Positive
"Terrible product, waste of money 343",Negative
"Very disappointed, not worth it 343",Negative
"Bad experience, would not recommend 343",Negative
"Poor quality, very unhappy 343",Negative
"Worst purchase ever, regret buying 343",Negative
I love this product! It's amazing! 344,Positive
"Great experience, highly recommended 344",Positive
"Wonderful service, very satisfied 344",Positive
"Excellent quality, best purchase ever 344",Positive
"Fantastic, I'm so happy with this 344",Positive
"Terrible product, waste of money 344",Negative
"Very disappointed, not worth it 344",Negative
"Bad experience, would not recommend 344",Negative
"Poor quality, very unhappy 344",Negative
"Worst purchase ever, regret buying 344",Negative
I love this product! It's amazing! 345,Positive
"Great experience, highly recommended 345",Positive
"Wonderful service, very satisfied 345",Positive
"Excellent quality, best purchase ever 345",Positive
"Fantastic, I'm so happy with this 345",Positive
"Terrible product, waste of money 345",Negative
"Very disappointed, not worth it 345",Negative
"Bad experience, would not recommend 345",Negative
"Poor quality, very unhappy 345",Negative
"Worst purchase ever, regret buying 345",Negative
I love this product! It's amazing! 346,Positive
"Great experience, highly recommended 346",Positive
"Wonderful service, very satisfied 346",Positive
"Excellent quality, best purchase ever 346",Positive
"Fantastic, I'm so happy with this 346",Positive
"Terrible product, waste of money 346",Negative
"Very disappointed, not worth it 346",Negative
"Bad experience, would not recommend 346",Negative
"Poor quality, very unhappy 346",Negative
"Worst purchase ever, regret buying 346",Negative
I love this product! It's amazing! 347,Positive
"Great experience, highly recommended 347",Positive
"Wonderful service, very satisfied 347",Positive
"Excellent quality, best purchase ever 347",Positive
"Fantastic, I'm so happy with this 347",Positive
"Terrible product, waste of money 347",Negative
"Very disappointed, not worth it 347",Negative
"Bad experience, would not recommend 347",Negative
"Poor quality, very unhappy 347",Negative
"Worst purchase ever, regret buying 347",Negative
I love this product! It's amazing! 348,Positive
"Great experience, highly recommended 348",Positive
"Wonderful service, very satisfied 348",Positive
"Excellent quality, best purchase ever 348",Positive
"Fantastic, I'm so happy with this 348",Positive
"Terrible product, waste of money 348",Negative
"Very disappointed, not worth it 348",Negative
"Bad experience, would not recommend 348",Negative
"Poor quality, very unhappy 348",Negative
"Worst purchase ever, regret buying 348",Negative
I love this product! It's amazing! 349,Positive
"Great experience, highly recommended 349",Positive
"Wonderful service, very satisfied 349",Positive
"Excellent quality, best purchase ever 349",Positive
"Fantastic, I'm so happy with this 349",Positive
"Terrible product, waste of money 349",Negative
"Very disappointed, not worth it 349",Negative
"Bad experience, would not recommend 349",Negative
"Poor quality, very unhappy 349",Negative
"Worst purchase ever, regret buying 349",Negative
I love this product! It's amazing! 350,Positive
"Great experience, highly recommended 350",Positive
"Wonderful service, very satisfied 350",Positive
"Excellent quality, best purchase ever 350",Positive
"Fantastic, I'm so happy with this 350",Positive
"Terrible product, waste of money 350",Negative
"Very disappointed, not worth it 350",Negative
"Bad experience, would not recommend 350",Negative
"Poor quality, very unhappy 350",Negative
"Worst purchase ever, regret buying 350",Negative
I love this product! It's amazing! 351,Positive
"Great experience, highly recommended 351",Positive
"Wonderful service, very satisfied 351",Positive
"Excellent quality, best purchase ever 351",Positive
"Fantastic, I'm so happy with this 351",Positive
"Terrible product, waste of money 351",Negative
"Very disappointed, not worth it 351",Negative
"Bad experience, would not recommend 351",Negative
"Poor quality, very unhappy 351",Negative
"Worst purchase ever, regret buying 351",Negative
I love this product! It's amazing! 352,Positive
"Great experience, highly recommended 352",Positive
"Wonderful service, very satisfied 352",Positive
"Excellent quality, best purchase ever 352",Positive
"Fantastic, I'm so happy with this 352",Positive
"Terrible product, waste of money 352",Negative
"Very disappointed, not worth it 352",Negative
"Bad experience, would not recommend 352",Negative
"Poor quality, very unhappy 352",Negative
"Worst purchase ever, regret buying 352",Negative
I love this product! It's amazing! 353,Positive
"Great experience, highly recommended 353",Positive
"Wonderful service, very satisfied 353",Positive
"Excellent quality, best purchase ever 353",Positive
"Fantastic, I'm so happy with this 353",Positive
"Terrible product, waste of money 353",Negative
"Very disappointed, not worth it 353",Negative
"Bad experience, would not recommend 353",Negative
"Poor quality, very unhappy 353",Negative
"Worst purchase ever, regret buying 353",Negative
I love this product! It's amazing! 354,Positive
"Great experience, highly recommended 354",Positive
"Wonderful service, very satisfied 354",Positive
"Excellent quality, best purchase ever 354",Positive
"Fantastic, I'm so happy with this 354",Positive
"Terrible product, waste of money 354",Negative
"Very disappointed, not worth it 354",Negative
"Bad experience, would not recommend 354",Negative
"Poor quality, very unhappy 354",Negative
"Worst purchase ever, regret buying 354",Negative
I love this product! It's amazing! 355,Positive
"Great experience, highly recommended 355",Positive
"Wonderful service, very satisfied 355",Positive
"Excellent quality, best purchase ever 355",Positive
"Fantastic, I'm so happy with this 355",Positive
"Terrible product, waste of money 355",Negative
"Very disappointed, not worth it 355",Negative
"Bad experience, would not recommend 355",Negative
"Poor quality, very unhappy 355",Negative
"Worst purchase ever, regret buying 355",Negative
I love this product! It's amazing! 356,Positive
"Great experience, highly recommended 356",Positive
"Wonderful service, very satisfied 356",Positive
"Excellent quality, best purchase ever 356",Positive
"Fantastic, I'm so happy with this 356",Positive
"Terrible product, waste of money 356",Negative
"Very disappointed, not worth it 356",Negative
"Bad experience, would not recommend 356",Negative
"Poor quality, very unhappy 356",Negative
"Worst purchase ever, regret buying 356",Negative
I love this product! It's amazing! 357,Positive
"Great experience, highly recommended 357",Positive
"Wonderful service, very satisfied 357",Positive
"Excellent quality, best purchase ever 357",Positive
"Fantastic, I'm so happy with this 357",Positive
"Terrible product, waste of money 357",Negative
"Very disappointed, not worth it 357",Negative
"Bad experience, would not recommend 357",Negative
"Poor quality, very unhappy 357",Negative
"Worst purchase ever, regret buying 357",Negative
I love this product! It's amazing! 358,Positive
"Great experience, highly recommended 358",Positive
"Wonderful service, very satisfied 358",Positive
"Excellent quality, best purchase ever 358",Positive
"Fantastic, I'm so happy with this 358",Positive
"Terrible product, waste of money 358",Negative
"Very disappointed, not worth it 358",Negative
"Bad experience, would not recommend 358",Negative
"Poor quality, very unhappy 358",Negative
"Worst purchase ever, regret buying 358",Negative
I love this product! It's amazing! 359,Positive
"Great experience, highly recommended 359",Positive
"Wonderful service, very satisfied 359",Positive
"Excellent quality, best purchase ever 359",Positive
"Fantastic, I'm so happy with this 359",Positive
"Terrible product, waste of money 359",Negative
"Very disappointed, not worth it 359",Negative
"Bad experience, would not recommend 359",Negative
"Poor quality, very unhappy 359",Negative
"Worst purchase ever, regret buying 359",Negative
I love this product! It's amazing! 360,Positive
"Great experience, highly recommended 360",Positive
"Wonderful service, very satisfied 360",Positive
"Excellent quality, best purchase ever 360",Positive
"Fantastic, I'm so happy with this 360",Positive
"Terrible product, waste of money 360",Negative
"Very disappointed, not worth it 360",Negative
"Bad experience, would not recommend 360",Negative
"Poor quality, very unhappy 360",Negative
"Worst purchase ever, regret buying 360",Negative
I love this product! It's amazing! 361,Positive
"Great experience, highly recommended 361",Positive
"Wonderful service, very satisfied 361",Positive
"Excellent quality, best purchase ever 361",Positive
"Fantastic, I'm so happy with this 361",Positive
"Terrible product, waste of money 361",Negative
"Very disappointed, not worth it 361",Negative
"Bad experience, would not recommend 361",Negative
"Poor quality, very unhappy 361",Negative
"Worst purchase ever, regret buying 361",Negative
I love this product! It's amazing! 362,Positive
"Great experience, highly recommended 362",Positive
"Wonderful service, very satisfied 362",Positive
"Excellent quality, best purchase ever 362",Positive
"Fantastic, I'm so happy with this 362",Positive
"Terrible product, waste of money 362",Negative
"Very disappointed, not worth it 362",Negative
"Bad experience, would not recommend 362",Negative
"Poor quality, very unhappy 362",Negative
"Worst purchase ever, regret buying 362",Negative
I love this product! It's amazing! 363,Positive
"Great experience, highly recommended 363",Positive
"Wonderful service, very satisfied 363",Positive
"Excellent quality, best purchase ever 363",Positive
"Fantastic, I'm so happy with this 363",Positive
"Terrible product, waste of money 363",Negative
"Very disappointed, not worth it 363",Negative
"Bad experience, would not recommend 363",Negative
"Poor quality, very unhappy 363",Negative
"Worst purchase ever, regret buying 363",Negative
I love this product! It's amazing! 364,Positive
"Great experience, highly recommended 364",Positive
"Wonderful service, very satisfied 364",Positive
"Excellent quality, best purchase ever 364",Positive
"Fantastic, I'm so happy with this 364",Positive
"Terrible product, waste of money 364",Negative
"Very disappointed, not worth it 364",Negative
"Bad experience, would not recommend 364",Negative
"Poor quality, very unhappy 364",Negative
"Worst purchase ever, regret buying 364",Negative
I love this product! It's amazing! 365,Positive
"Great experience, highly recommended 365",Positive
"Wonderful service, very satisfied 365",Positive
"Excellent quality, best purchase ever 365",Positive
"Fantastic, I'm so happy with this 365",Positive
"Terrible product, waste of money 365",Negative
"Very disappointed, not worth it 365",Negative
"Bad experience, would not recommend 365",Negative
"Poor quality, very unhappy 365",Negative
"Worst purchase ever, regret buying 365",Negative
I love this product! It's amazing! 366,Positive
"Great experience, highly recommended 366",Positive
"Wonderful service, very satisfied 366",Positive
"Excellent quality, best purchase ever 366",Positive
"Fantastic, I'm so happy with this 366",Positive
"Terrible product, waste of money 366",Negative
"Very disappointed, not worth it 366",Negative
"Bad experience, would not recommend 366",Negative
"Poor quality, very unhappy 366",Negative
"Worst purchase ever, regret buying 366",Negative
I love this product! It's amazing! 367,Positive
"Great experience, highly recommended 367",Positive
"Wonderful service, very satisfied 367",Positive
"Excellent quality, best purchase ever 367",Positive
"Fantastic, I'm so happy with this 367",Positive
"Terrible product, waste of money 367",Negative
"Very disappointed, not worth it 367",Negative
"Bad experience, would not recommend 367",Negative
"Poor quality, very unhappy 367",Negative
"Worst purchase ever, regret buying 367",Negative
I love this product! It's amazing! 368,Positive
"Great experience, highly recommended 368",Positive
"Wonderful service, very satisfied 368",Positive
"Excellent quality, best purchase ever 368",Positive
"Fantastic, I'm so happy with this 368",Positive
"Terrible product, waste of money 368",Negative
"Very disappointed, not worth it 368",Negative
"Bad experience, would not recommend 368",Negative
"Poor quality, very unhappy 368",Negative
"Worst purchase ever, regret buying 368",Negative
I love this product! It's amazing! 369,Positive
"Great experience, highly recommended 369",Positive
"Wonderful service, very satisfied 369",Positive
"Excellent quality, best purchase ever 369",Positive
"Fantastic, I'm so happy with this 369",Positive
"Terrible product, waste of money 369",Negative
"Very disappointed, not worth it 369",Negative
"Bad experience, would not recommend 369",Negative
"Poor quality, very unhappy 369",Negative
"Worst purchase ever, regret buying 369",Negative
I love this product! It's amazing! 370,Positive
"Great experience, highly recommended 370",Positive
"Wonderful service, very satisfied 370",Positive
"Excellent quality, best purchase ever 370",Positive
"Fantastic, I'm so happy with this 370",Positive
"Terrible product, waste of money 370",Negative
"Very disappointed, not worth it 370",Negative
"Bad experience, would not recommend 370",Negative
"Poor quality, very unhappy 370",Negative
"Worst purchase ever, regret buying 370",Negative
I love this product! It's amazing! 371,Positive
"Great experience, highly recommended 371",Positive
"Wonderful service, very satisfied 371",Positive
"Excellent quality, best purchase ever 371",Positive
"Fantastic, I'm so happy with this 371",Positive
"Terrible product, waste of money 371",Negative
"Very disappointed, not worth it 371",Negative
"Bad experience, would not recommend 371",Negative
"Poor quality, very unhappy 371",Negative
"Worst purchase ever, regret buying 371",Negative
I love this product! It's amazing! 372,Positive
"Great experience, highly recommended 372",Positive
"Wonderful service, very satisfied 372",Positive
"Excellent quality, best purchase ever 372",Positive
"Fantastic, I'm so happy with this 372",Positive
"Terrible product, waste of money 372",Negative
"Very disappointed, not worth it 372",Negative
"Bad experience, would not recommend 372",Negative
"Poor quality, very unhappy 372",Negative
"Worst purchase ever, regret buying 372",Negative
I love this product! It's amazing! 373,Positive
"Great experience, highly recommended 373",Positive
"Wonderful service, very satisfied 373",Positive
"Excellent quality, best purchase ever 373",Positive
"Fantastic, I'm so happy with this 373",Positive
"Terrible product, waste of money 373",Negative
"Very disappointed, not worth it 373",Negative
"Bad experience, would not recommend 373",Negative
"Poor quality, very unhappy 373",Negative
"Worst purchase ever, regret buying 373",Negative
I love this product! It's amazing! 374,Positive
"Great experience, highly recommended 374",Positive
"Wonderful service, very satisfied 374",Positive
"Excellent quality, best purchase ever 374",Positive
"Fantastic, I'm so happy with this 374",Positive
"Terrible product, waste of money 374",Negative
"Very disappointed, not worth it 374",Negative
"Bad experience, would not recommend 374",Negative
"Poor quality, very unhappy 374",Negative
"Worst purchase ever, regret buying 374",Negative
I love this product! It's amazing! 375,Positive
"Great experience, highly recommended 375",Positive
"Wonderful service, very satisfied 375",Positive
"Excellent quality, best purchase ever 375",Positive
"Fantastic, I'm so happy with this 375",Positive
"Terrible product, waste of money 375",Negative
"Very disappointed, not worth it 375",Negative
"Bad experience, would not recommend 375",Negative
"Poor quality, very unhappy 375",Negative
"Worst purchase ever, regret buying 375",Negative
I love this product! It's amazing! 376,Positive
"Great experience, highly recommended 376",Positive
"Wonderful service, very satisfied 376",Positive
"Excellent quality, best purchase ever 376",Positive
"Fantastic, I'm so happy with this 376",Positive
"Terrible product, waste of money 376",Negative
"Very disappointed, not worth it 376",Negative
"Bad experience, would not recommend 376",Negative
"Poor quality, very unhappy 376",Negative
"Worst purchase ever, regret buying 376",Negative
I love this product! It's amazing! 377,Positive
"Great experience, highly recommended 377",Positive
"Wonderful service, very satisfied 377",Positive
"Excellent quality, best purchase ever 377",Positive
"Fantastic, I'm so happy with this 377",Positive
"Terrible product, waste of money 377",Negative
"Very disappointed, not worth it 377",Negative
"Bad experience, would not recommend 377",Negative
"Poor quality, very unhappy 377",Negative
"Worst purchase ever, regret buying 377",Negative
I love this product! It's amazing! 378,Positive
"Great experience, highly recommended 378",Positive
"Wonderful service, very satisfied 378",Positive
"Excellent quality, best purchase ever 378",Positive
"Fantastic, I'm so happy with this 378",Positive
"Terrible product, waste of money 378",Negative
"Very disappointed, not worth it 378",Negative
"Bad experience, would not recommend 378",Negative
"Poor quality, very unhappy 378",Negative
"Worst purchase ever, regret buying 378",Negative
I love this product! It's amazing! 379,Positive
"Great experience, highly recommended 379",Positive
"Wonderful service, very satisfied 379",Positive
"Excellent quality, best purchase ever 379",Positive
"Fantastic, I'm so happy with this 379",Positive
"Terrible product, waste of money 379",Negative
"Very disappointed, not worth it 379",Negative
"Bad experience, would not recommend 379",Negative
"Poor quality, very unhappy 379",Negative
"Worst purchase ever, regret buying 379",Negative
I love this product! It's amazing! 380,Positive
"Great experience, highly recommended 380",Positive
"Wonderful service, very satisfied 380",Positive
"Excellent quality, best purchase ever 380",Positive
"Fantastic, I'm so happy with this 380",Positive
"Terrible product, waste of money 380",Negative
"Very disappointed, not worth it 380",Negative
"Bad experience, would not recommend 380",Negative
"Poor quality, very unhappy 380",Negative
"Worst purchase ever, regret buying 380",Negative
I love this product! It's amazing! 381,Positive
"Great experience, highly recommended 381",Positive
"Wonderful service, very satisfied 381",Positive
"Excellent quality, best purchase ever 381",Positive
"Fantastic, I'm so happy with this 381",Positive
"Terrible product, waste of money 381",Negative
"Very disappointed, not worth it 381",Negative
"Bad experience, would not recommend 381",Negative
"Poor quality, very unhappy 381",Negative
"Worst purchase ever, regret buying 381",Negative
I love this product! It's amazing! 382,Positive
"Great experience, highly recommended 382",Positive
"Wonderful service, very satisfied 382",Positive
"Excellent quality, best purchase ever 382",Positive
"Fantastic, I'm so happy with this 382",Positive
"Terrible product, waste of money 382",Negative
"Very disappointed, not worth it 382",Negative
"Bad experience, would not recommend 382",Negative
"Poor quality, very unhappy 382",Negative
"Worst purchase ever, regret buying 382",Negative
I love this product! It's amazing! 383,Positive
"Great experience, highly recommended 383",Positive
"Wonderful service, very satisfied 383",Positive
"Excellent quality, best purchase ever 383",Positive
"Fantastic, I'm so happy with this 383",Positive
"Terrible product, waste of money 383",Negative
"Very disappointed, not worth it 383",Negative
"Bad experience, would not recommend 383",Negative
"Poor quality, very unhappy 383",Negative
"Worst purchase ever, regret buying 383",Negative
I love this product! It's amazing! 384,Positive
"Great experience, highly recommended 384",Positive
"Wonderful service, very satisfied 384",Positive
"Excellent quality, best purchase ever 384",Positive
"Fantastic, I'm so happy with this 384",Positive
"Terrible product, waste of money 384",Negative
"Very disappointed, not worth it 384",Negative
"Bad experience, would not recommend 384",Negative
"Poor quality, very unhappy 384",Negative
"Worst purchase ever, regret buying 384",Negative
I love this product! It's amazing! 385,Positive
"Great experience, highly recommended 385",Positive
"Wonderful service, very satisfied 385",Positive
"Excellent quality, best purchase ever 385",Positive
"Fantastic, I'm so happy with this 385",Positive
"Terrible product, waste of money 385",Negative
"Very disappointed, not worth it 385",Negative
"Bad experience, would not recommend 385",Negative
"Poor quality, very unhappy 385",Negative
"Worst purchase ever, regret buying 385",Negative
I love this product! It's amazing! 386,Positive
"Great experience, highly recommended 386",Positive
"Wonderful service, very satisfied 386",Positive
"Excellent quality, best purchase ever 386",Positive
"Fantastic, I'm so happy with this 386",Positive
"Terrible product, waste of money 386",Negative
"Very disappointed, not worth it 386",Negative
"Bad experience, would not recommend 386",Negative
"Poor quality, very unhappy 386",Negative
"Worst purchase ever, regret buying 386",Negative
I love this product! It's amazing! 387,Positive
"Great experience, highly recommended 387",Positive
"Wonderful service, very satisfied 387",Positive
"Excellent quality, best purchase ever 387",Positive
"Fantastic, I'm so happy with this 387",Positive
"Terrible product, waste of money 387",Negative
"Very disappointed, not worth it 387",Negative
"Bad experience, would not recommend 387",Negative
"Poor quality, very unhappy 387",Negative
"Worst purchase ever, regret buying 387",Negative
I love this product! It's amazing! 388,Positive
"Great experience, highly recommended 388",Positive
"Wonderful service, very satisfied 388",Positive
"Excellent quality, best purchase ever 388",Positive
"Fantastic, I'm so happy with this 388",Positive
"Terrible product, waste of money 388",Negative
"Very disappointed, not worth it 388",Negative
"Bad experience, would not recommend 388",Negative
"Poor quality, very unhappy 388",Negative
"Worst purchase ever, regret buying 388",Negative
I love this product! It's amazing! 389,Positive
"Great experience, highly recommended 389",Positive
"Wonderful service, very satisfied 389",Positive
"Excellent quality, best purchase ever 389",Positive
"Fantastic, I'm so happy with this 389",Positive
"Terrible product, waste of money 389",Negative
"Very disappointed, not worth it 389",Negative
"Bad experience, would not recommend 389",Negative
"Poor quality, very unhappy 389",Negative
"Worst purchase ever, regret buying 389",Negative
I love this product! It's amazing! 390,Positive
"Great experience, highly recommended 390",Positive
"Wonderful service, very satisfied 390",Positive
"Excellent quality, best purchase ever 390",Positive
"Fantastic, I'm so happy with this 390",Positive
"Terrible product, waste of money 390",Negative
"Very disappointed, not worth it 390",Negative
"Bad experience, would not recommend 390",Negative
"Poor quality, very unhappy 390",Negative
"Worst purchase ever, regret buying 390",Negative
I love this product! It's amazing! 391,Positive
"Great experience, highly recommended 391",Positive
"Wonderful service, very satisfied 391",Positive
"Excellent quality, best purchase ever 391",Positive
"Fantastic, I'm so happy with this 391",Positive
"Terrible product, waste of money 391",Negative
"Very disappointed, not worth it 391",Negative
"Bad experience, would not recommend 391",Negative
"Poor quality, very unhappy 391",Negative
"Worst purchase ever, regret buying 391",Negative
I love this product! It's amazing! 392,Positive
"Great experience, highly recommended 392",Positive
"Wonderful service, very satisfied 392",Positive
"Excellent quality, best purchase ever 392",Positive
"Fantastic, I'm so happy with this 392",Positive
"Terrible product, waste of money 392",Negative
"Very disappointed, not worth it 392",Negative
"Bad experience, would not recommend 392",Negative
"Poor quality, very unhappy 392",Negative
"Worst purchase ever, regret buying 392",Negative
I love this product! It's amazing! 393,Positive
"Great experience, highly recommended 393",Positive
"Wonderful service, very satisfied 393",Positive
"Excellent quality, best purchase ever 393",Positive
"Fantastic, I'm so happy with this 393",Positive
"Terrible product, waste of money 393",Negative
"Very disappointed, not worth it 393",Negative
"Bad experience, would not recommend 393",Negative
"Poor quality, very unhappy 393",Negative
"Worst purchase ever, regret buying 393",Negative
I love this product! It's amazing! 394,Positive
"Great experience, highly recommended 394",Positive
"Wonderful service, very satisfied 394",Positive
"Excellent quality, best purchase ever 394",Positive
"Fantastic, I'm so happy with this 394",Positive
"Terrible product, waste of money 394",Negative
"Very disappointed, not worth it 394",Negative
"Bad experience, would not recommend 394",Negative
"Poor quality, very unhappy 394",Negative
"Worst purchase ever, regret buying 394",Negative
I love this product! It's amazing! 395,Positive
"Great experience, highly recommended 395",Positive
"Wonderful service, very satisfied 395",Positive
"Excellent quality, best purchase ever 395",Positive
"Fantastic, I'm so happy with this 395",Positive
"Terrible product, waste of money 395",Negative
"Very disappointed, not worth it 395",Negative
"Bad experience, would not recommend 395",Negative
"Poor quality, very unhappy 395",Negative
"Worst purchase ever, regret buying 395",Negative
I love this product! It's amazing! 396,Positive
"Great experience, highly recommended 396",Positive
"Wonderful service, very satisfied 396",Positive
"Excellent quality, best purchase ever 396",Positive
"Fantastic, I'm so happy with this 396",Positive
"Terrible product, waste of money 396",Negative
"Very disappointed, not worth it 396",Negative
"Bad experience, would not recommend 396",Negative
"Poor quality, very unhappy 396",Negative
"Worst purchase ever, regret buying 396",Negative
I love this product! It's amazing! 397,Positive
"Great experience, highly recommended 397",Positive
"Wonderful service, very satisfied 397",Positive
"Excellent quality, best purchase ever 397",Positive
"Fantastic, I'm so happy with this 397",Positive
"Terrible product, waste of money 397",Negative
"Very disappointed, not worth it 397",Negative
"Bad experience, would not recommend 397",Negative
"Poor quality, very unhappy 397",Negative
"Worst purchase ever, regret buying 397",Negative
I love this product! It's amazing! 398,Positive
"Great experience, highly recommended 398",Positive
"Wonderful service, very satisfied 398",Positive
"Excellent quality, best purchase ever 398",Positive
"Fantastic, I'm so happy with this 398",Positive
"Terrible product, waste of money 398",Negative
"Very disappointed, not worth it 398",Negative
"Bad experience, would not recommend 398",Negative
"Poor quality, very unhappy 398",Negative
"Worst purchase ever, regret buying 398",Negative
I love this product! It's amazing! 399,Positive
"Great experience, highly recommended 399",Positive
"Wonderful service, very satisfied 399",Positive
"Excellent quality, best purchase ever 399",Positive
"Fantastic, I'm so happy with this 399",Positive
"Terrible product, waste of money 399",Negative
"Very disappointed, not worth it 399",Negative
"Bad experience, would not recommend 399",Negative
"Poor quality, very unhappy 399",Negative
"Worst purchase ever, regret buying 399",Negative
I love this product! It's amazing! 400,Positive
"Great experience, highly recommended 400",Positive
"Wonderful service, very satisfied 400",Positive
"Excellent quality, best purchase ever 400",Positive
"Fantastic, I'm so happy with this 400",Positive
"Terrible product, waste of money 400",Negative
"Very disappointed, not worth it 400",Negative
"Bad experience, would not recommend 400",Negative
"Poor quality, very unhappy 400",Negative
"Worst purchase ever, regret buying 400",Negative
I love this product! It's amazing! 401,Positive
"Great experience, highly recommended 401",Positive
"Wonderful service, very satisfied 401",Positive
"Excellent quality, best purchase ever 401",Positive
"Fantastic, I'm so happy with this 401",Positive
"Terrible product, waste of money 401",Negative
"Very disappointed, not worth it 401",Negative
"Bad experience, would not recommend 401",Negative
"Poor quality, very unhappy 401",Negative
"Worst purchase ever, regret buying 401",Negative
I love this product! It's amazing! 402,Positive
"Great experience, highly recommended 402",Positive
"Wonderful service, very satisfied 402",Positive
"Excellent quality, best purchase ever 402",Positive
"Fantastic, I'm so happy with this 402",Positive
"Terrible product, waste of money 402",Negative
"Very disappointed, not worth it 402",Negative
"Bad experience, would not recommend 402",Negative
"Poor quality, very unhappy 402",Negative
"Worst purchase ever, regret buying 402",Negative
I love this product! It's amazing! 403,Positive
"Great experience, highly recommended 403",Positive
"Wonderful service, very satisfied 403",Positive
"Excellent quality, best purchase ever 403",Positive
"Fantastic, I'm so happy with this 403",Positive
"Terrible product, waste of money 403",Negative
"Very disappointed, not worth it 403",Negative
"Bad experience, would not recommend 403",Negative
"Poor quality, very unhappy 403",Negative
"Worst purchase ever, regret buying 403",Negative
I love this product! It's amazing! 404,Positive
"Great experience, highly recommended 404",Positive
"Wonderful service, very satisfied 404",Positive
"Excellent quality, best purchase ever 404",Positive
"Fantastic, I'm so happy with this 404",Positive
"Terrible product, waste of money 404",Negative
"Very disappointed, not worth it 404",Negative
"Bad experience, would not recommend 404",Negative
"Poor quality, very unhappy 404",Negative
"Worst purchase ever, regret buying 404",Negative
I love this product! It's amazing! 405,Positive
"Great experience, highly recommended 405",Positive
"Wonderful service, very satisfied 405",Positive
"Excellent quality, best purchase ever 405",Positive
"Fantastic, I'm so happy with this 405",Positive
"Terrible product, waste of money 405",Negative
"Very disappointed, not worth it 405",Negative
"Bad experience, would not recommend 405",Negative
"Poor quality, very unhappy 405",Negative
"Worst purchase ever, regret buying 405",Negative
I love this product! It's amazing! 406,Positive
"Great experience, highly recommended 406",Positive
"Wonderful service, very satisfied 406",Positive
"Excellent quality, best purchase ever 406",Positive
"Fantastic, I'm so happy with this 406",Positive
"Terrible product, waste of money 406",Negative
"Very disappointed, not worth it 406",Negative
"Bad experience, would not recommend 406",Negative
"Poor quality, very unhappy 406",Negative
"Worst purchase ever, regret buying 406",Negative
I love this product! It's amazing! 407,Positive
"Great experience, highly recommended 407",Positive
"Wonderful service, very satisfied 407",Positive
"Excellent quality, best purchase ever 407",Positive
"Fantastic, I'm so happy with this 407",Positive
"Terrible product, waste of money 407",Negative
"Very disappointed, not worth it 407",Negative
"Bad experience, would not recommend 407",Negative
"Poor quality, very unhappy 407",Negative
"Worst purchase ever, regret buying 407",Negative
I love this product! It's amazing! 408,Positive
"Great experience, highly recommended 408",Positive
"Wonderful service, very satisfied 408",Positive
"Excellent quality, best purchase ever 408",Positive
"Fantastic, I'm so happy with this 408",Positive
"Terrible product, waste of money 408",Negative
"Very disappointed, not worth it 408",Negative
"Bad experience, would not recommend 408",Negative
"Poor quality, very unhappy 408",Negative
"Worst purchase ever, regret buying 408",Negative
I love this product! It's amazing! 409,Positive
"Great experience, highly recommended 409",Positive
"Wonderful service, very satisfied 409",Positive
"Excellent quality, best purchase ever 409",Positive
"Fantastic, I'm so happy with this 409",Positive
"Terrible product, waste of money 409",Negative
"Very disappointed, not worth it 409",Negative
"Bad experience, would not recommend 409",Negative
"Poor quality, very unhappy 409",Negative
"Worst purchase ever, regret buying 409",Negative
I love this product! It's amazing! 410,Positive
"Great experience, highly recommended 410",Positive
"Wonderful service, very satisfied 410",Positive
"Excellent quality, best purchase ever 410",Positive
"Fantastic, I'm so happy with this 410",Positive
"Terrible product, waste of money 410",Negative
"Very disappointed, not worth it 410",Negative
"Bad experience, would not recommend 410",Negative
"Poor quality, very unhappy 410",Negative
"Worst purchase ever, regret buying 410",Negative
I love this product! It's amazing! 411,Positive
"Great experience, highly recommended 411",Positive
"Wonderful service, very satisfied 411",Positive
"Excellent quality, best purchase ever 411",Positive
"Fantastic, I'm so happy with this 411",Positive
"Terrible product, waste of money 411",Negative
"Very disappointed, not worth it 411",Negative
"Bad experience, would not recommend 411",Negative
"Poor quality, very unhappy 411",Negative
"Worst purchase ever, regret buying 411",Negative
I love this product! It's amazing! 412,Positive
"Great experience, highly recommended 412",Positive
"Wonderful service, very satisfied 412",Positive
"Excellent quality, best purchase ever 412",Positive
"Fantastic, I'm so happy with this 412",Positive
"Terrible product, waste of money 412",Negative
"Very disappointed, not worth it 412",Negative
"Bad experience, would not recommend 412",Negative
"Poor quality, very unhappy 412",Negative
"Worst purchase ever, regret buying 412",Negative
I love this product! It's amazing! 413,Positive
"Great experience, highly recommended 413",Positive
"Wonderful service, very satisfied 413",Positive
"Excellent quality, best purchase ever 413",Positive
"Fantastic, I'm so happy with this 413",Positive
"Terrible product, waste of money 413",Negative
"Very disappointed, not worth it 413",Negative
"Bad experience, would not recommend 413",Negative
"Poor quality, very unhappy 413",Negative
"Worst purchase ever, regret buying 413",Negative
I love this product! It's amazing! 414,Positive
"Great experience, highly recommended 414",Positive
"Wonderful service, very satisfied 414",Positive
"Excellent quality, best purchase ever 414",Positive
"Fantastic, I'm so happy with this 414",Positive
"Terrible product, waste of money 414",Negative
"Very disappointed, not worth it 414",Negative
"Bad experience, would not recommend 414",Negative
"Poor quality, very unhappy 414",Negative
"Worst purchase ever, regret buying 414",Negative
I love this product! It's amazing! 415,Positive
"Great experience, highly recommended 415",Positive
"Wonderful service, very satisfied 415",Positive
"Excellent quality, best purchase ever 415",Positive
"Fantastic, I'm so happy with this 415",Positive
"Terrible product, waste of money 415",Negative
"Very disappointed, not worth it 415",Negative
"Bad experience, would not recommend 415",Negative
"Poor quality, very unhappy 415",Negative
"Worst purchase ever, regret buying 415",Negative
I love this product! It's amazing! 416,Positive
"Great experience, highly recommended 416",Positive
"Wonderful service, very satisfied 416",Positive
"Excellent quality, best purchase ever 416",Positive
"Fantastic, I'm so happy with this 416",Positive
"Terrible product, waste of money 416",Negative
"Very disappointed, not worth it 416",Negative
"Bad experience, would not recommend 416",Negative
"Poor quality, very unhappy 416",Negative
"Worst purchase ever, regret buying 416",Negative
I love this product! It's amazing! 417,Positive
"Great experience, highly recommended 417",Positive
"Wonderful service, very satisfied 417",Positive
"Excellent quality, best purchase ever 417",Positive
"Fantastic, I'm so happy with this 417",Positive
"Terrible product, waste of money 417",Negative
"Very disappointed, not worth it 417",Negative
"Bad experience, would not recommend 417",Negative
"Poor quality, very unhappy 417",Negative
"Worst purchase ever, regret buying 417",Negative
I love this product! It's amazing! 418,Positive
"Great experience, highly recommended 418",Positive
"Wonderful service, very satisfied 418",Positive
"Excellent quality, best purchase ever 418",Positive
"Fantastic, I'm so happy with this 418",Positive
"Terrible product, waste of money 418",Negative
"Very disappointed, not worth it 418",Negative
"Bad experience, would not recommend 418",Negative
"Poor quality, very unhappy 418",Negative
"Worst purchase ever, regret buying 418",Negative
I love this product! It's amazing! 419,Positive
"Great experience, highly recommended 419",Positive
"Wonderful service, very satisfied 419",Positive
"Excellent quality, best purchase ever 419",Positive
"Fantastic, I'm so happy with this 419",Positive
"Terrible product, waste of money 419",Negative
"Very disappointed, not worth it 419",Negative
"Bad experience, would not recommend 419",Negative
"Poor quality, very unhappy 419",Negative
"Worst purchase ever, regret buying 419",Negative
I love this product! It's amazing! 420,Positive
"Great experience, highly recommended 420",Positive
"Wonderful service, very satisfied 420",Positive
"Excellent quality, best purchase ever 420",Positive
"Fantastic, I'm so happy with this 420",Positive
"Terrible product, waste of money 420",Negative
"Very disappointed, not worth it 420",Negative
"Bad experience, would not recommend 420",Negative
"Poor quality, very unhappy 420",Negative
"Worst purchase ever, regret buying 420",Negative
I love this product! It's amazing! 421,Positive
"Great experience, highly recommended 421",Positive
"Wonderful service, very satisfied 421",Positive
"Excellent quality, best purchase ever 421",Positive
"Fantastic, I'm so happy with this 421",Positive
"Terrible product, waste of money 421",Negative
"Very disappointed, not worth it 421",Negative
"Bad experience, would not recommend 421",Negative
"Poor quality, very unhappy 421",Negative
"Worst purchase ever, regret buying 421",Negative
I love this product! It's amazing! 422,Positive
"Great experience, highly recommended 422",Positive
"Wonderful service, very satisfied 422",Positive
"Excellent quality, best purchase ever 422",Positive
"Fantastic, I'm so happy with this 422",Positive
"Terrible product, waste of money 422",Negative
"Very disappointed, not worth it 422",Negative
"Bad experience, would not recommend 422",Negative
"Poor quality, very unhappy 422",Negative
"Worst purchase ever, regret buying 422",Negative
I love this product! It's amazing! 423,Positive
"Great experience, highly recommended 423",Positive
"Wonderful service, very satisfied 423",Positive
"Excellent quality, best purchase ever 423",Positive
"Fantastic, I'm so happy with this 423",Positive
"Terrible product, waste of money 423",Negative
"Very disappointed, not worth it 423",Negative
"Bad experience, would not recommend 423",Negative
"Poor quality, very unhappy 423",Negative
"Worst purchase ever, regret buying 423",Negative
I love this product! It's amazing! 424,Positive
"Great experience, highly recommended 424",Positive
"Wonderful service, very satisfied 424",Positive
"Excellent quality, best purchase ever 424",Positive
"Fantastic, I'm so happy with this 424",Positive
"Terrible product, waste of money 424",Negative
"Very disappointed, not worth it 424",Negative
"Bad experience, would not recommend 424",Negative
"Poor quality, very unhappy 424",Negative
"Worst purchase ever, regret buying 424",Negative
I love this product! It's amazing! 425,Positive
"Great experience, highly recommended 425",Positive
"Wonderful service, very satisfied 425",Positive
"Excellent quality, best purchase ever 425",Positive
"Fantastic, I'm so happy with this 425",Positive
"Terrible product, waste of money 425",Negative
"Very disappointed, not worth it 425",Negative
"Bad experience, would not recommend 425",Negative
"Poor quality, very unhappy 425",Negative
"Worst purchase ever, regret buying 425",Negative
I love this product! It's amazing! 426,Positive
"Great experience, highly recommended 426",Positive
"Wonderful service, very satisfied 426",Positive
"Excellent quality, best purchase ever 426",Positive
"Fantastic, I'm so happy with this 426",Positive
"Terrible product, waste of money 426",Negative
"Very disappointed, not worth it 426",Negative
"Bad experience, would not recommend 426",Negative
"Poor quality, very unhappy 426",Negative
"Worst purchase ever, regret buying 426",Negative
I love this product! It's amazing! 427,Positive
"Great experience, highly recommended 427",Positive
"Wonderful service, very satisfied 427",Positive
"Excellent quality, best purchase ever 427",Positive
"Fantastic, I'm so happy with this 427",Positive
"Terrible product, waste of money 427",Negative
"Very disappointed, not worth it 427",Negative
"Bad experience, would not recommend 427",Negative
"Poor quality, very unhappy 427",Negative
"Worst purchase ever, regret buying 427",Negative
I love this product! It's amazing! 428,Positive
"Great experience, highly recommended 428",Positive
"Wonderful service, very satisfied 428",Positive
"Excellent quality, best purchase ever 428",Positive
"Fantastic, I'm so happy with this 428",Positive
"Terrible product, waste of money 428",Negative
"Very disappointed, not worth it 428",Negative
"Bad experience, would not recommend 428",Negative
"Poor quality, very unhappy 428",Negative
"Worst purchase ever, regret buying 428",Negative
I love this product! It's amazing! 429,Positive
"Great experience, highly recommended 429",Positive
"Wonderful service, very satisfied 429",Positive
"Excellent quality, best purchase ever 429",Positive
"Fantastic, I'm so happy with this 429",Positive
"Terrible product, waste of money 429",Negative
"Very disappointed, not worth it 429",Negative
"Bad experience, would not recommend 429",Negative
"Poor quality, very unhappy 429",Negative
"Worst purchase ever, regret buying 429",Negative
I love this product! It's amazing! 430,Positive
"Great experience, highly recommended 430",Positive
"Wonderful service, very satisfied 430",Positive
"Excellent quality, best purchase ever 430",Positive
"Fantastic, I'm so happy with this 430",Positive
"Terrible product, waste of money 430",Negative
"Very disappointed, not worth it 430",Negative
"Bad experience, would not recommend 430",Negative
"Poor quality, very unhappy 430",Negative
"Worst purchase ever, regret buying 430",Negative
I love this product! It's amazing! 431,Positive
"Great experience, highly recommended 431",Positive
"Wonderful service, very satisfied 431",Positive
"Excellent quality, best purchase ever 431",Positive
"Fantastic, I'm so happy with this 431",Positive
"Terrible product, waste of money 431",Negative
"Very disappointed, not worth it 431",Negative
"Bad experience, would not recommend 431",Negative
"Poor quality, very unhappy 431",Negative
"Worst purchase ever, regret buying 431",Negative
I love this product! It's amazing! 432,Positive
"Great experience, highly recommended 432",Positive
"Wonderful service, very satisfied 432",Positive
"Excellent quality, best purchase ever 432",Positive
"Fantastic, I'm so happy with this 432",Positive
"Terrible product, waste of money 432",Negative
"Very disappointed, not worth it 432",Negative
"Bad experience, would not recommend 432",Negative
"Poor quality, very unhappy 432",Negative
"Worst purchase ever, regret buying 432",Negative
I love this product! It's amazing! 433,Positive
"Great experience, highly recommended 433",Positive
"Wonderful service, very satisfied 433",Positive
"Excellent quality, best purchase ever 433",Positive
"Fantastic, I'm so happy with this 433",Positive
"Terrible product, waste of money 433",Negative
"Very disappointed, not worth it 433",Negative
"Bad experience, would not recommend 433",Negative
"Poor quality, very unhappy 433",Negative
"Worst purchase ever, regret buying 433",Negative
I love this product! It's amazing! 434,Positive
"Great experience, highly recommended 434",Positive
"Wonderful service, very satisfied 434",Positive
"Excellent quality, best purchase ever 434",Positive
"Fantastic, I'm so happy with this 434",Positive
"Terrible product, waste of money 434",Negative
"Very disappointed, not worth it 434",Negative
"Bad experience, would not recommend 434",Negative
"Poor quality, very unhappy 434",Negative
"Worst purchase ever, regret buying 434",Negative
I love this product! It's amazing! 435,Positive
"Great experience, highly recommended 435",Positive
"Wonderful service, very satisfied 435",Positive
"Excellent quality, best purchase ever 435",Positive
"Fantastic, I'm so happy with this 435",Positive
"Terrible product, waste of money 435",Negative
"Very disappointed, not worth it 435",Negative
"Bad experience, would not recommend 435",Negative
"Poor quality, very unhappy 435",Negative
"Worst purchase ever, regret buying 435",Negative
I love this product! It's amazing! 436,Positive
"Great experience, highly recommended 436",Positive
"Wonderful service, very satisfied 436",Positive
"Excellent quality, best purchase ever 436",Positive
"Fantastic, I'm so happy with this 436",Positive
"Terrible product, waste of money 436",Negative
"Very disappointed, not worth it 436",Negative
"Bad experience, would not recommend 436",Negative
"Poor quality, very unhappy 436",Negative
"Worst purchase ever, regret buying 436",Negative
I love this product! It's amazing! 437,Positive
"Great experience, highly recommended 437",Positive
"Wonderful service, very satisfied 437",Positive
"Excellent quality, best purchase ever 437",Positive
"Fantastic, I'm so happy with this 437",Positive
"Terrible product, waste of money 437",Negative
"Very disappointed, not worth it 437",Negative
"Bad experience, would not recommend 437",Negative
"Poor quality, very unhappy 437",Negative
"Worst purchase ever, regret buying 437",Negative
I love this product! It's amazing! 438,Positive
"Great experience, highly recommended 438",Positive
"Wonderful service, very satisfied 438",Positive
"Excellent quality, best purchase ever 438",Positive
"Fantastic, I'm so happy with this 438",Positive
"Terrible product, waste of money 438",Negative
"Very disappointed, not worth it 438",Negative
"Bad experience, would not recommend 438",Negative
"Poor quality, very unhappy 438",Negative
"Worst purchase ever, regret buying 438",Negative
I love this product! It's amazing! 439,Positive
"Great experience, highly recommended 439",Positive
"Wonderful service, very satisfied 439",Positive
"Excellent quality, best purchase ever 439",Positive
"Fantastic, I'm so happy with this 439",Positive
"Terrible product, waste of money 439",Negative
"Very disappointed, not worth it 439",Negative
"Bad experience, would not recommend 439",Negative
"Poor quality, very unhappy 439",Negative
"Worst purchase ever, regret buying 439",Negative
I love this product! It's amazing! 440,Positive
"Great experience, highly recommended 440",Positive
"Wonderful service, very satisfied 440",Positive
"Excellent quality, best purchase ever 440",Positive
"Fantastic, I'm so happy with this 440",Positive
"Terrible product, waste of money 440",Negative
"Very disappointed, not worth it 440",Negative
"Bad experience, would not recommend 440",Negative
"Poor quality, very unhappy 440",Negative
"Worst purchase ever, regret buying 440",Negative
I love this product! It's amazing! 441,Positive
"Great experience, highly recommended 441",Positive
"Wonderful service, very satisfied 441",Positive
"Excellent quality, best purchase ever 441",Positive
"Fantastic, I'm so happy with this 441",Positive
"Terrible product, waste of money 441",Negative
"Very disappointed, not worth it 441",Negative
"Bad experience, would not recommend 441",Negative
"Poor quality, very unhappy 441",Negative
"Worst purchase ever, regret buying 441",Negative
I love this product! It's amazing! 442,Positive
"Great experience, highly recommended 442",Positive
"Wonderful service, very satisfied 442",Positive
"Excellent quality, best purchase ever 442",Positive
"Fantastic, I'm so happy with this 442",Positive
"Terrible product, waste of money 442",Negative
"Very disappointed, not worth it 442",Negative
"Bad experience, would not recommend 442",Negative
"Poor quality, very unhappy 442",Negative
"Worst purchase ever, regret buying 442",Negative
I love this product! It's amazing! 443,Positive
"Great experience, highly recommended 443",Positive
"Wonderful service, very satisfied 443",Positive
"Excellent quality, best purchase ever 443",Positive
"Fantastic, I'm so happy with this 443",Positive
"Terrible product, waste of money 443",Negative
"Very disappointed, not worth it 443",Negative
"Bad experience, would not recommend 443",Negative
"Poor quality, very unhappy 443",Negative
"Worst purchase ever, regret buying 443",Negative
I love this product! It's amazing! 444,Positive
"Great experience, highly recommended 444",Positive
"Wonderful service, very satisfied 444",Positive
"Excellent quality, best purchase ever 444",Positive
"Fantastic, I'm so happy with this 444",Positive
"Terrible product, waste of money 444",Negative
"Very disappointed, not worth it 444",Negative
"Bad experience, would not recommend 444",Negative
"Poor quality, very unhappy 444",Negative
"Worst purchase ever, regret buying 444",Negative
I love this product! It's amazing! 445,Positive
"Great experience, highly recommended 445",Positive
"Wonderful service, very satisfied 445",Positive
"Excellent quality, best purchase ever 445",Positive
"Fantastic, I'm so happy with this 445",Positive
"Terrible product, waste of money 445",Negative
"Very disappointed, not worth it 445",Negative
"Bad experience, would not recommend 445",Negative
"Poor quality, very unhappy 445",Negative
"Worst purchase ever, regret buying 445",Negative
I love this product! It's amazing! 446,Positive
"Great experience, highly recommended 446",Positive
"Wonderful service, very satisfied 446",Positive
"Excellent quality, best purchase ever 446",Positive
"Fantastic, I'm so happy with this 446",Positive
"Terrible product, waste of money 446",Negative
"Very disappointed, not worth it 446",Negative
"Bad experience, would not recommend 446",Negative
"Poor quality, very unhappy 446",Negative
"Worst purchase ever, regret buying 446",Negative
I love this product! It's amazing! 447,Positive
"Great experience, highly recommended 447",Positive
"Wonderful service, very satisfied 447",Positive
"Excellent quality, best purchase ever 447",Positive
"Fantastic, I'm so happy with this 447",Positive
"Terrible product, waste of money 447",Negative
"Very disappointed, not worth it 447",Negative
"Bad experience, would not recommend 447",Negative
"Poor quality, very unhappy 447",Negative
"Worst purchase ever, regret buying 447",Negative
I love this product! It's amazing! 448,Positive
"Great experience, highly recommended 448",Positive
"Wonderful service, very satisfied 448",Positive
"Excellent quality, best purchase ever 448",Positive
"Fantastic, I'm so happy with this 448",Positive
"Terrible product, waste of money 448",Negative
"Very disappointed, not worth it 448",Negative
"Bad experience, would not recommend 448",Negative
"Poor quality, very unhappy 448",Negative
"Worst purchase ever, regret buying 448",Negative
I love this product! It's amazing! 449,Positive
"Great experience, highly recommended 449",Positive
"Wonderful service, very satisfied 449",Positive
"Excellent quality, best purchase ever 449",Positive
"Fantastic, I'm so happy with this 449",Positive
"Terrible product, waste of money 449",Negative
"Very disappointed, not worth it 449",Negative
"Bad experience, would not recommend 449",Negative
"Poor quality, very unhappy 449",Negative
"Worst purchase ever, regret buying 449",Negative
I love this product! It's amazing! 450,Positive
"Great experience, highly recommended 450",Positive
"Wonderful service, very satisfied 450",Positive
"Excellent quality, best purchase ever 450",Positive
"Fantastic, I'm so happy with this 450",Positive
"Terrible product, waste of money 450",Negative
"Very disappointed, not worth it 450",Negative
"Bad experience, would not recommend 450",Negative
"Poor quality, very unhappy 450",Negative
"Worst purchase ever, regret buying 450",Negative
I love this product! It's amazing! 451,Positive
"Great experience, highly recommended 451",Positive
"Wonderful service, very satisfied 451",Positive
"Excellent quality, best purchase ever 451",Positive
"Fantastic, I'm so happy with this 451",Positive
"Terrible product, waste of money 451",Negative
"Very disappointed, not worth it 451",Negative
"Bad experience, would not recommend 451",Negative
"Poor quality, very unhappy 451",Negative
"Worst purchase ever, regret buying 451",Negative
I love this product! It's amazing! 452,Positive
"Great experience, highly recommended 452",Positive
"Wonderful service, very satisfied 452",Positive
"Excellent quality, best purchase ever 452",Positive
"Fantastic, I'm so happy with this 452",Positive
"Terrible product, waste of money 452",Negative
"Very disappointed, not worth it 452",Negative
"Bad experience, would not recommend 452",Negative
"Poor quality, very unhappy 452",Negative
"Worst purchase ever, regret buying 452",Negative
I love this product! It's amazing! 453,Positive
"Great experience, highly recommended 453",Positive
"Wonderful service, very satisfied 453",Positive
"Excellent quality, best purchase ever 453",Positive
"Fantastic, I'm so happy with this 453",Positive
"Terrible product, waste of money 453",Negative
"Very disappointed, not worth it 453",Negative
"Bad experience, would not recommend 453",Negative
"Poor quality, very unhappy 453",Negative
"Worst purchase ever, regret buying 453",Negative
I love this product! It's amazing! 454,Positive
"Great experience, highly recommended 454",Positive
"Wonderful service, very satisfied 454",Positive
"Excellent quality, best purchase ever 454",Positive
"Fantastic, I'm so happy with this 454",Positive
"Terrible product, waste of money 454",Negative
"Very disappointed, not worth it 454",Negative
"Bad experience, would not recommend 454",Negative
"Poor quality, very unhappy 454",Negative
"Worst purchase ever, regret buying 454",Negative
I love this product! It's amazing! 455,Positive
"Great experience, highly recommended 455",Positive
"Wonderful service, very satisfied 455",Positive
"Excellent quality, best purchase ever 455",Positive
"Fantastic, I'm so happy with this 455",Positive
"Terrible product, waste of money 455",Negative
"Very disappointed, not worth it 455",Negative
"Bad experience, would not recommend 455",Negative
"Poor quality, very unhappy 455",Negative
"Worst purchase ever, regret buying 455",Negative
I love this product! It's amazing! 456,Positive
"Great experience, highly recommended 456",Positive
"Wonderful service, very satisfied 456",Positive
"Excellent quality, best purchase ever 456",Positive
"Fantastic, I'm so happy with this 456",Positive
"Terrible product, waste of money 456",Negative
"Very disappointed, not worth it 456",Negative
"Bad experience, would not recommend 456",Negative
"Poor quality, very unhappy 456",Negative
"Worst purchase ever, regret buying 456",Negative
I love this product! It's amazing! 457,Positive
"Great experience, highly recommended 457",Positive
"Wonderful service, very satisfied 457",Positive
"Excellent quality, best purchase ever 457",Positive
"Fantastic, I'm so happy with this 457",Positive
"Terrible product, waste of money 457",Negative
"Very disappointed, not worth it 457",Negative
"Bad experience, would not recommend 457",Negative
"Poor quality, very unhappy 457",Negative
"Worst purchase ever, regret buying 457",Negative
I love this product! It's amazing! 458,Positive
"Great experience, highly recommended 458",Positive
"Wonderful service, very satisfied 458",Positive
"Excellent quality, best purchase ever 458",Positive
"Fantastic, I'm so happy with this 458",Positive
"Terrible product, waste of money 458",Negative
"Very disappointed, not worth it 458",Negative
"Bad experience, would not recommend 458",Negative
"Poor quality, very unhappy 458",Negative
"Worst purchase ever, regret buying 458",Negative
I love this product! It's amazing! 459,Positive
"Great experience, highly recommended 459",Positive
"Wonderful service, very satisfied 459",Positive
"Excellent quality, best purchase ever 459",Positive
"Fantastic, I'm so happy with this 459",Positive
"Terrible product, waste of money 459",Negative
"Very disappointed, not worth it 459",Negative
"Bad experience, would not recommend 459",Negative
"Poor quality, very unhappy 459",Negative
"Worst purchase ever, regret buying 459",Negative
I love this product! It's amazing! 460,Positive
"Great experience, highly recommended 460",Positive
"Wonderful service, very satisfied 460",Positive
"Excellent quality, best purchase ever 460",Positive
"Fantastic, I'm so happy with this 460",Positive
"Terrible product, waste of money 460",Negative
"Very disappointed, not worth it 460",Negative
"Bad experience, would not recommend 460",Negative
"Poor quality, very unhappy 460",Negative
"Worst purchase ever, regret buying 460",Negative
I love this product! It's amazing! 461,Positive
"Great experience, highly recommended 461",Positive
"Wonderful service, very satisfied 461",Positive
"Excellent quality, best purchase ever 461",Positive
"Fantastic, I'm so happy with this 461",Positive
"Terrible product, waste of money 461",Negative
"Very disappointed, not worth it 461",Negative
"Bad experience, would not recommend 461",Negative
"Poor quality, very unhappy 461",Negative
"Worst purchase ever, regret buying 461",Negative
I love this product! It's amazing! 462,Positive
"Great experience, highly recommended 462",Positive
"Wonderful service, very satisfied 462",Positive
"Excellent quality, best purchase ever 462",Positive
"Fantastic, I'm so happy with this 462",Positive
"Terrible product, waste of money 462",Negative
"Very disappointed, not worth it 462",Negative
"Bad experience, would not recommend 462",Negative
"Poor quality, very unhappy 462",Negative
"Worst purchase ever, regret buying 462",Negative
I love this product! It's amazing! 463,Positive
"Great experience, highly recommended 463",Positive
"Wonderful service, very satisfied 463",Positive
"Excellent quality, best purchase ever 463",Positive
"Fantastic, I'm so happy with this 463",Positive
"Terrible product, waste of money 463",Negative
"Very disappointed, not worth it 463",Negative
"Bad experience, would not recommend 463",Negative
"Poor quality, very unhappy 463",Negative
"Worst purchase ever, regret buying 463",Negative
I love this product! It's amazing! 464,Positive
"Great experience, highly recommended 464",Positive
"Wonderful service, very satisfied 464",Positive
"Excellent quality, best purchase ever 464",Positive
"Fantastic, I'm so happy with this 464",Positive
"Terrible product, waste of money 464",Negative
"Very disappointed, not worth it 464",Negative
"Bad experience, would not recommend 464",Negative
"Poor quality, very unhappy 464",Negative
"Worst purchase ever, regret buying 464",Negative
I love this product! It's amazing! 465,Positive
"Great experience, highly recommended 465",Positive
"Wonderful service, very satisfied 465",Positive
"Excellent quality, best purchase ever 465",Positive
"Fantastic, I'm so happy with this 465",Positive
"Terrible product, waste of money 465",Negative
"Very disappointed, not worth it 465",Negative
"Bad experience, would not recommend 465",Negative
"Poor quality, very unhappy 465",Negative
"Worst purchase ever, regret buying 465",Negative
I love this product! It's amazing! 466,Positive
"Great experience, highly recommended 466",Positive
"Wonderful service, very satisfied 466",Positive
"Excellent quality, best purchase ever 466",Positive
"Fantastic, I'm so happy with this 466",Positive
"Terrible product, waste of money 466",Negative
"Very disappointed, not worth it 466",Negative
"Bad experience, would not recommend 466",Negative
"Poor quality, very unhappy 466",Negative
"Worst purchase ever, regret buying 466",Negative
I love this product! It's amazing! 467,Positive
"Great experience, highly recommended 467",Positive
"Wonderful service, very satisfied 467",Positive
"Excellent quality, best purchase ever 467",Positive
"Fantastic, I'm so happy with this 467",Positive
"Terrible product, waste of money 467",Negative
"Very disappointed, not worth it 467",Negative
"Bad experience, would not recommend 467",Negative
"Poor quality, very unhappy 467",Negative
"Worst purchase ever, regret buying 467",Negative
I love this product! It's amazing! 468,Positive
"Great experience, highly recommended 468",Positive
"Wonderful service, very satisfied 468",Positive
"Excellent quality, best purchase ever 468",Positive
"Fantastic, I'm so happy with this 468",Positive
"Terrible product, waste of money 468",Negative
"Very disappointed, not worth it 468",Negative
"Bad experience, would not recommend 468",Negative
"Poor quality, very unhappy 468",Negative
"Worst purchase ever, regret buying 468",Negative
I love this product! It's amazing! 469,Positive
"Great experience, highly recommended 469",Positive
"Wonderful service, very satisfied 469",Positive
"Excellent quality, best purchase ever 469",Positive
"Fantastic, I'm so happy with this 469",Positive
"Terrible product, waste of money 469",Negative
"Very disappointed, not worth it 469",Negative
"Bad experience, would not recommend 469",Negative
"Poor quality, very unhappy 469",Negative
"Worst purchase ever, regret buying 469",Negative
I love this product! It's amazing! 470,Positive
"Great experience, highly recommended 470",Positive
"Wonderful service, very satisfied 470",Positive
"Excellent quality, best purchase ever 470",Positive
"Fantastic, I'm so happy with this 470",Positive
"Terrible product, waste of money 470",Negative
"Very disappointed, not worth it 470",Negative
"Bad experience, would not recommend 470",Negative
"Poor quality, very unhappy 470",Negative
"Worst purchase ever, regret buying 470",Negative
I love this product! It's amazing! 471,Positive
"Great experience, highly recommended 471",Positive
"Wonderful service, very satisfied 471",Positive
"Excellent quality, best purchase ever 471",Positive
"Fantastic, I'm so happy with this 471",Positive
"Terrible product, waste of money 471",Negative
"Very disappointed, not worth it 471",Negative
"Bad experience, would not recommend 471",Negative
"Poor quality, very unhappy 471",Negative
"Worst purchase ever, regret buying 471",Negative
I love this product! It's amazing! 472,Positive
"Great experience, highly recommended 472",Positive
"Wonderful service, very satisfied 472",Positive
"Excellent quality, best purchase ever 472",Positive
"Fantastic, I'm so happy with this 472",Positive
"Terrible product, waste of money 472",Negative
"Very disappointed, not worth it 472",Negative
"Bad experience, would not recommend 472",Negative
"Poor quality, very unhappy 472",Negative
"Worst purchase ever, regret buying 472",Negative
I love this product! It's amazing! 473,Positive
"Great experience, highly recommended 473",Positive
"Wonderful service, very satisfied 473",Positive
"Excellent quality, best purchase ever 473",Positive
"Fantastic, I'm so happy with this 473",Positive
"Terrible product, waste of money 473",Negative
"Very disappointed, not worth it 473",Negative
"Bad experience, would not recommend 473",Negative
"Poor quality, very unhappy 473",Negative
"Worst purchase ever, regret buying 473",Negative
I love this product! It's amazing! 474,Positive
"Great experience, highly recommended 474",Positive
"Wonderful service, very satisfied 474",Positive
"Excellent quality, best purchase ever 474",Positive
"Fantastic, I'm so happy with this 474",Positive
"Terrible product, waste of money 474",Negative
"Very disappointed, not worth it 474",Negative
"Bad experience, would not recommend 474",Negative
"Poor quality, very unhappy 474",Negative
"Worst purchase ever, regret buying 474",Negative
I love this product! It's amazing! 475,Positive
"Great experience, highly recommended 475",Positive
"Wonderful service, very satisfied 475",Positive
"Excellent quality, best purchase ever 475",Positive
"Fantastic, I'm so happy with this 475",Positive
"Terrible product, waste of money 475",Negative
"Very disappointed, not worth it 475",Negative
"Bad experience, would not recommend 475",Negative
"Poor quality, very unhappy 475",Negative
"Worst purchase ever, regret buying 475",Negative
I love this product! It's amazing! 476,Positive
"Great experience, highly recommended 476",Positive
"Wonderful service, very satisfied 476",Positive
"Excellent quality, best purchase ever 476",Positive
"Fantastic, I'm so happy with this 476",Positive
"Terrible product, waste of money 476",Negative
"Very disappointed, not worth it 476",Negative
"Bad experience, would not recommend 476",Negative
"Poor quality, very unhappy 476",Negative
"Worst purchase ever, regret buying 476",Negative
I love this product! It's amazing! 477,Positive
"Great experience, highly recommended 477",Positive
"Wonderful service, very satisfied 477",Positive
"Excellent quality, best purchase ever 477",Positive
"Fantastic, I'm so happy with this 477",Positive
"Terrible product, waste of money 477",Negative
"Very disappointed, not worth it 477",Negative
"Bad experience, would not recommend 477",Negative
"Poor quality, very unhappy 477",Negative
"Worst purchase ever, regret buying 477",Negative
I love this product! It's amazing! 478,Positive
"Great experience, highly recommended 478",Positive
"Wonderful service, very satisfied 478",Positive
"Excellent quality, best purchase ever 478",Positive
"Fantastic, I'm so happy with this 478",Positive
"Terrible product, waste of money 478",Negative
"Very disappointed, not worth it 478",Negative
"Bad experience, would not recommend 478",Negative
"Poor quality, very unhappy 478",Negative
"Worst purchase ever, regret buying 478",Negative
I love this product! It's amazing! 479,Positive
"Great experience, highly recommended 479",Positive
"Wonderful service, very satisfied 479",Positive
"Excellent quality, best purchase ever 479",Positive
"Fantastic, I'm so happy with this 479",Positive
"Terrible product, waste of money 479",Negative
"Very disappointed, not worth it 479",Negative
"Bad experience, would not recommend 479",Negative
"Poor quality, very unhappy 479",Negative
"Worst purchase ever, regret buying 479",Negative
I love this product! It's amazing! 480,Positive
"Great experience, highly recommended 480",Positive
"Wonderful service, very satisfied 480",Positive
"Excellent quality, best purchase ever 480",Positive
"Fantastic, I'm so happy with this 480",Positive
"Terrible product, waste of money 480",Negative
"Very disappointed, not worth it 480",Negative
"Bad experience, would not recommend 480",Negative
"Poor quality, very unhappy 480",Negative
"Worst purchase ever, regret buying 480",Negative
I love this product! It's amazing! 481,Positive
"Great experience, highly recommended 481",Positive
"Wonderful service, very satisfied 481",Positive
"Excellent quality, best purchase ever 481",Positive
"Fantastic, I'm so happy with this 481",Positive
"Terrible product, waste of money 481",Negative
"Very disappointed, not worth it 481",Negative
"Bad experience, would not recommend 481",Negative
"Poor quality, very unhappy 481",Negative
"Worst purchase ever, regret buying 481",Negative
I love this product! It's amazing! 482,Positive
"Great experience, highly recommended 482",Positive
"Wonderful service, very satisfied 482",Positive
"Excellent quality, best purchase ever 482",Positive
"Fantastic, I'm so happy with this 482",Positive
"Terrible product, waste of money 482",Negative
"Very disappointed, not worth it 482",Negative
"Bad experience, would not recommend 482",Negative
"Poor quality, very unhappy 482",Negative
"Worst purchase ever, regret buying 482",Negative
I love this product! It's amazing! 483,Positive
"Great experience, highly recommended 483",Positive
"Wonderful service, very satisfied 483",Positive
"Excellent quality, best purchase ever 483",Positive
"Fantastic, I'm so happy with this 483",Positive
"Terrible product, waste of money 483",Negative
"Very disappointed, not worth it 483",Negative
"Bad experience, would not recommend 483",Negative
"Poor quality, very unhappy 483",Negative
"Worst purchase ever, regret buying 483",Negative
I love this product! It's amazing! 484,Positive
"Great experience, highly recommended 484",Positive
"Wonderful service, very satisfied 484",Positive
"Excellent quality, best purchase ever 484",Positive
"Fantastic, I'm so happy with this 484",Positive
"Terrible product, waste of money 484",Negative
"Very disappointed, not worth it 484",Negative
"Bad experience, would not recommend 484",Negative
"Poor quality, very unhappy 484",Negative
"Worst purchase ever, regret buying 484",Negative
I love this product! It's amazing! 485,Positive
"Great experience, highly recommended 485",Positive
"Wonderful service, very satisfied 485",Positive
"Excellent quality, best purchase ever 485",Positive
"Fantastic, I'm so happy with this 485",Positive
"Terrible product, waste of money 485",Negative
"Very disappointed, not worth it 485",Negative
"Bad experience, would not recommend 485",Negative
"Poor quality, very unhappy 485",Negative
"Worst purchase ever, regret buying 485",Negative
I love this product! It's amazing! 486,Positive
"Great experience, highly recommended 486",Positive
"Wonderful service, very satisfied 486",Positive
"Excellent quality, best purchase ever 486",Positive
"Fantastic, I'm so happy with this 486",Positive
"Terrible product, waste of money 486",Negative
"Very disappointed, not worth it 486",Negative
"Bad experience, would not recommend 486",Negative
"Poor quality, very unhappy 486",Negative
"Worst purchase ever, regret buying 486",Negative
I love this product! It's amazing! 487,Positive
"Great experience, highly recommended 487",Positive
"Wonderful service, very satisfied 487",Positive
"Excellent quality, best purchase ever 487",Positive
"Fantastic, I'm so happy with this 487",Positive
"Terrible product, waste of money 487",Negative
"Very disappointed, not worth it 487",Negative
"Bad experience, would not recommend 487",Negative
"Poor quality, very unhappy 487",Negative
"Worst purchase ever, regret buying 487",Negative
I love this product! It's amazing! 488,Positive
"Great experience, highly recommended 488",Positive
"Wonderful service, very satisfied 488",Positive
"Excellent quality, best purchase ever 488",Positive
"Fantastic, I'm so happy with this 488",Positive
"Terrible product, waste of money 488",Negative
"Very disappointed, not worth it 488",Negative
"Bad experience, would not recommend 488",Negative
"Poor quality, very unhappy 488",Negative
"Worst purchase ever, regret buying 488",Negative
I love this product! It's amazing! 489,Positive
"Great experience, highly recommended 489",Positive
"Wonderful service, very satisfied 489",Positive
"Excellent quality, best purchase ever 489",Positive
"Fantastic, I'm so happy with this 489",Positive
"Terrible product, waste of money 489",Negative
"Very disappointed, not worth it 489",Negative
"Bad experience, would not recommend 489",Negative
"Poor quality, very unhappy 489",Negative
"Worst purchase ever, regret buying 489",Negative
I love this product! It's amazing! 490,Positive
"Great experience, highly recommended 490",Positive
"Wonderful service, very satisfied 490",Positive
"Excellent quality, best purchase ever 490",Positive
"Fantastic, I'm so happy with this 490",Positive
"Terrible product, waste of money 490",Negative
"Very disappointed, not worth it 490",Negative
"Bad experience, would not recommend 490",Negative
"Poor quality, very unhappy 490",Negative
"Worst purchase ever, regret buying 490",Negative
I love this product! It's amazing! 491,Positive
"Great experience, highly recommended 491",Positive
"Wonderful service, very satisfied 491",Positive
"Excellent quality, best purchase ever 491",Positive
"Fantastic, I'm so happy with this 491",Positive
"Terrible product, waste of money 491",Negative
"Very disappointed, not worth it 491",Negative
"Bad experience, would not recommend 491",Negative
"Poor quality, very unhappy 491",Negative
"Worst purchase ever, regret buying 491",Negative
I love this product! It's amazing! 492,Positive
"Great experience, highly recommended 492",Positive
"Wonderful service, very satisfied 492",Positive
"Excellent quality, best purchase ever 492",Positive
"Fantastic, I'm so happy with this 492",Positive
"Terrible product, waste of money 492",Negative
"Very disappointed, not worth it 492",Negative
"Bad experience, would not recommend 492",Negative
"Poor quality, very unhappy 492",Negative
"Worst purchase ever, regret buying 492",Negative
I love this product! It's amazing! 493,Positive
"Great experience, highly recommended 493",Positive
"Wonderful service, very satisfied 493",Positive
"Excellent quality, best purchase ever 493",Positive
"Fantastic, I'm so happy with this 493",Positive
"Terrible product, waste of money 493",Negative
"Very disappointed, not worth it 493",Negative
"Bad experience, would not recommend 493",Negative
"Poor quality, very unhappy 493",Negative
"Worst purchase ever, regret buying 493",Negative
I love this product! It's amazing! 494,Positive
"Great experience, highly recommended 494",Positive
"Wonderful service, very satisfied 494",Positive
"Excellent quality, best purchase ever 494",Positive
"Fantastic, I'm so happy with this 494",Positive
"Terrible product, waste of money 494",Negative
"Very disappointed, not worth it 494",Negative
"Bad experience, would not recommend 494",Negative
"Poor quality, very unhappy 494",Negative
"Worst purchase ever, regret buying 494",Negative
I love this product! It's amazing! 495,Positive
"Great experience, highly recommended 495",Positive
"Wonderful service, very satisfied 495",Positive
"Excellent quality, best purchase ever 495",Positive
"Fantastic, I'm so happy with this 495",Positive
"Terrible product, waste of money 495",Negative
"Very disappointed, not worth it 495",Negative
"Bad experience, would not recommend 495",Negative
"Poor quality, very unhappy 495",Negative
"Worst purchase ever, regret buying 495",Negative
I love this product! It's amazing! 496,Positive
"Great experience, highly recommended 496",Positive
"Wonderful service, very satisfied 496",Positive
"Excellent quality, best purchase ever 496",Positive
"Fantastic, I'm so happy with this 496",Positive
"Terrible product, waste of money 496",Negative
"Very disappointed, not worth it 496",Negative
"Bad experience, would not recommend 496",Negative
"Poor quality, very unhappy 496",Negative
"Worst purchase ever, regret buying 496",Negative
I love this product! It's amazing! 497,Positive
"Great experience, highly recommended 497",Positive
"Wonderful service, very satisfied 497",Positive
"Excellent quality, best purchase ever 497",Positive
"Fantastic, I'm so happy with this 497",Positive
"Terrible product, waste of money 497",Negative
"Very disappointed, not worth it 497",Negative
"Bad experience, would not recommend 497",Negative
"Poor quality, very unhappy 497",Negative
"Worst purchase ever, regret buying 497",Negative
I love this product! It's amazing! 498,Positive
"Great experience, highly recommended 498",Positive
"Wonderful service, very satisfied 498",Positive
"Excellent quality, best purchase ever 498",Positive
"Fantastic, I'm so happy with this 498",Positive
"Terrible product, waste of money 498",Negative
"Very disappointed, not worth it 498",Negative
"Bad experience, would not recommend 498",Negative
"Poor quality, very unhappy 498",Negative
"Worst purchase ever, regret buying 498",Negative
I love this product! It's amazing! 499,Positive
"Great experience, highly recommended 499",Positive
"Wonderful service, very satisfied 499",Positive
"Excellent quality, best purchase ever 499",Positive
"Fantastic, I'm so happy with this 499",Positive
"Terrible product, waste of money 499",Negative
"Very disappointed, not worth it 499",Negative
"Bad experience, would not recommend 499",Negative
"Poor quality, very unhappy 499",Negative
"Worst purchase ever, regret buying 499",Negative
I love this product! It's amazing! 500,Positive
"Great experience, highly recommended 500",Positive
"Wonderful service, very satisfied 500",Positive
"Excellent quality, best purchase ever 500",Positive
"Fantastic, I'm so happy with this 500",Positive
"Terrible product, waste of money 500",Negative
"Very disappointed, not worth it 500",Negative
"Bad experience, would not recommend 500",Negative
"Poor quality, very unhappy 500",Negative
"Worst purchase ever, regret buying 500",Negative
I love this product! It's amazing! 501,Positive
"Great experience, highly recommended 501",Positive
"Wonderful service, very satisfied 501",Positive
"Excellent quality, best purchase ever 501",Positive
"Fantastic, I'm so happy with this 501",Positive
"Terrible product, waste of money 501",Negative
"Very disappointed, not worth it 501",Negative
"Bad experience, would not recommend 501",Negative
"Poor quality, very unhappy 501",Negative
"Worst purchase ever, regret buying 501",Negative
I love this product! It's amazing! 502,Positive
"Great experience, highly recommended 502",Positive
"Wonderful service, very satisfied 502",Positive
"Excellent quality, best purchase ever 502",Positive
"Fantastic, I'm so happy with this 502",Positive
"Terrible product, waste of money 502",Negative
"Very disappointed, not worth it 502",Negative
"Bad experience, would not recommend 502",Negative
"Poor quality, very unhappy 502",Negative
"Worst purchase ever, regret buying 502",Negative
I love this product! It's amazing! 503,Positive
"Great experience, highly recommended 503",Positive
"Wonderful service, very satisfied 503",Positive
"Excellent quality, best purchase ever 503",Positive
"Fantastic, I'm so happy with this 503",Positive
"Terrible product, waste of money 503",Negative
"Very disappointed, not worth it 503",Negative
"Bad experience, would not recommend 503",Negative
"Poor quality, very unhappy 503",Negative
"Worst purchase ever, regret buying 503",Negative
I love this product! It's amazing! 504,Positive
"Great experience, highly recommended 504",Positive
"Wonderful service, very satisfied 504",Positive
"Excellent quality, best purchase ever 504",Positive
"Fantastic, I'm so happy with this 504",Positive
"Terrible product, waste of money 504",Negative
"Very disappointed, not worth it 504",Negative
"Bad experience, would not recommend 504",Negative
"Poor quality, very unhappy 504",Negative
"Worst purchase ever, regret buying 504",Negative
I love this product! It's amazing! 505,Positive
"Great experience, highly recommended 505",Positive
"Wonderful service, very satisfied 505",Positive
"Excellent quality, best purchase ever 505",Positive
"Fantastic, I'm so happy with this 505",Positive
"Terrible product, waste of money 505",Negative
"Very disappointed, not worth it 505",Negative
"Bad experience, would not recommend 505",Negative
"Poor quality, very unhappy 505",Negative
"Worst purchase ever, regret buying 505",Negative
I love this product! It's amazing! 506,Positive
"Great experience, highly recommended 506",Positive
"Wonderful service, very satisfied 506",Positive
"Excellent quality, best purchase ever 506",Positive
"Fantastic, I'm so happy with this 506",Positive
"Terrible product, waste of money 506",Negative
"Very disappointed, not worth it 506",Negative
"Bad experience, would not recommend 506",Negative
"Poor quality, very unhappy 506",Negative
"Worst purchase ever, regret buying 506",Negative
I love this product! It's amazing! 507,Positive
"Great experience, highly recommended 507",Positive
"Wonderful service, very satisfied 507",Positive
"Excellent quality, best purchase ever 507",Positive
"Fantastic, I'm so happy with this 507",Positive
"Terrible product, waste of money 507",Negative
"Very disappointed, not worth it 507",Negative
"Bad experience, would not recommend 507",Negative
"Poor quality, very unhappy 507",Negative
"Worst purchase ever, regret buying 507",Negative
I love this product! It's amazing! 508,Positive
"Great experience, highly recommended 508",Positive
"Wonderful service, very satisfied 508",Positive
"Excellent quality, best purchase ever 508",Positive
"Fantastic, I'm so happy with this 508",Positive
"Terrible product, waste of money 508",Negative
"Very disappointed, not worth it 508",Negative
"Bad experience, would not recommend 508",Negative
"Poor quality, very unhappy 508",Negative
"Worst purchase ever, regret buying 508",Negative
I love this product! It's amazing! 509,Positive
"Great experience, highly recommended 509",Positive
"Wonderful service, very satisfied 509",Positive
"Excellent quality, best purchase ever 509",Positive
"Fantastic, I'm so happy with this 509",Positive
"Terrible product, waste of money 509",Negative
"Very disappointed, not worth it 509",Negative
"Bad experience, would not recommend 509",Negative
"Poor quality, very unhappy 509",Negative
"Worst purchase ever, regret buying 509",Negative
I love this product! It's amazing! 510,Positive
"Great experience, highly recommended 510",Positive
"Wonderful service, very satisfied 510",Positive
"Excellent quality, best purchase ever 510",Positive
"Fantastic, I'm so happy with this 510",Positive
"Terrible product, waste of money 510",Negative
"Very disappointed, not worth it 510",Negative
"Bad experience, would not recommend 510",Negative
"Poor quality, very unhappy 510",Negative
"Worst purchase ever, regret buying 510",Negative
I love this product! It's amazing! 511,Positive
"Great experience, highly recommended 511",Positive
"Wonderful service, very satisfied 511",Positive
"Excellent quality, best purchase ever 511",Positive
"Fantastic, I'm so happy with this 511",Positive
"Terrible product, waste of money 511",Negative
"Very disappointed, not worth it 511",Negative
"Bad experience, would not recommend 511",Negative
"Poor quality, very unhappy 511",Negative
"Worst purchase ever, regret buying 511",Negative
I love this product! It's amazing! 512,Positive
"Great experience, highly recommended 512",Positive
"Wonderful service, very satisfied 512",Positive
"Excellent quality, best purchase ever 512",Positive
"Fantastic, I'm so happy with this 512",Positive
"Terrible product, waste of money 512",Negative
"Very disappointed, not worth it 512",Negative
"Bad experience, would not recommend 512",Negative
"Poor quality, very unhappy 512",Negative
"Worst purchase ever, regret buying 512",Negative
I love this product! It's amazing! 513,Positive
"Great experience, highly recommended 513",Positive
"Wonderful service, very satisfied 513",Positive
"Excellent quality, best purchase ever 513",Positive
"Fantastic, I'm so happy with this 513",Positive
"Terrible product, waste of money 513",Negative
"Very disappointed, not worth it 513",Negative
"Bad experience, would not recommend 513",Negative
"Poor quality, very unhappy 513",Negative
"Worst purchase ever, regret buying 513",Negative
I love this product! It's amazing! 514,Positive
"Great experience, highly recommended 514",Positive
"Wonderful service, very satisfied 514",Positive
"Excellent quality, best purchase ever 514",Positive
"Fantastic, I'm so happy with this 514",Positive
"Terrible product, waste of money 514",Negative
"Very disappointed, not worth it 514",Negative
"Bad experience, would not recommend 514",Negative
"Poor quality, very unhappy 514",Negative
"Worst purchase ever, regret buying 514",Negative
I love this product! It's amazing! 515,Positive
"Great experience, highly recommended 515",Positive
"Wonderful service, very satisfied 515",Positive
"Excellent quality, best purchase ever 515",Positive
"Fantastic, I'm so happy with this 515",Positive
"Terrible product, waste of money 515",Negative
"Very disappointed, not worth it 515",Negative
"Bad experience, would not recommend 515",Negative
"Poor quality, very unhappy 515",Negative
"Worst purchase ever, regret buying 515",Negative
I love this product! It's amazing! 516,Positive
"Great experience, highly recommended 516",Positive
"Wonderful service, very satisfied 516",Positive
"Excellent quality, best purchase ever 516",Positive
"Fantastic, I'm so happy with this 516",Positive
"Terrible product, waste of money 516",Negative
"Very disappointed, not worth it 516",Negative
"Bad experience, would not recommend 516",Negative
"Poor quality, very unhappy 516",Negative
"Worst purchase ever, regret buying 516",Negative
I love this product! It's amazing! 517,Positive
"Great experience, highly recommended 517",Positive
"Wonderful service, very satisfied 517",Positive
"Excellent quality, best purchase ever 517",Positive
"Fantastic, I'm so happy with this 517",Positive
"Terrible product, waste of money 517",Negative
"Very disappointed, not worth it 517",Negative
"Bad experience, would not recommend 517",Negative
"Poor quality, very unhappy 517",Negative
"Worst purchase ever, regret buying 517",Negative
I love this product! It's amazing! 518,Positive
"Great experience, highly recommended 518",Positive
"Wonderful service, very satisfied 518",Positive
"Excellent quality, best purchase ever 518",Positive
"Fantastic, I'm so happy with this 518",Positive
"Terrible product, waste of money 518",Negative
"Very disappointed, not worth it 518",Negative
"Bad experience, would not recommend 518",Negative
"Poor quality, very unhappy 518",Negative
"Worst purchase ever, regret buying 518",Negative
I love this product! It's amazing! 519,Positive
"Great experience, highly recommended 519",Positive
"Wonderful service, very satisfied 519",Positive
"Excellent quality, best purchase ever 519",Positive
"Fantastic, I'm so happy with this 519",Positive
"Terrible product, waste of money 519",Negative
"Very disappointed, not worth it 519",Negative
"Bad experience, would not recommend 519",Negative
"Poor quality, very unhappy 519",Negative
"Worst purchase ever, regret buying 519",Negative
I love this product! It's amazing! 520,Positive
"Great experience, highly recommended 520",Positive
"Wonderful service, very satisfied 520",Positive
"Excellent quality, best purchase ever 520",Positive
"Fantastic, I'm so happy with this 520",Positive
"Terrible product, waste of money 520",Negative
"Very disappointed, not worth it 520",Negative
"Bad experience, would not recommend 520",Negative
"Poor quality, very unhappy 520",Negative
"Worst purchase ever, regret buying 520",Negative
I love this product! It's amazing! 521,Positive
"Great experience, highly recommended 521",Positive
"Wonderful service, very satisfied 521",Positive
"Excellent quality, best purchase ever 521",Positive
"Fantastic, I'm so happy with this 521",Positive
"Terrible product, waste of money 521",Negative
"Very disappointed, not worth it 521",Negative
"Bad experience, would not recommend 521",Negative
"Poor quality, very unhappy 521",Negative
"Worst purchase ever, regret buying 521",Negative
I love this product! It's amazing! 522,Positive
"Great experience, highly recommended 522",Positive
"Wonderful service, very satisfied 522",Positive
"Excellent quality, best purchase ever 522",Positive
"Fantastic, I'm so happy with this 522",Positive
"Terrible product, waste of money 522",Negative
"Very disappointed, not worth it 522",Negative
"Bad experience, would not recommend 522",Negative
"Poor quality, very unhappy 522",Negative
"Worst purchase ever, regret buying 522",Negative
I love this product! It's amazing! 523,Positive
"Great experience, highly recommended 523",Positive
"Wonderful service, very satisfied 523",Positive
"Excellent quality, best purchase ever 523",Positive
"Fantastic, I'm so happy with this 523",Positive
"Terrible product, waste of money 523",Negative
"Very disappointed, not worth it 523",Negative
"Bad experience, would not recommend 523",Negative
"Poor quality, very unhappy 523",Negative
"Worst purchase ever, regret buying 523",Negative
I love this product! It's amazing! 524,Positive
"Great experience, highly recommended 524",Positive
"Wonderful service, very satisfied 524",Positive
"Excellent quality, best purchase ever 524",Positive
"Fantastic, I'm so happy with this 524",Positive
"Terrible product, waste of money 524",Negative
"Very disappointed, not worth it 524",Negative
"Bad experience, would not recommend 524",Negative
"Poor quality, very unhappy 524",Negative
"Worst purchase ever, regret buying 524",Negative
I love this product! It's amazing! 525,Positive
"Great experience, highly recommended 525",Positive
"Wonderful service, very satisfied 525",Positive
"Excellent quality, best purchase ever 525",Positive
"Fantastic, I'm so happy with this 525",Positive
"Terrible product, waste of money 525",Negative
"Very disappointed, not worth it 525",Negative
"Bad experience, would not recommend 525",Negative
"Poor quality, very unhappy 525",Negative
"Worst purchase ever, regret buying 525",Negative
I love this product! It's amazing! 526,Positive
"Great experience, highly recommended 526",Positive
"Wonderful service, very satisfied 526",Positive
"Excellent quality, best purchase ever 526",Positive
"Fantastic, I'm so happy with this 526",Positive
"Terrible product, waste of money 526",Negative
"Very disappointed, not worth it 526",Negative
"Bad experience, would not recommend 526",Negative
"Poor quality, very unhappy 526",Negative
"Worst purchase ever, regret buying 526",Negative
I love this product! It's amazing! 527,Positive
"Great experience, highly recommended 527",Positive
"Wonderful service, very satisfied 527",Positive
"Excellent quality, best purchase ever 527",Positive
"Fantastic, I'm so happy with this 527",Positive
"Terrible product, waste of money 527",Negative
"Very disappointed, not worth it 527",Negative
"Bad experience, would not recommend 527",Negative
"Poor quality, very unhappy 527",Negative
"Worst purchase ever, regret buying 527",Negative
I love this product! It's amazing! 528,Positive
"Great experience, highly recommended 528",Positive
"Wonderful service, very satisfied 528",Positive
"Excellent quality, best purchase ever 528",Positive
"Fantastic, I'm so happy with this 528",Positive
"Terrible product, waste of money 528",Negative
"Very disappointed, not worth it 528",Negative
"Bad experience, would not recommend 528",Negative
"Poor quality, very unhappy 528",Negative
"Worst purchase ever, regret buying 528",Negative
I love this product! It's amazing! 529,Positive
"Great experience, highly recommended 529",Positive
"Wonderful service, very satisfied 529",Positive
"Excellent quality, best purchase ever 529",Positive
"Fantastic, I'm so happy with this 529",Positive
"Terrible product, waste of money 529",Negative
"Very disappointed, not worth it 529",Negative
"Bad experience, would not recommend 529",Negative
"Poor quality, very unhappy 529",Negative
"Worst purchase ever, regret buying 529",Negative
I love this product! It's amazing! 530,Positive
"Great experience, highly recommended 530",Positive
"Wonderful service, very satisfied 530",Positive
"Excellent quality, best purchase ever 530",Positive
"Fantastic, I'm so happy with this 530",Positive
"Terrible product, waste of money 530",Negative
"Very disappointed, not worth it 530",Negative
"Bad experience, would not recommend 530",Negative
"Poor quality, very unhappy 530",Negative
"Worst purchase ever, regret buying 530",Negative
I love this product! It's amazing! 531,Positive
"Great experience, highly recommended 531",Positive
"Wonderful service, very satisfied 531",Positive
"Excellent quality, best purchase ever 531",Positive
"Fantastic, I'm so happy with this 531",Positive
"Terrible product, waste of money 531",Negative
"Very disappointed, not worth it 531",Negative
"Bad experience, would not recommend 531",Negative
"Poor quality, very unhappy 531",Negative
"Worst purchase ever, regret buying 531",Negative
I love this product! It's amazing! 532,Positive
"Great experience, highly recommended 532",Positive
"Wonderful service, very satisfied 532",Positive
"Excellent quality, best purchase ever 532",Positive
"Fantastic, I'm so happy with this 532",Positive
"Terrible product, waste of money 532",Negative
"Very disappointed, not worth it 532",Negative
"Bad experience, would not recommend 532",Negative
"Poor quality, very unhappy 532",Negative
"Worst purchase ever, regret buying 532",Negative
I love this product! It's amazing! 533,Positive
"Great experience, highly recommended 533",Positive
"Wonderful service, very satisfied 533",Positive
"Excellent quality, best purchase ever 533",Positive
"Fantastic, I'm so happy with this 533",Positive
"Terrible product, waste of money 533",Negative
"Very disappointed, not worth it 533",Negative
"Bad experience, would not recommend 533",Negative
"Poor quality, very unhappy 533",Negative
"Worst purchase ever, regret buying 533",Negative
I love this product! It's amazing! 534,Positive
"Great experience, highly recommended 534",Positive
"Wonderful service, very satisfied 534",Positive
"Excellent quality, best purchase ever 534",Positive
"Fantastic, I'm so happy with this 534",Positive
"Terrible product, waste of money 534",Negative
"Very disappointed, not worth it 534",Negative
"Bad experience, would not recommend 534",Negative
"Poor quality, very unhappy 534",Negative
"Worst purchase ever, regret buying 534",Negative
I love this product! It's amazing! 535,Positive
"Great experience, highly recommended 535",Positive
"Wonderful service, very satisfied 535",Positive
"Excellent quality, best purchase ever 535",Positive
"Fantastic, I'm so happy with this 535",Positive
"Terrible product, waste of money 535",Negative
"Very disappointed, not worth it 535",Negative
"Bad experience, would not recommend 535",Negative
"Poor quality, very unhappy 535",Negative
"Worst purchase ever, regret buying 535",Negative
I love this product! It's amazing! 536,Positive
"Great experience, highly recommended 536",Positive
"Wonderful service, very satisfied 536",Positive
"Excellent quality, best purchase ever 536",Positive
"Fantastic, I'm so happy with this 536",Positive
"Terrible product, waste of money 536",Negative
"Very disappointed, not worth it 536",Negative
"Bad experience, would not recommend 536",Negative
"Poor quality, very unhappy 536",Negative
"Worst purchase ever, regret buying 536",Negative
I love this product! It's amazing! 537,Positive
"Great experience, highly recommended 537",Positive
"Wonderful service, very satisfied 537",Positive
"Excellent quality, best purchase ever 537",Positive
"Fantastic, I'm so happy with this 537",Positive
"Terrible product, waste of money 537",Negative
"Very disappointed, not worth it 537",Negative
"Bad experience, would not recommend 537",Negative
"Poor quality, very unhappy 537",Negative
"Worst purchase ever, regret buying 537",Negative
I love this product! It's amazing! 538,Positive
"Great experience, highly recommended 538",Positive
"Wonderful service, very satisfied 538",Positive
"Excellent quality, best purchase ever 538",Positive
"Fantastic, I'm so happy with this 538",Positive
"Terrible product, waste of money 538",Negative
"Very disappointed, not worth it 538",Negative
"Bad experience, would not recommend 538",Negative
"Poor quality, very unhappy 538",Negative
"Worst purchase ever, regret buying 538",Negative
I love this product! It's amazing! 539,Positive
"Great experience, highly recommended 539",Positive
"Wonderful service, very satisfied 539",Positive
"Excellent quality, best purchase ever 539",Positive
"Fantastic, I'm so happy with this 539",Positive
"Terrible product, waste of money 539",Negative
"Very disappointed, not worth it 539",Negative
"Bad experience, would not recommend 539",Negative
"Poor quality, very unhappy 539",Negative
"Worst purchase ever, regret buying 539",Negative
I love this product! It's amazing! 540,Positive
"Great experience, highly recommended 540",Positive
"Wonderful service, very satisfied 540",Positive
"Excellent quality, best purchase ever 540",Positive
"Fantastic, I'm so happy with this 540",Positive
"Terrible product, waste of money 540",Negative
"Very disappointed, not worth it 540",Negative
"Bad experience, would not recommend 540",Negative
"Poor quality, very unhappy 540",Negative
"Worst purchase ever, regret buying 540",Negative
I love this product! It's amazing! 541,Positive
"Great experience, highly recommended 541",Positive
"Wonderful service, very satisfied 541",Positive
"Excellent quality, best purchase ever 541",Positive
"Fantastic, I'm so happy with this 541",Positive
"Terrible product, waste of money 541",Negative
"Very disappointed, not worth it 541",Negative
"Bad experience, would not recommend 541",Negative
"Poor quality, very unhappy 541",Negative
"Worst purchase ever, regret buying 541",Negative
I love this product! It's amazing! 542,Positive
"Great experience, highly recommended 542",Positive
"Wonderful service, very satisfied 542",Positive
"Excellent quality, best purchase ever 542",Positive
"Fantastic, I'm so happy with this 542",Positive
"Terrible product, waste of money 542",Negative
"Very disappointed, not worth it 542",Negative
"Bad experience, would not recommend 542",Negative
"Poor quality, very unhappy 542",Negative
"Worst purchase ever, regret buying 542",Negative
I love this product! It's amazing! 543,Positive
"Great experience, highly recommended 543",Positive
"Wonderful service, very satisfied 543",Positive
"Excellent quality, best purchase ever 543",Positive
"Fantastic, I'm so happy with this 543",Positive
"Terrible product, waste of money 543",Negative
"Very disappointed, not worth it 543",Negative
"Bad experience, would not recommend 543",Negative
"Poor quality, very unhappy 543",Negative
"Worst purchase ever, regret buying 543",Negative
I love this product! It's amazing! 544,Positive
"Great experience, highly recommended 544",Positive
"Wonderful service, very satisfied 544",Positive
"Excellent quality, best purchase ever 544",Positive
"Fantastic, I'm so happy with this 544",Positive
"Terrible product, waste of money 544",Negative
"Very disappointed, not worth it 544",Negative
"Bad experience, would not recommend 544",Negative
"Poor quality, very unhappy 544",Negative
"Worst purchase ever, regret buying 544",Negative
I love this product! It's amazing! 545,Positive
"Great experience, highly recommended 545",Positive
"Wonderful service, very satisfied 545",Positive
"Excellent quality, best purchase ever 545",Positive
"Fantastic, I'm so happy with this 545",Positive
"Terrible product, waste of money 545",Negative
"Very disappointed, not worth it 545",Negative
"Bad experience, would not recommend 545",Negative
"Poor quality, very unhappy 545",Negative
"Worst purchase ever, regret buying 545",Negative
I love this product! It's amazing! 546,Positive
"Great experience, highly recommended 546",Positive
"Wonderful service, very satisfied 546",Positive
"Excellent quality, best purchase ever 546",Positive
"Fantastic, I'm so happy with this 546",Positive
"Terrible product, waste of money 546",Negative
"Very disappointed, not worth it 546",Negative
"Bad experience, would not recommend 546",Negative
"Poor quality, very unhappy 546",Negative
"Worst purchase ever, regret buying 546",Negative
I love this product! It's amazing! 547,Positive
"Great experience, highly recommended 547",Positive
"Wonderful service, very satisfied 547",Positive
"Excellent quality, best purchase ever 547",Positive
"Fantastic, I'm so happy with this 547",Positive
"Terrible product, waste of money 547",Negative
"Very disappointed, not worth it 547",Negative
"Bad experience, would not recommend 547",Negative
"Poor quality, very unhappy 547",Negative
"Worst purchase ever, regret buying 547",Negative
I love this product! It's amazing! 548,Positive
"Great experience, highly recommended 548",Positive
"Wonderful service, very satisfied 548",Positive
"Excellent quality, best purchase ever 548",Positive
"Fantastic, I'm so happy with this 548",Positive
"Terrible product, waste of money 548",Negative
"Very disappointed, not worth it 548",Negative
"Bad experience, would not recommend 548",Negative
"Poor quality, very unhappy 548",Negative
"Worst purchase ever, regret buying 548",Negative
I love this product! It's amazing! 549,Positive
"Great experience, highly recommended 549",Positive
"Wonderful service, very satisfied 549",Positive
"Excellent quality, best purchase ever 549",Positive
"Fantastic, I'm so happy with this 549",Positive
"Terrible product, waste of money 549",Negative
"Very disappointed, not worth it 549",Negative
"Bad experience, would not recommend 549",Negative
"Poor quality, very unhappy 549",Negative
"Worst purchase ever, regret buying 549",Negative
I love this product! It's amazing! 550,Positive
"Great experience, highly recommended 550",Positive
"Wonderful service, very satisfied 550",Positive
"Excellent quality, best purchase ever 550",Positive
"Fantastic, I'm so happy with this 550",Positive
"Terrible product, waste of money 550",Negative
"Very disappointed, not worth it 550",Negative
"Bad experience, would not recommend 550",Negative
"Poor quality, very unhappy 550",Negative
"Worst purchase ever, regret buying 550",Negative
I love this product! It's amazing! 551,Positive
"Great experience, highly recommended 551",Positive
"Wonderful service, very satisfied 551",Positive
"Excellent quality, best purchase ever 551",Positive
"Fantastic, I'm so happy with this 551",Positive
"Terrible product, waste of money 551",Negative
"Very disappointed, not worth it 551",Negative
"Bad experience, would not recommend 551",Negative
"Poor quality, very unhappy 551",Negative
"Worst purchase ever, regret buying 551",Negative
I love this product! It's amazing! 552,Positive
"Great experience, highly recommended 552",Positive
"Wonderful service, very satisfied 552",Positive
"Excellent quality, best purchase ever 552",Positive
"Fantastic, I'm so happy with this 552",Positive
"Terrible product, waste of money 552",Negative
"Very disappointed, not worth it 552",Negative
"Bad experience, would not recommend 552",Negative
"Poor quality, very unhappy 552",Negative
"Worst purchase ever, regret buying 552",Negative
I love this product! It's amazing! 553,Positive
"Great experience, highly recommended 553",Positive
"Wonderful service, very satisfied 553",Positive
"Excellent quality, best purchase ever 553",Positive
"Fantastic, I'm so happy with this 553",Positive
"Terrible product, waste of money 553",Negative
"Very disappointed, not worth it 553",Negative
"Bad experience, would not recommend 553",Negative
"Poor quality, very unhappy 553",Negative
"Worst purchase ever, regret buying 553",Negative
I love this product! It's amazing! 554,Positive
"Great experience, highly recommended 554",Positive
"Wonderful service, very satisfied 554",Positive
"Excellent quality, best purchase ever 554",Positive
"Fantastic, I'm so happy with this 554",Positive
"Terrible product, waste of money 554",Negative
"Very disappointed, not worth it 554",Negative
"Bad experience, would not recommend 554",Negative
"Poor quality, very unhappy 554",Negative
"Worst purchase ever, regret buying 554",Negative
I love this product! It's amazing! 555,Positive
"Great experience, highly recommended 555",Positive
"Wonderful service, very satisfied 555",Positive
"Excellent quality, best purchase ever 555",Positive
"Fantastic, I'm so happy with this 555",Positive
"Terrible product, waste of money 555",Negative
"Very disappointed, not worth it 555",Negative
"Bad experience, would not recommend 555",Negative
"Poor quality, very unhappy 555",Negative
"Worst purchase ever, regret buying 555",Negative
I love this product! It's amazing! 556,Positive
"Great experience, highly recommended 556",Positive
"Wonderful service, very satisfied 556",Positive
"Excellent quality, best purchase ever 556",Positive
"Fantastic, I'm so happy with this 556",Positive
"Terrible product, waste of money 556",Negative
"Very disappointed, not worth it 556",Negative
"Bad experience, would not recommend 556",Negative
"Poor quality, very unhappy 556",Negative
"Worst purchase ever, regret buying 556",Negative
I love this product! It's amazing! 557,Positive
"Great experience, highly recommended 557",Positive
"Wonderful service, very satisfied 557",Positive
"Excellent quality, best purchase ever 557",Positive
"Fantastic, I'm so happy with this 557",Positive
"Terrible product, waste of money 557",Negative
"Very disappointed, not worth it 557",Negative
"Bad experience, would not recommend 557",Negative
"Poor quality, very unhappy 557",Negative
"Worst purchase ever, regret buying 557",Negative
I love this product! It's amazing! 558,Positive
"Great experience, highly recommended 558",Positive
"Wonderful service, very satisfied 558",Positive
"Excellent quality, best purchase ever 558",Positive
"Fantastic, I'm so happy with this 558",Positive
"Terrible product, waste of money 558",Negative
"Very disappointed, not worth it 558",Negative
"Bad experience, would not recommend 558",Negative
"Poor quality, very unhappy 558",Negative
"Worst purchase ever, regret buying 558",Negative
I love this product! It's amazing! 559,Positive
"Great experience, highly recommended 559",Positive
"Wonderful service, very satisfied 559",Positive
"Excellent quality, best purchase ever 559",Positive
"Fantastic, I'm so happy with this 559",Positive
"Terrible product, waste of money 559",Negative
"Very disappointed, not worth it 559",Negative
"Bad experience, would not recommend 559",Negative
"Poor quality, very unhappy 559",Negative
"Worst purchase ever, regret buying 559",Negative
I love this product! It's amazing! 560,Positive
"Great experience, highly recommended 560",Positive
"Wonderful service, very satisfied 560",Positive
"Excellent quality, best purchase ever 560",Positive
"Fantastic, I'm so happy with this 560",Positive
"Terrible product, waste of money 560",Negative
"Very disappointed, not worth it 560",Negative
"Bad experience, would not recommend 560",Negative
"Poor quality, very unhappy 560",Negative
"Worst purchase ever, regret buying 560",Negative
I love this product! It's amazing! 561,Positive
"Great experience, highly recommended 561",Positive
"Wonderful service, very satisfied 561",Positive
"Excellent quality, best purchase ever 561",Positive
"Fantastic, I'm so happy with this 561",Positive
"Terrible product, waste of money 561",Negative
"Very disappointed, not worth it 561",Negative
"Bad experience, would not recommend 561",Negative
"Poor quality, very unhappy 561",Negative
"Worst purchase ever, regret buying 561",Negative
I love this product! It's amazing! 562,Positive
"Great experience, highly recommended 562",Positive
"Wonderful service, very satisfied 562",Positive
"Excellent quality, best purchase ever 562",Positive
"Fantastic, I'm so happy with this 562",Positive
"Terrible product, waste of money 562",Negative
"Very disappointed, not worth it 562",Negative
"Bad experience, would not recommend 562",Negative
"Poor quality, very unhappy 562",Negative
"Worst purchase ever, regret buying 562",Negative
I love this product! It's amazing! 563,Positive
"Great experience, highly recommended 563",Positive
"Wonderful service, very satisfied 563",Positive
"Excellent quality, best purchase ever 563",Positive
"Fantastic, I'm so happy with this 563",Positive
"Terrible product, waste of money 563",Negative
"Very disappointed, not worth it 563",Negative
"Bad experience, would not recommend 563",Negative
"Poor quality, very unhappy 563",Negative
"Worst purchase ever, regret buying 563",Negative
I love this product! It's amazing! 564,Positive
"Great experience, highly recommended 564",Positive
"Wonderful service, very satisfied 564",Positive
"Excellent quality, best purchase ever 564",Positive
"Fantastic, I'm so happy with this 564",Positive
"Terrible product, waste of money 564",Negative
"Very disappointed, not worth it 564",Negative
"Bad experience, would not recommend 564",Negative
"Poor quality, very unhappy 564",Negative
"Worst purchase ever, regret buying 564",Negative
I love this product! It's amazing! 565,Positive
"Great experience, highly recommended 565",Positive
"Wonderful service, very satisfied 565",Positive
"Excellent quality, best purchase ever 565",Positive
"Fantastic, I'm so happy with this 565",Positive
"Terrible product, waste of money 565",Negative
"Very disappointed, not worth it 565",Negative
"Bad experience, would not recommend 565",Negative
"Poor quality, very unhappy 565",Negative
"Worst purchase ever, regret buying 565",Negative
I love this product! It's amazing! 566,Positive
"Great experience, highly recommended 566",Positive
"Wonderful service, very satisfied 566",Positive
"Excellent quality, best purchase ever 566",Positive
"Fantastic, I'm so happy with this 566",Positive
"Terrible product, waste of money 566",Negative
"Very disappointed, not worth it 566",Negative
"Bad experience, would not recommend 566",Negative
"Poor quality, very unhappy 566",Negative
"Worst purchase ever, regret buying 566",Negative
I love this product! It's amazing! 567,Positive
"Great experience, highly recommended 567",Positive
"Wonderful service, very satisfied 567",Positive
"Excellent quality, best purchase ever 567",Positive
"Fantastic, I'm so happy with this 567",Positive
"Terrible product, waste of money 567",Negative
"Very disappointed, not worth it 567",Negative
"Bad experience, would not recommend 567",Negative
"Poor quality, very unhappy 567",Negative
"Worst purchase ever, regret buying 567",Negative
I love this product! It's amazing! 568,Positive
"Great experience, highly recommended 568",Positive
"Wonderful service, very satisfied 568",Positive
"Excellent quality, best purchase ever 568",Positive
"Fantastic, I'm so happy with this 568",Positive
"Terrible product, waste of money 568",Negative
"Very disappointed, not worth it 568",Negative
"Bad experience, would not recommend 568",Negative
"Poor quality, very unhappy 568",Negative
"Worst purchase ever, regret buying 568",Negative
I love this product! It's amazing! 569,Positive
"Great experience, highly recommended 569",Positive
"Wonderful service, very satisfied 569",Positive
"Excellent quality, best purchase ever 569",Positive
"Fantastic, I'm so happy with this 569",Positive
"Terrible product, waste of money 569",Negative
"Very disappointed, not worth it 569",Negative
"Bad experience, would not recommend 569",Negative
"Poor quality, very unhappy 569",Negative
"Worst purchase ever, regret buying 569",Negative
I love this product! It's amazing! 570,Positive
"Great experience, highly recommended 570",Positive
"Wonderful service, very satisfied 570",Positive
"Excellent quality, best purchase ever 570",Positive
"Fantastic, I'm so happy with this 570",Positive
"Terrible product, waste of money 570",Negative
"Very disappointed, not worth it 570",Negative
"Bad experience, would not recommend 570",Negative
"Poor quality, very unhappy 570",Negative
"Worst purchase ever, regret buying 570",Negative
I love this product! It's amazing! 571,Positive
"Great experience, highly recommended 571",Positive
"Wonderful service, very satisfied 571",Positive
"Excellent quality, best purchase ever 571",Positive
"Fantastic, I'm so happy with this 571",Positive
"Terrible product, waste of money 571",Negative
"Very disappointed, not worth it 571",Negative
"Bad experience, would not recommend 571",Negative
"Poor quality, very unhappy 571",Negative
"Worst purchase ever, regret buying 571",Negative
I love this product! It's amazing! 572,Positive
"Great experience, highly recommended 572",Positive
"Wonderful service, very satisfied 572",Positive
"Excellent quality, best purchase ever 572",Positive
"Fantastic, I'm so happy with this 572",Positive
"Terrible product, waste of money 572",Negative
"Very disappointed, not worth it 572",Negative
"Bad experience, would not recommend 572",Negative
"Poor quality, very unhappy 572",Negative
"Worst purchase ever, regret buying 572",Negative
I love this product! It's amazing! 573,Positive
"Great experience, highly recommended 573",Positive
"Wonderful service, very satisfied 573",Positive
"Excellent quality, best purchase ever 573",Positive
"Fantastic, I'm so happy with this 573",Positive
"Terrible product, waste of money 573",Negative
"Very disappointed, not worth it 573",Negative
"Bad experience, would not recommend 573",Negative
"Poor quality, very unhappy 573",Negative
"Worst purchase ever, regret buying 573",Negative
I love this product! It's amazing! 574,Positive
"Great experience, highly recommended 574",Positive
"Wonderful service, very satisfied 574",Positive
"Excellent quality, best purchase ever 574",Positive
"Fantastic, I'm so happy with this 574",Positive
"Terrible product, waste of money 574",Negative
"Very disappointed, not worth it 574",Negative
"Bad experience, would not recommend 574",Negative
"Poor quality, very unhappy 574",Negative
"Worst purchase ever, regret buying 574",Negative
I love this product! It's amazing! 575,Positive
"Great experience, highly recommended 575",Positive
"Wonderful service, very satisfied 575",Positive
"Excellent quality, best purchase ever 575",Positive
"Fantastic, I'm so happy with this 575",Positive
"Terrible product, waste of money 575",Negative
"Very disappointed, not worth it 575",Negative
"Bad experience, would not recommend 575",Negative
"Poor quality, very unhappy 575",Negative
"Worst purchase ever, regret buying 575",Negative
I love this product! It's amazing! 576,Positive
"Great experience, highly recommended 576",Positive
"Wonderful service, very satisfied 576",Positive
"Excellent quality, best purchase ever 576",Positive
"Fantastic, I'm so happy with this 576",Positive
"Terrible product, waste of money 576",Negative
"Very disappointed, not worth it 576",Negative
"Bad experience, would not recommend 576",Negative
"Poor quality, very unhappy 576",Negative
"Worst purchase ever, regret buying 576",Negative
I love this product! It's amazing! 577,Positive
"Great experience, highly recommended 577",Positive
"Wonderful service, very satisfied 577",Positive
"Excellent quality, best purchase ever 577",Positive
"Fantastic, I'm so happy with this 577",Positive
"Terrible product, waste of money 577",Negative
"Very disappointed, not worth it 577",Negative
"Bad experience, would not recommend 577",Negative
"Poor quality, very unhappy 577",Negative
"Worst purchase ever, regret buying 577",Negative
I love this product! It's amazing! 578,Positive
"Great experience, highly recommended 578",Positive
"Wonderful service, very satisfied 578",Positive
"Excellent quality, best purchase ever 578",Positive
"Fantastic, I'm so happy with this 578",Positive
"Terrible product, waste of money 578",Negative
"Very disappointed, not worth it 578",Negative
"Bad experience, would not recommend 578",Negative
"Poor quality, very unhappy 578",Negative
"Worst purchase ever, regret buying 578",Negative
I love this product! It's amazing! 579,Positive
"Great experience, highly recommended 579",Positive
"Wonderful service, very satisfied 579",Positive
"Excellent quality, best purchase ever 579",Positive
"Fantastic, I'm so happy with this 579",Positive
"Terrible product, waste of money 579",Negative
"Very disappointed, not worth it 579",Negative
"Bad experience, would not recommend 579",Negative
"Poor quality, very unhappy 579",Negative
"Worst purchase ever, regret buying 579",Negative
I love this product! It's amazing! 580,Positive
"Great experience, highly recommended 580",Positive
"Wonderful service, very satisfied 580",Positive
"Excellent quality, best purchase ever 580",Positive
"Fantastic, I'm so happy with this 580",Positive
"Terrible product, waste of money 580",Negative
"Very disappointed, not worth it 580",Negative
"Bad experience, would not recommend 580",Negative
"Poor quality, very unhappy 580",Negative
"Worst purchase ever, regret buying 580",Negative
I love this product! It's amazing! 581,Positive
"Great experience, highly recommended 581",Positive
"Wonderful service, very satisfied 581",Positive
"Excellent quality, best purchase ever 581",Positive
"Fantastic, I'm so happy with this 581",Positive
"Terrible product, waste of money 581",Negative
"Very disappointed, not worth it 581",Negative
"Bad experience, would not recommend 581",Negative
"Poor quality, very unhappy 581",Negative
"Worst purchase ever, regret buying 581",Negative
I love this product! It's amazing! 582,Positive
"Great experience, highly recommended 582",Positive
"Wonderful service, very satisfied 582",Positive
"Excellent quality, best purchase ever 582",Positive
"Fantastic, I'm so happy with this 582",Positive
"Terrible product, waste of money 582",Negative
"Very disappointed, not worth it 582",Negative
"Bad experience, would not recommend 582",Negative
"Poor quality, very unhappy 582",Negative
"Worst purchase ever, regret buying 582",Negative
I love this product! It's amazing! 583,Positive
"Great experience, highly recommended 583",Positive
"Wonderful service, very satisfied 583",Positive
"Excellent quality, best purchase ever 583",Positive
"Fantastic, I'm so happy with this 583",Positive
"Terrible product, waste of money 583",Negative
"Very disappointed, not worth it 583",Negative
"Bad experience, would not recommend 583",Negative
"Poor quality, very unhappy 583",Negative
"Worst purchase ever, regret buying 583",Negative
I love this product! It's amazing! 584,Positive
"Great experience, highly recommended 584",Positive
"Wonderful service, very satisfied 584",Positive
"Excellent quality, best purchase ever 584",Positive
"Fantastic, I'm so happy with this 584",Positive
"Terrible product, waste of money 584",Negative
"Very disappointed, not worth it 584",Negative
"Bad experience, would not recommend 584",Negative
"Poor quality, very unhappy 584",Negative
"Worst purchase ever, regret buying 584",Negative
I love this product! It's amazing! 585,Positive
"Great experience, highly recommended 585",Positive
"Wonderful service, very satisfied 585",Positive
"Excellent quality, best purchase ever 585",Positive
"Fantastic, I'm so happy with this 585",Positive
"Terrible product, waste of money 585",Negative
"Very disappointed, not worth it 585",Negative
"Bad experience, would not recommend 585",Negative
"Poor quality, very unhappy 585",Negative
"Worst purchase ever, regret buying 585",Negative
I love this product! It's amazing! 586,Positive
"Great experience, highly recommended 586",Positive
"Wonderful service, very satisfied 586",Positive
"Excellent quality, best purchase ever 586",Positive
"Fantastic, I'm so happy with this 586",Positive
"Terrible product, waste of money 586",Negative
"Very disappointed, not worth it 586",Negative
"Bad experience, would not recommend 586",Negative
"Poor quality, very unhappy 586",Negative
"Worst purchase ever, regret buying 586",Negative
I love this product! It's amazing! 587,Positive
"Great experience, highly recommended 587",Positive
"Wonderful service, very satisfied 587",Positive
"Excellent quality, best purchase ever 587",Positive
"Fantastic, I'm so happy with this 587",Positive
"Terrible product, waste of money 587",Negative
"Very disappointed, not worth it 587",Negative
"Bad experience, would not recommend 587",Negative
"Poor quality, very unhappy 587",Negative
"Worst purchase ever, regret buying 587",Negative
I love this product! It's amazing! 588,Positive
"Great experience, highly recommended 588",Positive
"Wonderful service, very satisfied 588",Positive
"Excellent quality, best purchase ever 588",Positive
"Fantastic, I'm so happy with this 588",Positive
"Terrible product, waste of money 588",Negative
"Very disappointed, not worth it 588",Negative
"Bad experience, would not recommend 588",Negative
"Poor quality, very unhappy 588",Negative
"Worst purchase ever, regret buying 588",Negative
I love this product! It's amazing! 589,Positive
"Great experience, highly recommended 589",Positive
"Wonderful service, very satisfied 589",Positive
"Excellent quality, best purchase ever 589",Positive
"Fantastic, I'm so happy with this 589",Positive
"Terrible product, waste of money 589",Negative
"Very disappointed, not worth it 589",Negative
"Bad experience, would not recommend 589",Negative
"Poor quality, very unhappy 589",Negative
"Worst purchase ever, regret buying 589",Negative
I love this product! It's amazing! 590,Positive
"Great experience, highly recommended 590",Positive
"Wonderful service, very satisfied 590",Positive
"Excellent quality, best purchase ever 590",Positive
"Fantastic, I'm so happy with this 590",Positive
"Terrible product, waste of money 590",Negative
"Very disappointed, not worth it 590",Negative
"Bad experience, would not recommend 590",Negative
"Poor quality, very unhappy 590",Negative
"Worst purchase ever, regret buying 590",Negative
I love this product! It's amazing! 591,Positive
"Great experience, highly recommended 591",Positive
"Wonderful service, very satisfied 591",Positive
"Excellent quality, best purchase ever 591",Positive
"Fantastic, I'm so happy with this 591",Positive
"Terrible product, waste of money 591",Negative
"Very disappointed, not worth it 591",Negative
"Bad experience, would not recommend 591",Negative
"Poor quality, very unhappy 591",Negative
"Worst purchase ever, regret buying 591",Negative
I love this product! It's amazing! 592,Positive
"Great experience, highly recommended 592",Positive
"Wonderful service, very satisfied 592",Positive
"Excellent quality, best purchase ever 592",Positive
"Fantastic, I'm so happy with this 592",Positive
"Terrible product, waste of money 592",Negative
"Very disappointed, not worth it 592",Negative
"Bad experience, would not recommend 592",Negative
"Poor quality, very unhappy 592",Negative
"Worst purchase ever, regret buying 592",Negative
I love this product! It's amazing! 593,Positive
"Great experience, highly recommended 593",Positive
"Wonderful service, very satisfied 593",Positive
"Excellent quality, best purchase ever 593",Positive
"Fantastic, I'm so happy with this 593",Positive
"Terrible product, waste of money 593",Negative
"Very disappointed, not worth it 593",Negative
"Bad experience, would not recommend 593",Negative
"Poor quality, very unhappy 593",Negative
"Worst purchase ever, regret buying 593",Negative
I love this product! It's amazing! 594,Positive
"Great experience, highly recommended 594",Positive
"Wonderful service, very satisfied 594",Positive
"Excellent quality, best purchase ever 594",Positive
"Fantastic, I'm so happy with this 594",Positive
"Terrible product, waste of money 594",Negative
"Very disappointed, not worth it 594",Negative
"Bad experience, would not recommend 594",Negative
"Poor quality, very unhappy 594",Negative
"Worst purchase ever, regret buying 594",Negative
I love this product! It's amazing! 595,Positive
"Great experience, highly recommended 595",Positive
"Wonderful service, very satisfied 595",Positive
"Excellent quality, best purchase ever 595",Positive
"Fantastic, I'm so happy with this 595",Positive
"Terrible product, waste of money 595",Negative
"Very disappointed, not worth it 595",Negative
"Bad experience, would not recommend 595",Negative
"Poor quality, very unhappy 595",Negative
"Worst purchase ever, regret buying 595",Negative
I love this product! It's amazing! 596,Positive
"Great experience, highly recommended 596",Positive
"Wonderful service, very satisfied 596",Positive
"Excellent quality, best purchase ever 596",Positive
"Fantastic, I'm so happy with this 596",Positive
"Terrible product, waste of money 596",Negative
"Very disappointed, not worth it 596",Negative
"Bad experience, would not recommend 596",Negative
"Poor quality, very unhappy 596",Negative
"Worst purchase ever, regret buying 596",Negative
I love this product! It's amazing! 597,Positive
"Great experience, highly recommended 597",Positive
"Wonderful service, very satisfied 597",Positive
"Excellent quality, best purchase ever 597",Positive
"Fantastic, I'm so happy with this 597",Positive
"Terrible product, waste of money 597",Negative
"Very disappointed, not worth it 597",Negative
"Bad experience, would not recommend 597",Negative
"Poor quality, very unhappy 597",Negative
"Worst purchase ever, regret buying 597",Negative
I love this product! It's amazing! 598,Positive
"Great experience, highly recommended 598",Positive
"Wonderful service, very satisfied 598",Positive
"Excellent quality, best purchase ever 598",Positive
"Fantastic, I'm so happy with this 598",Positive
"Terrible product, waste of money 598",Negative
"Very disappointed, not worth it 598",Negative
"Bad experience, would not recommend 598",Negative
"Poor quality, very unhappy 598",Negative
"Worst purchase ever, regret buying 598",Negative
I love this product! It's amazing! 599,Positive
"Great experience, highly recommended 599",Positive
"Wonderful service, very satisfied 599",Positive
"Excellent quality, best purchase ever 599",Positive
"Fantastic, I'm so happy with this 599",Positive
"Terrible product, waste of money 599",Negative
"Very disappointed, not worth it 599",Negative
"Bad experience, would not recommend 599",Negative
"Poor quality, very unhappy 599",Negative
"Worst purchase ever, regret buying 599",Negative
I love this product! It's amazing! 600,Positive
"Great experience, highly recommended 600",Positive
"Wonderful service, very satisfied 600",Positive
"Excellent quality, best purchase ever 600",Positive
"Fantastic, I'm so happy with this 600",Positive
"Terrible product, waste of money 600",Negative
"Very disappointed, not worth it 600",Negative
"Bad experience, would not recommend 600",Negative
"Poor quality, very unhappy 600",Negative
"Worst purchase ever, regret buying 600",Negative
I love this product! It's amazing! 601,Positive
"Great experience, highly recommended 601",Positive
"Wonderful service, very satisfied 601",Positive
"Excellent quality, best purchase ever 601",Positive
"Fantastic, I'm so happy with this 601",Positive
"Terrible product, waste of money 601",Negative
"Very disappointed, not worth it 601",Negative
"Bad experience, would not recommend 601",Negative
"Poor quality, very unhappy 601",Negative
"Worst purchase ever, regret buying 601",Negative
I love this product! It's amazing! 602,Positive
"Great experience, highly recommended 602",Positive
"Wonderful service, very satisfied 602",Positive
"Excellent quality, best purchase ever 602",Positive
"Fantastic, I'm so happy with this 602",Positive
"Terrible product, waste of money 602",Negative
"Very disappointed, not worth it 602",Negative
"Bad experience, would not recommend 602",Negative
"Poor quality, very unhappy 602",Negative
"Worst purchase ever, regret buying 602",Negative
I love this product! It's amazing! 603,Positive
"Great experience, highly recommended 603",Positive
"Wonderful service, very satisfied 603",Positive
"Excellent quality, best purchase ever 603",Positive
"Fantastic, I'm so happy with this 603",Positive
"Terrible product, waste of money 603",Negative
"Very disappointed, not worth it 603",Negative
"Bad experience, would not recommend 603",Negative
"Poor quality, very unhappy 603",Negative
"Worst purchase ever, regret buying 603",Negative
I love this product! It's amazing! 604,Positive
"Great experience, highly recommended 604",Positive
"Wonderful service, very satisfied 604",Positive
"Excellent quality, best purchase ever 604",Positive
"Fantastic, I'm so happy with this 604",Positive
"Terrible product, waste of money 604",Negative
"Very disappointed, not worth it 604",Negative
"Bad experience, would not recommend 604",Negative
"Poor quality, very unhappy 604",Negative
"Worst purchase ever, regret buying 604",Negative
I love this product! It's amazing! 605,Positive
"Great experience, highly recommended 605",Positive
"Wonderful service, very satisfied 605",Positive
"Excellent quality, best purchase ever 605",Positive
"Fantastic, I'm so happy with this 605",Positive
"Terrible product, waste of money 605",Negative
"Very disappointed, not worth it 605",Negative
"Bad experience, would not recommend 605",Negative
"Poor quality, very unhappy 605",Negative
"Worst purchase ever, regret buying 605",Negative
I love this product! It's amazing! 606,Positive
"Great experience, highly recommended 606",Positive
"Wonderful service, very satisfied 606",Positive
"Excellent quality, best purchase ever 606",Positive
"Fantastic, I'm so happy with this 606",Positive
"Terrible product, waste of money 606",Negative
"Very disappointed, not worth it 606",Negative
"Bad experience, would not recommend 606",Negative
"Poor quality, very unhappy 606",Negative
"Worst purchase ever, regret buying 606",Negative
I love this product! It's amazing! 607,Positive
"Great experience, highly recommended 607",Positive
"Wonderful service, very satisfied 607",Positive
"Excellent quality, best purchase ever 607",Positive
"Fantastic, I'm so happy with this 607",Positive
"Terrible product, waste of money 607",Negative
"Very disappointed, not worth it 607",Negative
"Bad experience, would not recommend 607",Negative
"Poor quality, very unhappy 607",Negative
"Worst purchase ever, regret buying 607",Negative
I love this product! It's amazing! 608,Positive
"Great experience, highly recommended 608",Positive
"Wonderful service, very satisfied 608",Positive
"Excellent quality, best purchase ever 608",Positive
"Fantastic, I'm so happy with this 608",Positive
"Terrible product, waste of money 608",Negative
"Very disappointed, not worth it 608",Negative
"Bad experience, would not recommend 608",Negative
"Poor quality, very unhappy 608",Negative
"Worst purchase ever, regret buying 608",Negative
I love this product! It's amazing! 609,Positive
"Great experience, highly recommended 609",Positive
"Wonderful service, very satisfied 609",Positive
"Excellent quality, best purchase ever 609",Positive
"Fantastic, I'm so happy with this 609",Positive
"Terrible product, waste of money 609",Negative
"Very disappointed, not worth it 609",Negative
"Bad experience, would not recommend 609",Negative
"Poor quality, very unhappy 609",Negative
"Worst purchase ever, regret buying 609",Negative
I love this product! It's amazing! 610,Positive
"Great experience, highly recommended 610",Positive
"Wonderful service, very satisfied 610",Positive
"Excellent quality, best purchase ever 610",Positive
"Fantastic, I'm so happy with this 610",Positive
"Terrible product, waste of money 610",Negative
"Very disappointed, not worth it 610",Negative
"Bad experience, would not recommend 610",Negative
"Poor quality, very unhappy 610",Negative
"Worst purchase ever, regret buying 610",Negative
I love this product! It's amazing! 611,Positive
"Great experience, highly recommended 611",Positive
"Wonderful service, very satisfied 611",Positive
"Excellent quality, best purchase ever 611",Positive
"Fantastic, I'm so happy with this 611",Positive
"Terrible product, waste of money 611",Negative
"Very disappointed, not worth it 611",Negative
"Bad experience, would not recommend 611",Negative
"Poor quality, very unhappy 611",Negative
"Worst purchase ever, regret buying 611",Negative
I love this product! It's amazing! 612,Positive
"Great experience, highly recommended 612",Positive
"Wonderful service, very satisfied 612",Positive
"Excellent quality, best purchase ever 612",Positive
"Fantastic, I'm so happy with this 612",Positive
"Terrible product, waste of money 612",Negative
"Very disappointed, not worth it 612",Negative
"Bad experience, would not recommend 612",Negative
"Poor quality, very unhappy 612",Negative
"Worst purchase ever, regret buying 612",Negative
I love this product! It's amazing! 613,Positive
"Great experience, highly recommended 613",Positive
"Wonderful service, very satisfied 613",Positive
"Excellent quality, best purchase ever 613",Positive
"Fantastic, I'm so happy with this 613",Positive
"Terrible product, waste of money 613",Negative
"Very disappointed, not worth it 613",Negative
"Bad experience, would not recommend 613",Negative
"Poor quality, very unhappy 613",Negative
"Worst purchase ever, regret buying 613",Negative
I love this product! It's amazing! 614,Positive
"Great experience, highly recommended 614",Positive
"Wonderful service, very satisfied 614",Positive
"Excellent quality, best purchase ever 614",Positive
"Fantastic, I'm so happy with this 614",Positive
"Terrible product, waste of money 614",Negative
"Very disappointed, not worth it 614",Negative
"Bad experience, would not recommend 614",Negative
"Poor quality, very unhappy 614",Negative
"Worst purchase ever, regret buying 614",Negative
I love this product! It's amazing! 615,Positive
"Great experience, highly recommended 615",Positive
"Wonderful service, very satisfied 615",Positive
"Excellent quality, best purchase ever 615",Positive
"Fantastic, I'm so happy with this 615",Positive
"Terrible product, waste of money 615",Negative
"Very disappointed, not worth it 615",Negative
"Bad experience, would not recommend 615",Negative
"Poor quality, very unhappy 615",Negative
"Worst purchase ever, regret buying 615",Negative
I love this product! It's amazing! 616,Positive
"Great experience, highly recommended 616",Positive
"Wonderful service, very satisfied 616",Positive
"Excellent quality, best purchase ever 616",Positive
"Fantastic, I'm so happy with this 616",Positive
"Terrible product, waste of money 616",Negative
"Very disappointed, not worth it 616",Negative
"Bad experience, would not recommend 616",Negative
"Poor quality, very unhappy 616",Negative
"Worst purchase ever, regret buying 616",Negative
I love this product! It's amazing! 617,Positive
"Great experience, highly recommended 617",Positive
"Wonderful service, very satisfied 617",Positive
"Excellent quality, best purchase ever 617",Positive
"Fantastic, I'm so happy with this 617",Positive
"Terrible product, waste of money 617",Negative
"Very disappointed, not worth it 617",Negative
"Bad experience, would not recommend 617",Negative
"Poor quality, very unhappy 617",Negative
"Worst purchase ever, regret buying 617",Negative
I love this product! It's amazing! 618,Positive
"Great experience, highly recommended 618",Positive
"Wonderful service, very satisfied 618",Positive
"Excellent quality, best purchase ever 618",Positive
"Fantastic, I'm so happy with this 618",Positive
"Terrible product, waste of money 618",Negative
"Very disappointed, not worth it 618",Negative
"Bad experience, would not recommend 618",Negative
"Poor quality, very unhappy 618",Negative
"Worst purchase ever, regret buying 618",Negative
I love this product! It's amazing! 619,Positive
"Great experience, highly recommended 619",Positive
"Wonderful service, very satisfied 619",Positive
"Excellent quality, best purchase ever 619",Positive
"Fantastic, I'm so happy with this 619",Positive
"Terrible product, waste of money 619",Negative
"Very disappointed, not worth it 619",Negative
"Bad experience, would not recommend 619",Negative
"Poor quality, very unhappy 619",Negative
"Worst purchase ever, regret buying 619",Negative
I love this product! It's amazing! 620,Positive
"Great experience, highly recommended 620",Positive
"Wonderful service, very satisfied 620",Positive
"Excellent quality, best purchase ever 620",Positive
"Fantastic, I'm so happy with this 620",Positive
"Terrible product, waste of money 620",Negative
"Very disappointed, not worth it 620",Negative
"Bad experience, would not recommend 620",Negative
"Poor quality, very unhappy 620",Negative
"Worst purchase ever, regret buying 620",Negative
I love this product! It's amazing! 621,Positive
"Great experience, highly recommended 621",Positive
"Wonderful service, very satisfied 621",Positive
"Excellent quality, best purchase ever 621",Positive
"Fantastic, I'm so happy with this 621",Positive
"Terrible product, waste of money 621",Negative
"Very disappointed, not worth it 621",Negative
"Bad experience, would not recommend 621",Negative
"Poor quality, very unhappy 621",Negative
"Worst purchase ever, regret buying 621",Negative
I love this product! It's amazing! 622,Positive
"Great experience, highly recommended 622",Positive
"Wonderful service, very satisfied 622",Positive
"Excellent quality, best purchase ever 622",Positive
"Fantastic, I'm so happy with this 622",Positive
"Terrible product, waste of money 622",Negative
"Very disappointed, not worth it 622",Negative
"Bad experience, would not recommend 622",Negative
"Poor quality, very unhappy 622",Negative
"Worst purchase ever, regret buying 622",Negative
I love this product! It's amazing! 623,Positive
"Great experience, highly recommended 623",Positive
"Wonderful service, very satisfied 623",Positive
"Excellent quality, best purchase ever 623",Positive
"Fantastic, I'm so happy with this 623",Positive
"Terrible product, waste of money 623",Negative
"Very disappointed, not worth it 623",Negative
"Bad experience, would not recommend 623",Negative
"Poor quality, very unhappy 623",Negative
"Worst purchase ever, regret buying 623",Negative
I love this product! It's amazing! 624,Positive
"Great experience, highly recommended 624",Positive
"Wonderful service, very satisfied 624",Positive
"Excellent quality, best purchase ever 624",Positive
"Fantastic, I'm so happy with this 624",Positive
"Terrible product, waste of money 624",Negative
"Very disappointed, not worth it 624",Negative
"Bad experience, would not recommend 624",Negative
"Poor quality, very unhappy 624",Negative
"Worst purchase ever, regret buying 624",Negative
I love this product! It's amazing! 625,Positive
"Great experience, highly recommended 625",Positive
"Wonderful service, very satisfied 625",Positive
"Excellent quality, best purchase ever 625",Positive
"Fantastic, I'm so happy with this 625",Positive
"Terrible product, waste of money 625",Negative
"Very disappointed, not worth it 625",Negative
"Bad experience, would not recommend 625",Negative
"Poor quality, very unhappy 625",Negative
"Worst purchase ever, regret buying 625",Negative
I love this product! It's amazing! 626,Positive
"Great experience, highly recommended 626",Positive
"Wonderful service, very satisfied 626",Positive
"Excellent quality, best purchase ever 626",Positive
"Fantastic, I'm so happy with this 626",Positive
"Terrible product, waste of money 626",Negative
"Very disappointed, not worth it 626",Negative
"Bad experience, would not recommend 626",Negative
"Poor quality, very unhappy 626",Negative
"Worst purchase ever, regret buying 626",Negative
I love this product! It's amazing! 627,Positive
"Great experience, highly recommended 627",Positive
"Wonderful service, very satisfied 627",Positive
"Excellent quality, best purchase ever 627",Positive
"Fantastic, I'm so happy with this 627",Positive
"Terrible product, waste of money 627",Negative
"Very disappointed, not worth it 627",Negative
"Bad experience, would not recommend 627",Negative
"Poor quality, very unhappy 627",Negative
"Worst purchase ever, regret buying 627",Negative
I love this product! It's amazing! 628,Positive
"Great experience, highly recommended 628",Positive
"Wonderful service, very satisfied 628",Positive
"Excellent quality, best purchase ever 628",Positive
"Fantastic, I'm so happy with this 628",Positive
"Terrible product, waste of money 628",Negative
"Very disappointed, not worth it 628",Negative
"Bad experience, would not recommend 628",Negative
"Poor quality, very unhappy 628",Negative
"Worst purchase ever, regret buying 628",Negative
I love this product! It's amazing! 629,Positive
"Great experience, highly recommended 629",Positive
"Wonderful service, very satisfied 629",Positive
"Excellent quality, best purchase ever 629",Positive
"Fantastic, I'm so happy with this 629",Positive
"Terrible product, waste of money 629",Negative
"Very disappointed, not worth it 629",Negative
"Bad experience, would not recommend 629",Negative
"Poor quality, very unhappy 629",Negative
"Worst purchase ever, regret buying 629",Negative
I love this product! It's amazing! 630,Positive
"Great experience, highly recommended 630",Positive
"Wonderful service, very satisfied 630",Positive
"Excellent quality, best purchase ever 630",Positive
"Fantastic, I'm so happy with this 630",Positive
"Terrible product, waste of money 630",Negative
"Very disappointed, not worth it 630",Negative
"Bad experience, would not recommend 630",Negative
"Poor quality, very unhappy 630",Negative
"Worst purchase ever, regret buying 630",Negative
I love this product! It's amazing! 631,Positive
"Great experience, highly recommended 631",Positive
"Wonderful service, very satisfied 631",Positive
"Excellent quality, best purchase ever 631",Positive
"Fantastic, I'm so happy with this 631",Positive
"Terrible product, waste of money 631",Negative
"Very disappointed, not worth it 631",Negative
"Bad experience, would not recommend 631",Negative
"Poor quality, very unhappy 631",Negative
"Worst purchase ever, regret buying 631",Negative
I love this product! It's amazing! 632,Positive
"Great experience, highly recommended 632",Positive
"Wonderful service, very satisfied 632",Positive
"Excellent quality, best purchase ever 632",Positive
"Fantastic, I'm so happy with this 632",Positive
"Terrible product, waste of money 632",Negative
"Very disappointed, not worth it 632",Negative
"Bad experience, would not recommend 632",Negative
"Poor quality, very unhappy 632",Negative
"Worst purchase ever, regret buying 632",Negative
I love this product! It's amazing! 633,Positive
"Great experience, highly recommended 633",Positive
"Wonderful service, very satisfied 633",Positive
"Excellent quality, best purchase ever 633",Positive
"Fantastic, I'm so happy with this 633",Positive
"Terrible product, waste of money 633",Negative
"Very disappointed, not worth it 633",Negative
"Bad experience, would not recommend 633",Negative
"Poor quality, very unhappy 633",Negative
"Worst purchase ever, regret buying 633",Negative
I love this product! It's amazing! 634,Positive
"Great experience, highly recommended 634",Positive
"Wonderful service, very satisfied 634",Positive
"Excellent quality, best purchase ever 634",Positive
"Fantastic, I'm so happy with this 634",Positive
"Terrible product, waste of money 634",Negative
"Very disappointed, not worth it 634",Negative
"Bad experience, would not recommend 634",Negative
"Poor quality, very unhappy 634",Negative
"Worst purchase ever, regret buying 634",Negative
I love this product! It's amazing! 635,Positive
"Great experience, highly recommended 635",Positive
"Wonderful service, very satisfied 635",Positive
"Excellent quality, best purchase ever 635",Positive
"Fantastic, I'm so happy with this 635",Positive
"Terrible product, waste of money 635",Negative
"Very disappointed, not worth it 635",Negative
"Bad experience, would not recommend 635",Negative
"Poor quality, very unhappy 635",Negative
"Worst purchase ever, regret buying 635",Negative
I love this product! It's amazing! 636,Positive
"Great experience, highly recommended 636",Positive
"Wonderful service, very satisfied 636",Positive
"Excellent quality, best purchase ever 636",Positive
"Fantastic, I'm so happy with this 636",Positive
"Terrible product, waste of money 636",Negative
"Very disappointed, not worth it 636",Negative
"Bad experience, would not recommend 636",Negative
"Poor quality, very unhappy 636",Negative
"Worst purchase ever, regret buying 636",Negative
I love this product! It's amazing! 637,Positive
"Great experience, highly recommended 637",Positive
"Wonderful service, very satisfied 637",Positive
"Excellent quality, best purchase ever 637",Positive
"Fantastic, I'm so happy with this 637",Positive
"Terrible product, waste of money 637",Negative
"Very disappointed, not worth it 637",Negative
"Bad experience, would not recommend 637",Negative
"Poor quality, very unhappy 637",Negative
"Worst purchase ever, regret buying 637",Negative
I love this product! It's amazing! 638,Positive
"Great experience, highly recommended 638",Positive
"Wonderful service, very satisfied 638",Positive
"Excellent quality, best purchase ever 638",Positive
"Fantastic, I'm so happy with this 638",Positive
"Terrible product, waste of money 638",Negative
"Very disappointed, not worth it 638",Negative
"Bad experience, would not recommend 638",Negative
"Poor quality, very unhappy 638",Negative
"Worst purchase ever, regret buying 638",Negative
I love this product! It's amazing! 639,Positive
"Great experience, highly recommended 639",Positive
"Wonderful service, very satisfied 639",Positive
"Excellent quality, best purchase ever 639",Positive
"Fantastic, I'm so happy with this 639",Positive
"Terrible product, waste of money 639",Negative
"Very disappointed, not worth it 639",Negative
"Bad experience, would not recommend 639",Negative
"Poor quality, very unhappy 639",Negative
"Worst purchase ever, regret buying 639",Negative
I love this product! It's amazing! 640,Positive
"Great experience, highly recommended 640",Positive
"Wonderful service, very satisfied 640",Positive
"Excellent quality, best purchase ever 640",Positive
"Fantastic, I'm so happy with this 640",Positive
"Terrible product, waste of money 640",Negative
"Very disappointed, not worth it 640",Negative
"Bad experience, would not recommend 640",Negative
"Poor quality, very unhappy 640",Negative
"Worst purchase ever, regret buying 640",Negative
I love this product! It's amazing! 641,Positive
"Great experience, highly recommended 641",Positive
"Wonderful service, very satisfied 641",Positive
"Excellent quality, best purchase ever 641",Positive
"Fantastic, I'm so happy with this 641",Positive
"Terrible product, waste of money 641",Negative
"Very disappointed, not worth it 641",Negative
"Bad experience, would not recommend 641",Negative
"Poor quality, very unhappy 641",Negative
"Worst purchase ever, regret buying 641",Negative
I love this product! It's amazing! 642,Positive
"Great experience, highly recommended 642",Positive
"Wonderful service, very satisfied 642",Positive
"Excellent quality, best purchase ever 642",Positive
"Fantastic, I'm so happy with this 642",Positive
"Terrible product, waste of money 642",Negative
"Very disappointed, not worth it 642",Negative
"Bad experience, would not recommend 642",Negative
"Poor quality, very unhappy 642",Negative
"Worst purchase ever, regret buying 642",Negative
I love this product! It's amazing! 643,Positive
"Great experience, highly recommended 643",Positive
"Wonderful service, very satisfied 643",Positive
"Excellent quality, best purchase ever 643",Positive
"Fantastic, I'm so happy with this 643",Positive
"Terrible product, waste of money 643",Negative
"Very disappointed, not worth it 643",Negative
"Bad experience, would not recommend 643",Negative
"Poor quality, very unhappy 643",Negative
"Worst purchase ever, regret buying 643",Negative
I love this product! It's amazing! 644,Positive
"Great experience, highly recommended 644",Positive
"Wonderful service, very satisfied 644",Positive
"Excellent quality, best purchase ever 644",Positive
"Fantastic, I'm so happy with this 644",Positive
"Terrible product, waste of money 644",Negative
"Very disappointed, not worth it 644",Negative
"Bad experience, would not recommend 644",Negative
"Poor quality, very unhappy 644",Negative
"Worst purchase ever, regret buying 644",Negative
I love this product! It's amazing! 645,Positive
"Great experience, highly recommended 645",Positive
"Wonderful service, very satisfied 645",Positive
"Excellent quality, best purchase ever 645",Positive
"Fantastic, I'm so happy with this 645",Positive
"Terrible product, waste of money 645",Negative
"Very disappointed, not worth it 645",Negative
"Bad experience, would not recommend 645",Negative
"Poor quality, very unhappy 645",Negative
"Worst purchase ever, regret buying 645",Negative
I love this product! It's amazing! 646,Positive
"Great experience, highly recommended 646",Positive
"Wonderful service, very satisfied 646",Positive
"Excellent quality, best purchase ever 646",Positive
"Fantastic, I'm so happy with this 646",Positive
"Terrible product, waste of money 646",Negative
"Very disappointed, not worth it 646",Negative
"Bad experience, would not recommend 646",Negative
"Poor quality, very unhappy 646",Negative
"Worst purchase ever, regret buying 646",Negative
I love this product! It's amazing! 647,Positive
"Great experience, highly recommended 647",Positive
"Wonderful service, very satisfied 647",Positive
"Excellent quality, best purchase ever 647",Positive
"Fantastic, I'm so happy with this 647",Positive
"Terrible product, waste of money 647",Negative
"Very disappointed, not worth it 647",Negative
"Bad experience, would not recommend 647",Negative
"Poor quality, very unhappy 647",Negative
"Worst purchase ever, regret buying 647",Negative
I love this product! It's amazing! 648,Positive
"Great experience, highly recommended 648",Positive
"Wonderful service, very satisfied 648",Positive
"Excellent quality, best purchase ever 648",Positive
"Fantastic, I'm so happy with this 648",Positive
"Terrible product, waste of money 648",Negative
"Very disappointed, not worth it 648",Negative
"Bad experience, would not recommend 648",Negative
"Poor quality, very unhappy 648",Negative
"Worst purchase ever, regret buying 648",Negative
I love this product! It's amazing! 649,Positive
"Great experience, highly recommended 649",Positive
"Wonderful service, very satisfied 649",Positive
"Excellent quality, best purchase ever 649",Positive
"Fantastic, I'm so happy with this 649",Positive
"Terrible product, waste of money 649",Negative
"Very disappointed, not worth it 649",Negative
"Bad experience, would not recommend 649",Negative
"Poor quality, very unhappy 649",Negative
"Worst purchase ever, regret buying 649",Negative
I love this product! It's amazing! 650,Positive
"Great experience, highly recommended 650",Positive
"Wonderful service, very satisfied 650",Positive
"Excellent quality, best purchase ever 650",Positive
"Fantastic, I'm so happy with this 650",Positive
"Terrible product, waste of money 650",Negative
"Very disappointed, not worth it 650",Negative
"Bad experience, would not recommend 650",Negative
"Poor quality, very unhappy 650",Negative
"Worst purchase ever, regret buying 650",Negative
I love this product! It's amazing! 651,Positive
"Great experience, highly recommended 651",Positive
"Wonderful service, very satisfied 651",Positive
"Excellent quality, best purchase ever 651",Positive
"Fantastic, I'm so happy with this 651",Positive
"Terrible product, waste of money 651",Negative
"Very disappointed, not worth it 651",Negative
"Bad experience, would not recommend 651",Negative
"Poor quality, very unhappy 651",Negative
"Worst purchase ever, regret buying 651",Negative
I love this product! It's amazing! 652,Positive
"Great experience, highly recommended 652",Positive
"Wonderful service, very satisfied 652",Positive
"Excellent quality, best purchase ever 652",Positive
"Fantastic, I'm so happy with this 652",Positive
"Terrible product, waste of money 652",Negative
"Very disappointed, not worth it 652",Negative
"Bad experience, would not recommend 652",Negative
"Poor quality, very unhappy 652",Negative
"Worst purchase ever, regret buying 652",Negative
I love this product! It's amazing! 653,Positive
"Great experience, highly recommended 653",Positive
"Wonderful service, very satisfied 653",Positive
"Excellent quality, best purchase ever 653",Positive
"Fantastic, I'm so happy with this 653",Positive
"Terrible product, waste of money 653",Negative
"Very disappointed, not worth it 653",Negative
"Bad experience, would not recommend 653",Negative
"Poor quality, very unhappy 653",Negative
"Worst purchase ever, regret buying 653",Negative
I love this product! It's amazing! 654,Positive
"Great experience, highly recommended 654",Positive
"Wonderful service, very satisfied 654",Positive
"Excellent quality, best purchase ever 654",Positive
"Fantastic, I'm so happy with this 654",Positive
"Terrible product, waste of money 654",Negative
"Very disappointed, not worth it 654",Negative
"Bad experience, would not recommend 654",Negative
"Poor quality, very unhappy 654",Negative
"Worst purchase ever, regret buying 654",Negative
I love this product! It's amazing! 655,Positive
"Great experience, highly recommended 655",Positive
"Wonderful service, very satisfied 655",Positive
"Excellent quality, best purchase ever 655",Positive
"Fantastic, I'm so happy with this 655",Positive
"Terrible product, waste of money 655",Negative
"Very disappointed, not worth it 655",Negative
"Bad experience, would not recommend 655",Negative
"Poor quality, very unhappy 655",Negative
"Worst purchase ever, regret buying 655",Negative
I love this product! It's amazing! 656,Positive
"Great experience, highly recommended 656",Positive
"Wonderful service, very satisfied 656",Positive
"Excellent quality, best purchase ever 656",Positive
"Fantastic, I'm so happy with this 656",Positive
"Terrible product, waste of money 656",Negative
"Very disappointed, not worth it 656",Negative
"Bad experience, would not recommend 656",Negative
"Poor quality, very unhappy 656",Negative
"Worst purchase ever, regret buying 656",Negative
I love this product! It's amazing! 657,Positive
"Great experience, highly recommended 657",Positive
"Wonderful service, very satisfied 657",Positive
"Excellent quality, best purchase ever 657",Positive
"Fantastic, I'm so happy with this 657",Positive
"Terrible product, waste of money 657",Negative
"Very disappointed, not worth it 657",Negative
"Bad experience, would not recommend 657",Negative
"Poor quality, very unhappy 657",Negative
"Worst purchase ever, regret buying 657",Negative
I love this product! It's amazing! 658,Positive
"Great experience, highly recommended 658",Positive
"Wonderful service, very satisfied 658",Positive
"Excellent quality, best purchase ever 658",Positive
"Fantastic, I'm so happy with this 658",Positive
"Terrible product, waste of money 658",Negative
"Very disappointed, not worth it 658",Negative
"Bad experience, would not recommend 658",Negative
"Poor quality, very unhappy 658",Negative
"Worst purchase ever, regret buying 658",Negative
I love this product! It's amazing! 659,Positive
"Great experience, highly recommended 659",Positive
"Wonderful service, very satisfied 659",Positive
"Excellent quality, best purchase ever 659",Positive
"Fantastic, I'm so happy with this 659",Positive
"Terrible product, waste of money 659",Negative
"Very disappointed, not worth it 659",Negative
"Bad experience, would not recommend 659",Negative
"Poor quality, very unhappy 659",Negative
"Worst purchase ever, regret buying 659",Negative
I love this product! It's amazing! 660,Positive
"Great experience, highly recommended 660",Positive
"Wonderful service, very satisfied 660",Positive
"Excellent quality, best purchase ever 660",Positive
"Fantastic, I'm so happy with this 660",Positive
"Terrible product, waste of money 660",Negative
"Very disappointed, not worth it 660",Negative
"Bad experience, would not recommend 660",Negative
"Poor quality, very unhappy 660",Negative
"Worst purchase ever, regret buying 660",Negative
I love this product! It's amazing! 661,Positive
"Great experience, highly recommended 661",Positive
"Wonderful service, very satisfied 661",Positive
"Excellent quality, best purchase ever 661",Positive
"Fantastic, I'm so happy with this 661",Positive
"Terrible product, waste of money 661",Negative
"Very disappointed, not worth it 661",Negative
"Bad experience, would not recommend 661",Negative
"Poor quality, very unhappy 661",Negative
"Worst purchase ever, regret buying 661",Negative
I love this product! It's amazing! 662,Positive
"Great experience, highly recommended 662",Positive
"Wonderful service, very satisfied 662",Positive
"Excellent quality, best purchase ever 662",Positive
"Fantastic, I'm so happy with this 662",Positive
"Terrible product, waste of money 662",Negative
"Very disappointed, not worth it 662",Negative
"Bad experience, would not recommend 662",Negative
"Poor quality, very unhappy 662",Negative
"Worst purchase ever, regret buying 662",Negative
I love this product! It's amazing! 663,Positive
"Great experience, highly recommended 663",Positive
"Wonderful service, very satisfied 663",Positive
"Excellent quality, best purchase ever 663",Positive
"Fantastic, I'm so happy with this 663",Positive
"Terrible product, waste of money 663",Negative
"Very disappointed, not worth it 663",Negative
"Bad experience, would not recommend 663",Negative
"Poor quality, very unhappy 663",Negative
"Worst purchase ever, regret buying 663",Negative
I love this product! It's amazing! 664,Positive
"Great experience, highly recommended 664",Positive
"Wonderful service, very satisfied 664",Positive
"Excellent quality, best purchase ever 664",Positive
"Fantastic, I'm so happy with this 664",Positive
"Terrible product, waste of money 664",Negative
"Very disappointed, not worth it 664",Negative
"Bad experience, would not recommend 664",Negative
"Poor quality, very unhappy 664",Negative
"Worst purchase ever, regret buying 664",Negative
I love this product! It's amazing! 665,Positive
"Great experience, highly recommended 665",Positive
"Wonderful service, very satisfied 665",Positive
"Excellent quality, best purchase ever 665",Positive
"Fantastic, I'm so happy with this 665",Positive
"Terrible product, waste of money 665",Negative
"Very disappointed, not worth it 665",Negative
"Bad experience, would not recommend 665",Negative
"Poor quality, very unhappy 665",Negative
"Worst purchase ever, regret buying 665",Negative
I love this product! It's amazing! 666,Positive
"Great experience, highly recommended 666",Positive
"Wonderful service, very satisfied 666",Positive
"Excellent quality, best purchase ever 666",Positive
"Fantastic, I'm so happy with this 666",Positive
"Terrible product, waste of money 666",Negative
"Very disappointed, not worth it 666",Negative
"Bad experience, would not recommend 666",Negative
"Poor quality, very unhappy 666",Negative
"Worst purchase ever, regret buying 666",Negative
I love this product! It's amazing! 667,Positive
"Great experience, highly recommended 667",Positive
"Wonderful service, very satisfied 667",Positive
"Excellent quality, best purchase ever 667",Positive
"Fantastic, I'm so happy with this 667",Positive
"Terrible product, waste of money 667",Negative
"Very disappointed, not worth it 667",Negative
"Bad experience, would not recommend 667",Negative
"Poor quality, very unhappy 667",Negative
"Worst purchase ever, regret buying 667",Negative
I love this product! It's amazing! 668,Positive
"Great experience, highly recommended 668",Positive
"Wonderful service, very satisfied 668",Positive
"Excellent quality, best purchase ever 668",Positive
"Fantastic, I'm so happy with this 668",Positive
"Terrible product, waste of money 668",Negative
"Very disappointed, not worth it 668",Negative
"Bad experience, would not recommend 668",Negative
"Poor quality, very unhappy 668",Negative
"Worst purchase ever, regret buying 668",Negative
I love this product! It's amazing! 669,Positive
"Great experience, highly recommended 669",Positive
"Wonderful service, very satisfied 669",Positive
"Excellent quality, best purchase ever 669",Positive
"Fantastic, I'm so happy with this 669",Positive
"Terrible product, waste of money 669",Negative
"Very disappointed, not worth it 669",Negative
"Bad experience, would not recommend 669",Negative
"Poor quality, very unhappy 669",Negative
"Worst purchase ever, regret buying 669",Negative
I love this product! It's amazing! 670,Positive
"Great experience, highly recommended 670",Positive
"Wonderful service, very satisfied 670",Positive
"Excellent quality, best purchase ever 670",Positive
"Fantastic, I'm so happy with this 670",Positive
"Terrible product, waste of money 670",Negative
"Very disappointed, not worth it 670",Negative
"Bad experience, would not recommend 670",Negative
"Poor quality, very unhappy 670",Negative
"Worst purchase ever, regret buying 670",Negative
I love this product! It's amazing! 671,Positive
"Great experience, highly recommended 671",Positive
"Wonderful service, very satisfied 671",Positive
"Excellent quality, best purchase ever 671",Positive
"Fantastic, I'm so happy with this 671",Positive
"Terrible product, waste of money 671",Negative
"Very disappointed, not worth it 671",Negative
"Bad experience, would not recommend 671",Negative
"Poor quality, very unhappy 671",Negative
"Worst purchase ever, regret buying 671",Negative
I love this product! It's amazing! 672,Positive
"Great experience, highly recommended 672",Positive
"Wonderful service, very satisfied 672",Positive
"Excellent quality, best purchase ever 672",Positive
"Fantastic, I'm so happy with this 672",Positive
"Terrible product, waste of money 672",Negative
"Very disappointed, not worth it 672",Negative
"Bad experience, would not recommend 672",Negative
"Poor quality, very unhappy 672",Negative
"Worst purchase ever, regret buying 672",Negative
I love this product! It's amazing! 673,Positive
"Great experience, highly recommended 673",Positive
"Wonderful service, very satisfied 673",Positive
"Excellent quality, best purchase ever 673",Positive
"Fantastic, I'm so happy with this 673",Positive
"Terrible product, waste of money 673",Negative
"Very disappointed, not worth it 673",Negative
"Bad experience, would not recommend 673",Negative
"Poor quality, very unhappy 673",Negative
"Worst purchase ever, regret buying 673",Negative
I love this product! It's amazing! 674,Positive
"Great experience, highly recommended 674",Positive
"Wonderful service, very satisfied 674",Positive
"Excellent quality, best purchase ever 674",Positive
"Fantastic, I'm so happy with this 674",Positive
"Terrible product, waste of money 674",Negative
"Very disappointed, not worth it 674",Negative
"Bad experience, would not recommend 674",Negative
"Poor quality, very unhappy 674",Negative
"Worst purchase ever, regret buying 674",Negative
I love this product! It's amazing! 675,Positive
"Great experience, highly recommended 675",Positive
"Wonderful service, very satisfied 675",Positive
"Excellent quality, best purchase ever 675",Positive
"Fantastic, I'm so happy with this 675",Positive
"Terrible product, waste of money 675",Negative
"Very disappointed, not worth it 675",Negative
"Bad experience, would not recommend 675",Negative
"Poor quality, very unhappy 675",Negative
"Worst purchase ever, regret buying 675",Negative
I love this product! It's amazing! 676,Positive
"Great experience, highly recommended 676",Positive
"Wonderful service, very satisfied 676",Positive
"Excellent quality, best purchase ever 676",Positive
"Fantastic, I'm so happy with this 676",Positive
"Terrible product, waste of money 676",Negative
"Very disappointed, not worth it 676",Negative
"Bad experience, would not recommend 676",Negative
"Poor quality, very unhappy 676",Negative
"Worst purchase ever, regret buying 676",Negative
I love this product! It's amazing! 677,Positive
"Great experience, highly recommended 677",Positive
"Wonderful service, very satisfied 677",Positive
"Excellent quality, best purchase ever 677",Positive
"Fantastic, I'm so happy with this 677",Positive
"Terrible product, waste of money 677",Negative
"Very disappointed, not worth it 677",Negative
"Bad experience, would not recommend 677",Negative
"Poor quality, very unhappy 677",Negative
"Worst purchase ever, regret buying 677",Negative
I love this product! It's amazing! 678,Positive
"Great experience, highly recommended 678",Positive
"Wonderful service, very satisfied 678",Positive
"Excellent quality, best purchase ever 678",Positive
"Fantastic, I'm so happy with this 678",Positive
"Terrible product, waste of money 678",Negative
"Very disappointed, not worth it 678",Negative
"Bad experience, would not recommend 678",Negative
"Poor quality, very unhappy 678",Negative
"Worst purchase ever, regret buying 678",Negative
I love this product! It's amazing! 679,Positive
"Great experience, highly recommended 679",Positive
"Wonderful service, very satisfied 679",Positive
"Excellent quality, best purchase ever 679",Positive
"Fantastic, I'm so happy with this 679",Positive
"Terrible product, waste of money 679",Negative
"Very disappointed, not worth it 679",Negative
"Bad experience, would not recommend 679",Negative
"Poor quality, very unhappy 679",Negative
"Worst purchase ever, regret buying 679",Negative
I love this product! It's amazing! 680,Positive
"Great experience, highly recommended 680",Positive
"Wonderful service, very satisfied 680",Positive
"Excellent quality, best purchase ever 680",Positive
"Fantastic, I'm so happy with this 680",Positive
"Terrible product, waste of money 680",Negative
"Very disappointed, not worth it 680",Negative
"Bad experience, would not recommend 680",Negative
"Poor quality, very unhappy 680",Negative
"Worst purchase ever, regret buying 680",Negative
I love this product! It's amazing! 681,Positive
"Great experience, highly recommended 681",Positive
"Wonderful service, very satisfied 681",Positive
"Excellent quality, best purchase ever 681",Positive
"Fantastic, I'm so happy with this 681",Positive
"Terrible product, waste of money 681",Negative
"Very disappointed, not worth it 681",Negative
"Bad experience, would not recommend 681",Negative
"Poor quality, very unhappy 681",Negative
"Worst purchase ever, regret buying 681",Negative
I love this product! It's amazing! 682,Positive
"Great experience, highly recommended 682",Positive
"Wonderful service, very satisfied 682",Positive
"Excellent quality, best purchase ever 682",Positive
"Fantastic, I'm so happy with this 682",Positive
"Terrible product, waste of money 682",Negative
"Very disappointed, not worth it 682",Negative
"Bad experience, would not recommend 682",Negative
"Poor quality, very unhappy 682",Negative
"Worst purchase ever, regret buying 682",Negative
I love this product! It's amazing! 683,Positive
"Great experience, highly recommended 683",Positive
"Wonderful service, very satisfied 683",Positive
"Excellent quality, best purchase ever 683",Positive
"Fantastic, I'm so happy with this 683",Positive
"Terrible product, waste of money 683",Negative
"Very disappointed, not worth it 683",Negative
"Bad experience, would not recommend 683",Negative
"Poor quality, very unhappy 683",Negative
"Worst purchase ever, regret buying 683",Negative
I love this product! It's amazing! 684,Positive
"Great experience, highly recommended 684",Positive
"Wonderful service, very satisfied 684",Positive
"Excellent quality, best purchase ever 684",Positive
"Fantastic, I'm so happy with this 684",Positive
"Terrible product, waste of money 684",Negative
"Very disappointed, not worth it 684",Negative
"Bad experience, would not recommend 684",Negative
"Poor quality, very unhappy 684",Negative
"Worst purchase ever, regret buying 684",Negative
I love this product! It's amazing! 685,Positive
"Great experience, highly recommended 685",Positive
"Wonderful service, very satisfied 685",Positive
"Excellent quality, best purchase ever 685",Positive
"Fantastic, I'm so happy with this 685",Positive
"Terrible product, waste of money 685",Negative
"Very disappointed, not worth it 685",Negative
"Bad experience, would not recommend 685",Negative
"Poor quality, very unhappy 685",Negative
"Worst purchase ever, regret buying 685",Negative
I love this product! It's amazing! 686,Positive
"Great experience, highly recommended 686",Positive
"Wonderful service, very satisfied 686",Positive
"Excellent quality, best purchase ever 686",Positive
"Fantastic, I'm so happy with this 686",Positive
"Terrible product, waste of money 686",Negative
"Very disappointed, not worth it 686",Negative
"Bad experience, would not recommend 686",Negative
"Poor quality, very unhappy 686",Negative
"Worst purchase ever, regret buying 686",Negative
I love this product! It's amazing! 687,Positive
"Great experience, highly recommended 687",Positive
"Wonderful service, very satisfied 687",Positive
"Excellent quality, best purchase ever 687",Positive
"Fantastic, I'm so happy with this 687",Positive
"Terrible product, waste of money 687",Negative
"Very disappointed, not worth it 687",Negative
"Bad experience, would not recommend 687",Negative
"Poor quality, very unhappy 687",Negative
"Worst purchase ever, regret buying 687",Negative
I love this product! It's amazing! 688,Positive
"Great experience, highly recommended 688",Positive
"Wonderful service, very satisfied 688",Positive
"Excellent quality, best purchase ever 688",Positive
"Fantastic, I'm so happy with this 688",Positive
"Terrible product, waste of money 688",Negative
"Very disappointed, not worth it 688",Negative
"Bad experience, would not recommend 688",Negative
"Poor quality, very unhappy 688",Negative
"Worst purchase ever, regret buying 688",Negative
I love this product! It's amazing! 689,Positive
"Great experience, highly recommended 689",Positive
"Wonderful service, very satisfied 689",Positive
"Excellent quality, best purchase ever 689",Positive
"Fantastic, I'm so happy with this 689",Positive
"Terrible product, waste of money 689",Negative
"Very disappointed, not worth it 689",Negative
"Bad experience, would not recommend 689",Negative
"Poor quality, very unhappy 689",Negative
"Worst purchase ever, regret buying 689",Negative
I love this product! It's amazing! 690,Positive
"Great experience, highly recommended 690",Positive
"Wonderful service, very satisfied 690",Positive
"Excellent quality, best purchase ever 690",Positive
"Fantastic, I'm so happy with this 690",Positive
"Terrible product, waste of money 690",Negative
"Very disappointed, not worth it 690",Negative
"Bad experience, would not recommend 690",Negative
"Poor quality, very unhappy 690",Negative
"Worst purchase ever, regret buying 690",Negative
I love this product! It's amazing! 691,Positive
"Great experience, highly recommended 691",Positive
"Wonderful service, very satisfied 691",Positive
"Excellent quality, best purchase ever 691",Positive
"Fantastic, I'm so happy with this 691",Positive
"Terrible product, waste of money 691",Negative
"Very disappointed, not worth it 691",Negative
"Bad experience, would not recommend 691",Negative
"Poor quality, very unhappy 691",Negative
"Worst purchase ever, regret buying 691",Negative
I love this product! It's amazing! 692,Positive
"Great experience, highly recommended 692",Positive
"Wonderful service, very satisfied 692",Positive
"Excellent quality, best purchase ever 692",Positive
"Fantastic, I'm so happy with this 692",Positive
"Terrible product, waste of money 692",Negative
"Very disappointed, not worth it 692",Negative
"Bad experience, would not recommend 692",Negative
"Poor quality, very unhappy 692",Negative
"Worst purchase ever, regret buying 692",Negative
I love this product! It's amazing! 693,Positive
"Great experience, highly recommended 693",Positive
"Wonderful service, very satisfied 693",Positive
"Excellent quality, best purchase ever 693",Positive
"Fantastic, I'm so happy with this 693",Positive
"Terrible product, waste of money 693",Negative
"Very disappointed, not worth it 693",Negative
"Bad experience, would not recommend 693",Negative
"Poor quality, very unhappy 693",Negative
"Worst purchase ever, regret buying 693",Negative
I love this product! It's amazing! 694,Positive
"Great experience, highly recommended 694",Positive
"Wonderful service, very satisfied 694",Positive
"Excellent quality, best purchase ever 694",Positive
"Fantastic, I'm so happy with this 694",Positive
"Terrible product, waste of money 694",Negative
"Very disappointed, not worth it 694",Negative
"Bad experience, would not recommend 694",Negative
"Poor quality, very unhappy 694",Negative
"Worst purchase ever, regret buying 694",Negative
I love this product! It's amazing! 695,Positive
"Great experience, highly recommended 695",Positive
"Wonderful service, very satisfied 695",Positive
"Excellent quality, best purchase ever 695",Positive
"Fantastic, I'm so happy with this 695",Positive
"Terrible product, waste of money 695",Negative
"Very disappointed, not worth it 695",Negative
"Bad experience, would not recommend 695",Negative
"Poor quality, very unhappy 695",Negative
"Worst purchase ever, regret buying 695",Negative
I love this product! It's amazing! 696,Positive
"Great experience, highly recommended 696",Positive
"Wonderful service, very satisfied 696",Positive
"Excellent quality, best purchase ever 696",Positive
"Fantastic, I'm so happy with this 696",Positive
"Terrible product, waste of money 696",Negative
"Very disappointed, not worth it 696",Negative
"Bad experience, would not recommend 696",Negative
"Poor quality, very unhappy 696",Negative
"Worst purchase ever, regret buying 696",Negative
I love this product! It's amazing! 697,Positive
"Great experience, highly recommended 697",Positive
"Wonderful service, very satisfied 697",Positive
"Excellent quality, best purchase ever 697",Positive
"Fantastic, I'm so happy with this 697",Positive
"Terrible product, waste of money 697",Negative
"Very disappointed, not worth it 697",Negative
"Bad experience, would not recommend 697",Negative
"Poor quality, very unhappy 697",Negative
"Worst purchase ever, regret buying 697",Negative
I love this product! It's amazing! 698,Positive
"Great experience, highly recommended 698",Positive
"Wonderful service, very satisfied 698",Positive
"Excellent quality, best purchase ever 698",Positive
"Fantastic, I'm so happy with this 698",Positive
"Terrible product, waste of money 698",Negative
"Very disappointed, not worth it 698",Negative
"Bad experience, would not recommend 698",Negative
"Poor quality, very unhappy 698",Negative
"Worst purchase ever, regret buying 698",Negative
I love this product! It's amazing! 699,Positive
"Great experience, highly recommended 699",Positive
"Wonderful service, very satisfied 699",Positive
"Excellent quality, best purchase ever 699",Positive
"Fantastic, I'm so happy with this 699",Positive
"Terrible product, waste of money 699",Negative
"Very disappointed, not worth it 699",Negative
"Bad experience, would not recommend 699",Negative
"Poor quality, very unhappy 699",Negative
"Worst purchase ever, regret buying 699",Negative
I love this product! It's amazing! 700,Positive
"Great experience, highly recommended 700",Positive
"Wonderful service, very satisfied 700",Positive
"Excellent quality, best purchase ever 700",Positive
"Fantastic, I'm so happy with this 700",Positive
"Terrible product, waste of money 700",Negative
"Very disappointed, not worth it 700",Negative
"Bad experience, would not recommend 700",Negative
"Poor quality, very unhappy 700",Negative
"Worst purchase ever, regret buying 700",Negative
I love this product! It's amazing! 701,Positive
"Great experience, highly recommended 701",Positive
"Wonderful service, very satisfied 701",Positive
"Excellent quality, best purchase ever 701",Positive
"Fantastic, I'm so happy with this 701",Positive
"Terrible product, waste of money 701",Negative
"Very disappointed, not worth it 701",Negative
"Bad experience, would not recommend 701",Negative
"Poor quality, very unhappy 701",Negative
"Worst purchase ever, regret buying 701",Negative
I love this product! It's amazing! 702,Positive
"Great experience, highly recommended 702",Positive
"Wonderful service, very satisfied 702",Positive
"Excellent quality, best purchase ever 702",Positive
"Fantastic, I'm so happy with this 702",Positive
"Terrible product, waste of money 702",Negative
"Very disappointed, not worth it 702",Negative
"Bad experience, would not recommend 702",Negative
"Poor quality, very unhappy 702",Negative
"Worst purchase ever, regret buying 702",Negative
I love this product! It's amazing! 703,Positive
"Great experience, highly recommended 703",Positive
"Wonderful service, very satisfied 703",Positive
"Excellent quality, best purchase ever 703",Positive
"Fantastic, I'm so happy with this 703",Positive
"Terrible product, waste of money 703",Negative
"Very disappointed, not worth it 703",Negative
"Bad experience, would not recommend 703",Negative
"Poor quality, very unhappy 703",Negative
"Worst purchase ever, regret buying 703",Negative
I love this product! It's amazing! 704,Positive
"Great experience, highly recommended 704",Positive
"Wonderful service, very satisfied 704",Positive
"Excellent quality, best purchase ever 704",Positive
"Fantastic, I'm so happy with this 704",Positive
"Terrible product, waste of money 704",Negative
"Very disappointed, not worth it 704",Negative
"Bad experience, would not recommend 704",Negative
"Poor quality, very unhappy 704",Negative
"Worst purchase ever, regret buying 704",Negative
I love this product! It's amazing! 705,Positive
"Great experience, highly recommended 705",Positive
"Wonderful service, very satisfied 705",Positive
"Excellent quality, best purchase ever 705",Positive
"Fantastic, I'm so happy with this 705",Positive
"Terrible product, waste of money 705",Negative
"Very disappointed, not worth it 705",Negative
"Bad experience, would not recommend 705",Negative
"Poor quality, very unhappy 705",Negative
"Worst purchase ever, regret buying 705",Negative
I love this product! It's amazing! 706,Positive
"Great experience, highly recommended 706",Positive
"Wonderful service, very satisfied 706",Positive
"Excellent quality, best purchase ever 706",Positive
"Fantastic, I'm so happy with this 706",Positive
"Terrible product, waste of money 706",Negative
"Very disappointed, not worth it 706",Negative
"Bad experience, would not recommend 706",Negative
"Poor quality, very unhappy 706",Negative
"Worst purchase ever, regret buying 706",Negative
I love this product! It's amazing! 707,Positive
"Great experience, highly recommended 707",Positive
"Wonderful service, very satisfied 707",Positive
"Excellent quality, best purchase ever 707",Positive
"Fantastic, I'm so happy with this 707",Positive
"Terrible product, waste of money 707",Negative
"Very disappointed, not worth it 707",Negative
"Bad experience, would not recommend 707",Negative
"Poor quality, very unhappy 707",Negative
"Worst purchase ever, regret buying 707",Negative
I love this product! It's amazing! 708,Positive
"Great experience, highly recommended 708",Positive
"Wonderful service, very satisfied 708",Positive
"Excellent quality, best purchase ever 708",Positive
"Fantastic, I'm so happy with this 708",Positive
"Terrible product, waste of money 708",Negative
"Very disappointed, not worth it 708",Negative
"Bad experience, would not recommend 708",Negative
"Poor quality, very unhappy 708",Negative
"Worst purchase ever, regret buying 708",Negative
I love this product! It's amazing! 709,Positive
"Great experience, highly recommended 709",Positive
"Wonderful service, very satisfied 709",Positive
"Excellent quality, best purchase ever 709",Positive
"Fantastic, I'm so happy with this 709",Positive
"Terrible product, waste of money 709",Negative
"Very disappointed, not worth it 709",Negative
"Bad experience, would not recommend 709",Negative
"Poor quality, very unhappy 709",Negative
"Worst purchase ever, regret buying 709",Negative
I love this product! It's amazing! 710,Positive
"Great experience, highly recommended 710",Positive
"Wonderful service, very satisfied 710",Positive
"Excellent quality, best purchase ever 710",Positive
"Fantastic, I'm so happy with this 710",Positive
"Terrible product, waste of money 710",Negative
"Very disappointed, not worth it 710",Negative
"Bad experience, would not recommend 710",Negative
"Poor quality, very unhappy 710",Negative
"Worst purchase ever, regret buying 710",Negative
I love this product! It's amazing! 711,Positive
"Great experience, highly recommended 711",Positive
"Wonderful service, very satisfied 711",Positive
"Excellent quality, best purchase ever 711",Positive
"Fantastic, I'm so happy with this 711",Positive
"Terrible product, waste of money 711",Negative
"Very disappointed, not worth it 711",Negative
"Bad experience, would not recommend 711",Negative
"Poor quality, very unhappy 711",Negative
"Worst purchase ever, regret buying 711",Negative
I love this product! It's amazing! 712,Positive
"Great experience, highly recommended 712",Positive
"Wonderful service, very satisfied 712",Positive
"Excellent quality, best purchase ever 712",Positive
"Fantastic, I'm so happy with this 712",Positive
"Terrible product, waste of money 712",Negative
"Very disappointed, not worth it 712",Negative
"Bad experience, would not recommend 712",Negative
"Poor quality, very unhappy 712",Negative
"Worst purchase ever, regret buying 712",Negative
I love this product! It's amazing! 713,Positive
"Great experience, highly recommended 713",Positive
"Wonderful service, very satisfied 713",Positive
"Excellent quality, best purchase ever 713",Positive
"Fantastic, I'm so happy with this 713",Positive
"Terrible product, waste of money 713",Negative
"Very disappointed, not worth it 713",Negative
"Bad experience, would not recommend 713",Negative
"Poor quality, very unhappy 713",Negative
"Worst purchase ever, regret buying 713",Negative
I love this product! It's amazing! 714,Positive
"Great experience, highly recommended 714",Positive
"Wonderful service, very satisfied 714",Positive
"Excellent quality, best purchase ever 714",Positive
"Fantastic, I'm so happy with this 714",Positive
"Terrible product, waste of money 714",Negative
"Very disappointed, not worth it 714",Negative
"Bad experience, would not recommend 714",Negative
"Poor quality, very unhappy 714",Negative
"Worst purchase ever, regret buying 714",Negative
I love this product! It's amazing! 715,Positive
"Great experience, highly recommended 715",Positive
"Wonderful service, very satisfied 715",Positive
"Excellent quality, best purchase ever 715",Positive
"Fantastic, I'm so happy with this 715",Positive
"Terrible product, waste of money 715",Negative
"Very disappointed, not worth it 715",Negative
"Bad experience, would not recommend 715",Negative
"Poor quality, very unhappy 715",Negative
"Worst purchase ever, regret buying 715",Negative
I love this product! It's amazing! 716,Positive
"Great experience, highly recommended 716",Positive
"Wonderful service, very satisfied 716",Positive
"Excellent quality, best purchase ever 716",Positive
"Fantastic, I'm so happy with this 716",Positive
"Terrible product, waste of money 716",Negative
"Very disappointed, not worth it 716",Negative
"Bad experience, would not recommend 716",Negative
"Poor quality, very unhappy 716",Negative
"Worst purchase ever, regret buying 716",Negative
I love this product! It's amazing! 717,Positive
"Great experience, highly recommended 717",Positive
"Wonderful service, very satisfied 717",Positive
"Excellent quality, best purchase ever 717",Positive
"Fantastic, I'm so happy with this 717",Positive
"Terrible product, waste of money 717",Negative
"Very disappointed, not worth it 717",Negative
"Bad experience, would not recommend 717",Negative
"Poor quality, very unhappy 717",Negative
"Worst purchase ever, regret buying 717",Negative
I love this product! It's amazing! 718,Positive
"Great experience, highly recommended 718",Positive
"Wonderful service, very satisfied 718",Positive
"Excellent quality, best purchase ever 718",Positive
"Fantastic, I'm so happy with this 718",Positive
"Terrible product, waste of money 718",Negative
"Very disappointed, not worth it 718",Negative
"Bad experience, would not recommend 718",Negative
"Poor quality, very unhappy 718",Negative
"Worst purchase ever, regret buying 718",Negative
I love this product! It's amazing! 719,Positive
"Great experience, highly recommended 719",Positive
"Wonderful service, very satisfied 719",Positive
"Excellent quality, best purchase ever 719",Positive
"Fantastic, I'm so happy with this 719",Positive
"Terrible product, waste of money 719",Negative
"Very disappointed, not worth it 719",Negative
"Bad experience, would not recommend 719",Negative
"Poor quality, very unhappy 719",Negative
"Worst purchase ever, regret buying 719",Negative
I love this product! It's amazing! 720,Positive
"Great experience, highly recommended 720",Positive
"Wonderful service, very satisfied 720",Positive
"Excellent quality, best purchase ever 720",Positive
"Fantastic, I'm so happy with this 720",Positive
"Terrible product, waste of money 720",Negative
"Very disappointed, not worth it 720",Negative
"Bad experience, would not recommend 720",Negative
"Poor quality, very unhappy 720",Negative
"Worst purchase ever, regret buying 720",Negative
I love this product! It's amazing! 721,Positive
"Great experience, highly recommended 721",Positive
"Wonderful service, very satisfied 721",Positive
"Excellent quality, best purchase ever 721",Positive
"Fantastic, I'm so happy with this 721",Positive
"Terrible product, waste of money 721",Negative
"Very disappointed, not worth it 721",Negative
"Bad experience, would not recommend 721",Negative
"Poor quality, very unhappy 721",Negative
"Worst purchase ever, regret buying 721",Negative
I love this product! It's amazing! 722,Positive
"Great experience, highly recommended 722",Positive
"Wonderful service, very satisfied 722",Positive
"Excellent quality, best purchase ever 722",Positive
"Fantastic, I'm so happy with this 722",Positive
"Terrible product, waste of money 722",Negative
"Very disappointed, not worth it 722",Negative
"Bad experience, would not recommend 722",Negative
"Poor quality, very unhappy 722",Negative
"Worst purchase ever, regret buying 722",Negative
I love this product! It's amazing! 723,Positive
"Great experience, highly recommended 723",Positive
"Wonderful service, very satisfied 723",Positive
"Excellent quality, best purchase ever 723",Positive
"Fantastic, I'm so happy with this 723",Positive
"Terrible product, waste of money 723",Negative
"Very disappointed, not worth it 723",Negative
"Bad experience, would not recommend 723",Negative
"Poor quality, very unhappy 723",Negative
"Worst purchase ever, regret buying 723",Negative
I love this product! It's amazing! 724,Positive
"Great experience, highly recommended 724",Positive
"Wonderful service, very satisfied 724",Positive
"Excellent quality, best purchase ever 724",Positive
"Fantastic, I'm so happy with this 724",Positive
"Terrible product, waste of money 724",Negative
"Very disappointed, not worth it 724",Negative
"Bad experience, would not recommend 724",Negative
"Poor quality, very unhappy 724",Negative
"Worst purchase ever, regret buying 724",Negative
I love this product! It's amazing! 725,Positive
"Great experience, highly recommended 725",Positive
"Wonderful service, very satisfied 725",Positive
"Excellent quality, best purchase ever 725",Positive
"Fantastic, I'm so happy with this 725",Positive
"Terrible product, waste of money 725",Negative
"Very disappointed, not worth it 725",Negative
"Bad experience, would not recommend 725",Negative
"Poor quality, very unhappy 725",Negative
"Worst purchase ever, regret buying 725",Negative
I love this product! It's amazing! 726,Positive
"Great experience, highly recommended 726",Positive
"Wonderful service, very satisfied 726",Positive
"Excellent quality, best purchase ever 726",Positive
"Fantastic, I'm so happy with this 726",Positive
"Terrible product, waste of money 726",Negative
"Very disappointed, not worth it 726",Negative
"Bad experience, would not recommend 726",Negative
"Poor quality, very unhappy 726",Negative
"Worst purchase ever, regret buying 726",Negative
I love this product! It's amazing! 727,Positive
"Great experience, highly recommended 727",Positive
"Wonderful service, very satisfied 727",Positive
"Excellent quality, best purchase ever 727",Positive
"Fantastic, I'm so happy with this 727",Positive
"Terrible product, waste of money 727",Negative
"Very disappointed, not worth it 727",Negative
"Bad experience, would not recommend 727",Negative
"Poor quality, very unhappy 727",Negative
"Worst purchase ever, regret buying 727",Negative
I love this product! It's amazing! 728,Positive
"Great experience, highly recommended 728",Positive
"Wonderful service, very satisfied 728",Positive
"Excellent quality, best purchase ever 728",Positive
"Fantastic, I'm so happy with this 728",Positive
"Terrible product, waste of money 728",Negative
"Very disappointed, not worth it 728",Negative
"Bad experience, would not recommend 728",Negative
"Poor quality, very unhappy 728",Negative
"Worst purchase ever, regret buying 728",Negative
I love this product! It's amazing! 729,Positive
"Great experience, highly recommended 729",Positive
"Wonderful service, very satisfied 729",Positive
"Excellent quality, best purchase ever 729",Positive
"Fantastic, I'm so happy with this 729",Positive
"Terrible product, waste of money 729",Negative
"Very disappointed, not worth it 729",Negative
"Bad experience, would not recommend 729",Negative
"Poor quality, very unhappy 729",Negative
"Worst purchase ever, regret buying 729",Negative
I love this product! It's amazing! 730,Positive
"Great experience, highly recommended 730",Positive
"Wonderful service, very satisfied 730",Positive
"Excellent quality, best purchase ever 730",Positive
"Fantastic, I'm so happy with this 730",Positive
"Terrible product, waste of money 730",Negative
"Very disappointed, not worth it 730",Negative
"Bad experience, would not recommend 730",Negative
"Poor quality, very unhappy 730",Negative
"Worst purchase ever, regret buying 730",Negative
I love this product! It's amazing! 731,Positive
"Great experience, highly recommended 731",Positive
"Wonderful service, very satisfied 731",Positive
"Excellent quality, best purchase ever 731",Positive
"Fantastic, I'm so happy with this 731",Positive
"Terrible product, waste of money 731",Negative
"Very disappointed, not worth it 731",Negative
"Bad experience, would not recommend 731",Negative
"Poor quality, very unhappy 731",Negative
"Worst purchase ever, regret buying 731",Negative
I love this product! It's amazing! 732,Positive
"Great experience, highly recommended 732",Positive
"Wonderful service, very satisfied 732",Positive
"Excellent quality, best purchase ever 732",Positive
"Fantastic, I'm so happy with this 732",Positive
"Terrible product, waste of money 732",Negative
"Very disappointed, not worth it 732",Negative
"Bad experience, would not recommend 732",Negative
"Poor quality, very unhappy 732",Negative
"Worst purchase ever, regret buying 732",Negative
I love this product! It's amazing! 733,Positive
"Great experience, highly recommended 733",Positive
"Wonderful service, very satisfied 733",Positive
"Excellent quality, best purchase ever 733",Positive
"Fantastic, I'm so happy with this 733",Positive
"Terrible product, waste of money 733",Negative
"Very disappointed, not worth it 733",Negative
"Bad experience, would not recommend 733",Negative
"Poor quality, very unhappy 733",Negative
"Worst purchase ever, regret buying 733",Negative
I love this product! It's amazing! 734,Positive
"Great experience, highly recommended 734",Positive
"Wonderful service, very satisfied 734",Positive
"Excellent quality, best purchase ever 734",Positive
"Fantastic, I'm so happy with this 734",Positive
"Terrible product, waste of money 734",Negative
"Very disappointed, not worth it 734",Negative
"Bad experience, would not recommend 734",Negative
"Poor quality, very unhappy 734",Negative
"Worst purchase ever, regret buying 734",Negative
I love this product! It's amazing! 735,Positive
"Great experience, highly recommended 735",Positive
"Wonderful service, very satisfied 735",Positive
"Excellent quality, best purchase ever 735",Positive
"Fantastic, I'm so happy with this 735",Positive
"Terrible product, waste of money 735",Negative
"Very disappointed, not worth it 735",Negative
"Bad experience, would not recommend 735",Negative
"Poor quality, very unhappy 735",Negative
"Worst purchase ever, regret buying 735",Negative
I love this product! It's amazing! 736,Positive
"Great experience, highly recommended 736",Positive
"Wonderful service, very satisfied 736",Positive
"Excellent quality, best purchase ever 736",Positive
"Fantastic, I'm so happy with this 736",Positive
"Terrible product, waste of money 736",Negative
"Very disappointed, not worth it 736",Negative
"Bad experience, would not recommend 736",Negative
"Poor quality, very unhappy 736",Negative
"Worst purchase ever, regret buying 736",Negative
I love this product! It's amazing! 737,Positive
"Great experience, highly recommended 737",Positive
"Wonderful service, very satisfied 737",Positive
"Excellent quality, best purchase ever 737",Positive
"Fantastic, I'm so happy with this 737",Positive
"Terrible product, waste of money 737",Negative
"Very disappointed, not worth it 737",Negative
"Bad experience, would not recommend 737",Negative
"Poor quality, very unhappy 737",Negative
"Worst purchase ever, regret buying 737",Negative
I love this product! It's amazing! 738,Positive
"Great experience, highly recommended 738",Positive
"Wonderful service, very satisfied 738",Positive
"Excellent quality, best purchase ever 738",Positive
"Fantastic, I'm so happy with this 738",Positive
"Terrible product, waste of money 738",Negative
"Very disappointed, not worth it 738",Negative
"Bad experience, would not recommend 738",Negative
"Poor quality, very unhappy 738",Negative
"Worst purchase ever, regret buying 738",Negative
I love this product! It's amazing! 739,Positive
"Great experience, highly recommended 739",Positive
"Wonderful service, very satisfied 739",Positive
"Excellent quality, best purchase ever 739",Positive
"Fantastic, I'm so happy with this 739",Positive
"Terrible product, waste of money 739",Negative
"Very disappointed, not worth it 739",Negative
"Bad experience, would not recommend 739",Negative
"Poor quality, very unhappy 739",Negative
"Worst purchase ever, regret buying 739",Negative
I love this product! It's amazing! 740,Positive
"Great experience, highly recommended 740",Positive
"Wonderful service, very satisfied 740",Positive
"Excellent quality, best purchase ever 740",Positive
"Fantastic, I'm so happy with this 740",Positive
"Terrible product, waste of money 740",Negative
"Very disappointed, not worth it 740",Negative
"Bad experience, would not recommend 740",Negative
"Poor quality, very unhappy 740",Negative
"Worst purchase ever, regret buying 740",Negative
I love this product! It's amazing! 741,Positive
"Great experience, highly recommended 741",Positive
"Wonderful service, very satisfied 741",Positive
"Excellent quality, best purchase ever 741",Positive
"Fantastic, I'm so happy with this 741",Positive
"Terrible product, waste of money 741",Negative
"Very disappointed, not worth it 741",Negative
"Bad experience, would not recommend 741",Negative
"Poor quality, very unhappy 741",Negative
"Worst purchase ever, regret buying 741",Negative
I love this product! It's amazing! 742,Positive
"Great experience, highly recommended 742",Positive
"Wonderful service, very satisfied 742",Positive
"Excellent quality, best purchase ever 742",Positive
"Fantastic, I'm so happy with this 742",Positive
"Terrible product, waste of money 742",Negative
"Very disappointed, not worth it 742",Negative
"Bad experience, would not recommend 742",Negative
"Poor quality, very unhappy 742",Negative
"Worst purchase ever, regret buying 742",Negative
I love this product! It's amazing! 743,Positive
"Great experience, highly recommended 743",Positive
"Wonderful service, very satisfied 743",Positive
"Excellent quality, best purchase ever 743",Positive
"Fantastic, I'm so happy with this 743",Positive
"Terrible product, waste of money 743",Negative
"Very disappointed, not worth it 743",Negative
"Bad experience, would not recommend 743",Negative
"Poor quality, very unhappy 743",Negative
"Worst purchase ever, regret buying 743",Negative
I love this product! It's amazing! 744,Positive
"Great experience, highly recommended 744",Positive
"Wonderful service, very satisfied 744",Positive
"Excellent quality, best purchase ever 744",Positive
"Fantastic, I'm so happy with this 744",Positive
"Terrible product, waste of money 744",Negative
"Very disappointed, not worth it 744",Negative
"Bad experience, would not recommend 744",Negative
"Poor quality, very unhappy 744",Negative
"Worst purchase ever, regret buying 744",Negative
I love this product! It's amazing! 745,Positive
"Great experience, highly recommended 745",Positive
"Wonderful service, very satisfied 745",Positive
"Excellent quality, best purchase ever 745",Positive
"Fantastic, I'm so happy with this 745",Positive
"Terrible product, waste of money 745",Negative
"Very disappointed, not worth it 745",Negative
"Bad experience, would not recommend 745",Negative
"Poor quality, very unhappy 745",Negative
"Worst purchase ever, regret buying 745",Negative
I love this product! It's amazing! 746,Positive
"Great experience, highly recommended 746",Positive
"Wonderful service, very satisfied 746",Positive
"Excellent quality, best purchase ever 746",Positive
"Fantastic, I'm so happy with this 746",Positive
"Terrible product, waste of money 746",Negative
"Very disappointed, not worth it 746",Negative
"Bad experience, would not recommend 746",Negative
"Poor quality, very unhappy 746",Negative
"Worst purchase ever, regret buying 746",Negative
I love this product! It's amazing! 747,Positive
"Great experience, highly recommended 747",Positive
"Wonderful service, very satisfied 747",Positive
"Excellent quality, best purchase ever 747",Positive
"Fantastic, I'm so happy with this 747",Positive
"Terrible product, waste of money 747",Negative
"Very disappointed, not worth it 747",Negative
"Bad experience, would not recommend 747",Negative
"Poor quality, very unhappy 747",Negative
"Worst purchase ever, regret buying 747",Negative
I love this product! It's amazing! 748,Positive
"Great experience, highly recommended 748",Positive
"Wonderful service, very satisfied 748",Positive
"Excellent quality, best purchase ever 748",Positive
"Fantastic, I'm so happy with this 748",Positive
"Terrible product, waste of money 748",Negative
"Very disappointed, not worth it 748",Negative
"Bad experience, would not recommend 748",Negative
"Poor quality, very unhappy 748",Negative
"Worst purchase ever, regret buying 748",Negative
I love this product! It's amazing! 749,Positive
"Great experience, highly recommended 749",Positive
"Wonderful service, very satisfied 749",Positive
"Excellent quality, best purchase ever 749",Positive
"Fantastic, I'm so happy with this 749",Positive
"Terrible product, waste of money 749",Negative
"Very disappointed, not worth it 749",Negative
"Bad experience, would not recommend 749",Negative
"Poor quality, very unhappy 749",Negative
"Worst purchase ever, regret buying 749",Negative
I love this product! It's amazing! 750,Positive
"Great experience, highly recommended 750",Positive
"Wonderful service, very satisfied 750",Positive
"Excellent quality, best purchase ever 750",Positive
"Fantastic, I'm so happy with this 750",Positive
"Terrible product, waste of money 750",Negative
"Very disappointed, not worth it 750",Negative
"Bad experience, would not recommend 750",Negative
"Poor quality, very unhappy 750",Negative
"Worst purchase ever, regret buying 750",Negative
I love this product! It's amazing! 751,Positive
"Great experience, highly recommended 751",Positive
"Wonderful service, very satisfied 751",Positive
"Excellent quality, best purchase ever 751",Positive
"Fantastic, I'm so happy with this 751",Positive
"Terrible product, waste of money 751",Negative
"Very disappointed, not worth it 751",Negative
"Bad experience, would not recommend 751",Negative
"Poor quality, very unhappy 751",Negative
"Worst purchase ever, regret buying 751",Negative
I love this product! It's amazing! 752,Positive
"Great experience, highly recommended 752",Positive
"Wonderful service, very satisfied 752",Positive
"Excellent quality, best purchase ever 752",Positive
"Fantastic, I'm so happy with this 752",Positive
"Terrible product, waste of money 752",Negative
"Very disappointed, not worth it 752",Negative
"Bad experience, would not recommend 752",Negative
"Poor quality, very unhappy 752",Negative
"Worst purchase ever, regret buying 752",Negative
I love this product! It's amazing! 753,Positive
"Great experience, highly recommended 753",Positive
"Wonderful service, very satisfied 753",Positive
"Excellent quality, best purchase ever 753",Positive
"Fantastic, I'm so happy with this 753",Positive
"Terrible product, waste of money 753",Negative
"Very disappointed, not worth it 753",Negative
"Bad experience, would not recommend 753",Negative
"Poor quality, very unhappy 753",Negative
"Worst purchase ever, regret buying 753",Negative
I love this product! It's amazing! 754,Positive
"Great experience, highly recommended 754",Positive
"Wonderful service, very satisfied 754",Positive
"Excellent quality, best purchase ever 754",Positive
"Fantastic, I'm so happy with this 754",Positive
"Terrible product, waste of money 754",Negative
"Very disappointed, not worth it 754",Negative
"Bad experience, would not recommend 754",Negative
"Poor quality, very unhappy 754",Negative
"Worst purchase ever, regret buying 754",Negative
I love this product! It's amazing! 755,Positive
"Great experience, highly recommended 755",Positive
"Wonderful service, very satisfied 755",Positive
"Excellent quality, best purchase ever 755",Positive
"Fantastic, I'm so happy with this 755",Positive
"Terrible product, waste of money 755",Negative
"Very disappointed, not worth it 755",Negative
"Bad experience, would not recommend 755",Negative
"Poor quality, very unhappy 755",Negative
"Worst purchase ever, regret buying 755",Negative
I love this product! It's amazing! 756,Positive
"Great experience, highly recommended 756",Positive
"Wonderful service, very satisfied 756",Positive
"Excellent quality, best purchase ever 756",Positive
"Fantastic, I'm so happy with this 756",Positive
"Terrible product, waste of money 756",Negative
"Very disappointed, not worth it 756",Negative
"Bad experience, would not recommend 756",Negative
"Poor quality, very unhappy 756",Negative
"Worst purchase ever, regret buying 756",Negative
I love this product! It's amazing! 757,Positive
"Great experience, highly recommended 757",Positive
"Wonderful service, very satisfied 757",Positive
"Excellent quality, best purchase ever 757",Positive
"Fantastic, I'm so happy with this 757",Positive
"Terrible product, waste of money 757",Negative
"Very disappointed, not worth it 757",Negative
"Bad experience, would not recommend 757",Negative
"Poor quality, very unhappy 757",Negative
"Worst purchase ever, regret buying 757",Negative
I love this product! It's amazing! 758,Positive
"Great experience, highly recommended 758",Positive
"Wonderful service, very satisfied 758",Positive
"Excellent quality, best purchase ever 758",Positive
"Fantastic, I'm so happy with this 758",Positive
"Terrible product, waste of money 758",Negative
"Very disappointed, not worth it 758",Negative
"Bad experience, would not recommend 758",Negative
"Poor quality, very unhappy 758",Negative
"Worst purchase ever, regret buying 758",Negative
I love this product! It's amazing! 759,Positive
"Great experience, highly recommended 759",Positive
"Wonderful service, very satisfied 759",Positive
"Excellent quality, best purchase ever 759",Positive
"Fantastic, I'm so happy with this 759",Positive
"Terrible product, waste of money 759",Negative
"Very disappointed, not worth it 759",Negative
"Bad experience, would not recommend 759",Negative
"Poor quality, very unhappy 759",Negative
"Worst purchase ever, regret buying 759",Negative
I love this product! It's amazing! 760,Positive
"Great experience, highly recommended 760",Positive
"Wonderful service, very satisfied 760",Positive
"Excellent quality, best purchase ever 760",Positive
"Fantastic, I'm so happy with this 760",Positive
"Terrible product, waste of money 760",Negative
"Very disappointed, not worth it 760",Negative
"Bad experience, would not recommend 760",Negative
"Poor quality, very unhappy 760",Negative
"Worst purchase ever, regret buying 760",Negative
I love this product! It's amazing! 761,Positive
"Great experience, highly recommended 761",Positive
"Wonderful service, very satisfied 761",Positive
"Excellent quality, best purchase ever 761",Positive
"Fantastic, I'm so happy with this 761",Positive
"Terrible product, waste of money 761",Negative
"Very disappointed, not worth it 761",Negative
"Bad experience, would not recommend 761",Negative
"Poor quality, very unhappy 761",Negative
"Worst purchase ever, regret buying 761",Negative
I love this product! It's amazing! 762,Positive
"Great experience, highly recommended 762",Positive
"Wonderful service, very satisfied 762",Positive
"Excellent quality, best purchase ever 762",Positive
"Fantastic, I'm so happy with this 762",Positive
"Terrible product, waste of money 762",Negative
"Very disappointed, not worth it 762",Negative
"Bad experience, would not recommend 762",Negative
"Poor quality, very unhappy 762",Negative
"Worst purchase ever, regret buying 762",Negative
I love this product! It's amazing! 763,Positive
"Great experience, highly recommended 763",Positive
"Wonderful service, very satisfied 763",Positive
"Excellent quality, best purchase ever 763",Positive
"Fantastic, I'm so happy with this 763",Positive
"Terrible product, waste of money 763",Negative
"Very disappointed, not worth it 763",Negative
"Bad experience, would not recommend 763",Negative
"Poor quality, very unhappy 763",Negative
"Worst purchase ever, regret buying 763",Negative
I love this product! It's amazing! 764,Positive
"Great experience, highly recommended 764",Positive
"Wonderful service, very satisfied 764",Positive
"Excellent quality, best purchase ever 764",Positive
"Fantastic, I'm so happy with this 764",Positive
"Terrible product, waste of money 764",Negative
"Very disappointed, not worth it 764",Negative
"Bad experience, would not recommend 764",Negative
"Poor quality, very unhappy 764",Negative
"Worst purchase ever, regret buying 764",Negative
I love this product! It's amazing! 765,Positive
"Great experience, highly recommended 765",Positive
"Wonderful service, very satisfied 765",Positive
"Excellent quality, best purchase ever 765",Positive
"Fantastic, I'm so happy with this 765",Positive
"Terrible product, waste of money 765",Negative
"Very disappointed, not worth it 765",Negative
"Bad experience, would not recommend 765",Negative
"Poor quality, very unhappy 765",Negative
"Worst purchase ever, regret buying 765",Negative
I love this product! It's amazing! 766,Positive
"Great experience, highly recommended 766",Positive
"Wonderful service, very satisfied 766",Positive
"Excellent quality, best purchase ever 766",Positive
"Fantastic, I'm so happy with this 766",Positive
"Terrible product, waste of money 766",Negative
"Very disappointed, not worth it 766",Negative
"Bad experience, would not recommend 766",Negative
"Poor quality, very unhappy 766",Negative
"Worst purchase ever, regret buying 766",Negative
I love this product! It's amazing! 767,Positive
"Great experience, highly recommended 767",Positive
"Wonderful service, very satisfied 767",Positive
"Excellent quality, best purchase ever 767",Positive
"Fantastic, I'm so happy with this 767",Positive
"Terrible product, waste of money 767",Negative
"Very disappointed, not worth it 767",Negative
"Bad experience, would not recommend 767",Negative
"Poor quality, very unhappy 767",Negative
"Worst purchase ever, regret buying 767",Negative
I love this product! It's amazing! 768,Positive
"Great experience, highly recommended 768",Positive
"Wonderful service, very satisfied 768",Positive
"Excellent quality, best purchase ever 768",Positive
"Fantastic, I'm so happy with this 768",Positive
"Terrible product, waste of money 768",Negative
"Very disappointed, not worth it 768",Negative
"Bad experience, would not recommend 768",Negative
"Poor quality, very unhappy 768",Negative
"Worst purchase ever, regret buying 768",Negative
I love this product! It's amazing! 769,Positive
"Great experience, highly recommended 769",Positive
"Wonderful service, very satisfied 769",Positive
"Excellent quality, best purchase ever 769",Positive
"Fantastic, I'm so happy with this 769",Positive
"Terrible product, waste of money 769",Negative
"Very disappointed, not worth it 769",Negative
"Bad experience, would not recommend 769",Negative
"Poor quality, very unhappy 769",Negative
"Worst purchase ever, regret buying 769",Negative
I love this product! It's amazing! 770,Positive
"Great experience, highly recommended 770",Positive
"Wonderful service, very satisfied 770",Positive
"Excellent quality, best purchase ever 770",Positive
"Fantastic, I'm so happy with this 770",Positive
"Terrible product, waste of money 770",Negative
"Very disappointed, not worth it 770",Negative
"Bad experience, would not recommend 770",Negative
"Poor quality, very unhappy 770",Negative
"Worst purchase ever, regret buying 770",Negative
I love this product! It's amazing! 771,Positive
"Great experience, highly recommended 771",Positive
"Wonderful service, very satisfied 771",Positive
"Excellent quality, best purchase ever 771",Positive
"Fantastic, I'm so happy with this 771",Positive
"Terrible product, waste of money 771",Negative
"Very disappointed, not worth it 771",Negative
"Bad experience, would not recommend 771",Negative
"Poor quality, very unhappy 771",Negative
"Worst purchase ever, regret buying 771",Negative
I love this product! It's amazing! 772,Positive
"Great experience, highly recommended 772",Positive
"Wonderful service, very satisfied 772",Positive
"Excellent quality, best purchase ever 772",Positive
"Fantastic, I'm so happy with this 772",Positive
"Terrible product, waste of money 772",Negative
"Very disappointed, not worth it 772",Negative
"Bad experience, would not recommend 772",Negative
"Poor quality, very unhappy 772",Negative
"Worst purchase ever, regret buying 772",Negative
I love this product! It's amazing! 773,Positive
"Great experience, highly recommended 773",Positive
"Wonderful service, very satisfied 773",Positive
"Excellent quality, best purchase ever 773",Positive
"Fantastic, I'm so happy with this 773",Positive
"Terrible product, waste of money 773",Negative
"Very disappointed, not worth it 773",Negative
"Bad experience, would not recommend 773",Negative
"Poor quality, very unhappy 773",Negative
"Worst purchase ever, regret buying 773",Negative
I love this product! It's amazing! 774,Positive
"Great experience, highly recommended 774",Positive
"Wonderful service, very satisfied 774",Positive
"Excellent quality, best purchase ever 774",Positive
"Fantastic, I'm so happy with this 774",Positive
"Terrible product, waste of money 774",Negative
"Very disappointed, not worth it 774",Negative
"Bad experience, would not recommend 774",Negative
"Poor quality, very unhappy 774",Negative
"Worst purchase ever, regret buying 774",Negative
I love this product! It's amazing! 775,Positive
"Great experience, highly recommended 775",Positive
"Wonderful service, very satisfied 775",Positive
"Excellent quality, best purchase ever 775",Positive
"Fantastic, I'm so happy with this 775",Positive
"Terrible product, waste of money 775",Negative
"Very disappointed, not worth it 775",Negative
"Bad experience, would not recommend 775",Negative
"Poor quality, very unhappy 775",Negative
"Worst purchase ever, regret buying 775",Negative
I love this product! It's amazing! 776,Positive
"Great experience, highly recommended 776",Positive
"Wonderful service, very satisfied 776",Positive
"Excellent quality, best purchase ever 776",Positive
"Fantastic, I'm so happy with this 776",Positive
"Terrible product, waste of money 776",Negative
"Very disappointed, not worth it 776",Negative
"Bad experience, would not recommend 776",Negative
"Poor quality, very unhappy 776",Negative
"Worst purchase ever, regret buying 776",Negative
I love this product! It's amazing! 777,Positive
"Great experience, highly recommended 777",Positive
"Wonderful service, very satisfied 777",Positive
"Excellent quality, best purchase ever 777",Positive
"Fantastic, I'm so happy with this 777",Positive
"Terrible product, waste of money 777",Negative
"Very disappointed, not worth it 777",Negative
"Bad experience, would not recommend 777",Negative
"Poor quality, very unhappy 777",Negative
"Worst purchase ever, regret buying 777",Negative
I love this product! It's amazing! 778,Positive
"Great experience, highly recommended 778",Positive
"Wonderful service, very satisfied 778",Positive
"Excellent quality, best purchase ever 778",Positive
"Fantastic, I'm so happy with this 778",Positive
"Terrible product, waste of money 778",Negative
"Very disappointed, not worth it 778",Negative
"Bad experience, would not recommend 778",Negative
"Poor quality, very unhappy 778",Negative
"Worst purchase ever, regret buying 778",Negative
I love this product! It's amazing! 779,Positive
"Great experience, highly recommended 779",Positive
"Wonderful service, very satisfied 779",Positive
"Excellent quality, best purchase ever 779",Positive
"Fantastic, I'm so happy with this 779",Positive
"Terrible product, waste of money 779",Negative
"Very disappointed, not worth it 779",Negative
"Bad experience, would not recommend 779",Negative
"Poor quality, very unhappy 779",Negative
"Worst purchase ever, regret buying 779",Negative
I love this product! It's amazing! 780,Positive
"Great experience, highly recommended 780",Positive
"Wonderful service, very satisfied 780",Positive
"Excellent quality, best purchase ever 780",Positive
"Fantastic, I'm so happy with this 780",Positive
"Terrible product, waste of money 780",Negative
"Very disappointed, not worth it 780",Negative
"Bad experience, would not recommend 780",Negative
"Poor quality, very unhappy 780",Negative
"Worst purchase ever, regret buying 780",Negative
I love this product! It's amazing! 781,Positive
"Great experience, highly recommended 781",Positive
"Wonderful service, very satisfied 781",Positive
"Excellent quality, best purchase ever 781",Positive
"Fantastic, I'm so happy with this 781",Positive
"Terrible product, waste of money 781",Negative
"Very disappointed, not worth it 781",Negative
"Bad experience, would not recommend 781",Negative
"Poor quality, very unhappy 781",Negative
"Worst purchase ever, regret buying 781",Negative
I love this product! It's amazing! 782,Positive
"Great experience, highly recommended 782",Positive
"Wonderful service, very satisfied 782",Positive
"Excellent quality, best purchase ever 782",Positive
"Fantastic, I'm so happy with this 782",Positive
"Terrible product, waste of money 782",Negative
"Very disappointed, not worth it 782",Negative
"Bad experience, would not recommend 782",Negative
"Poor quality, very unhappy 782",Negative
"Worst purchase ever, regret buying 782",Negative
I love this product! It's amazing! 783,Positive
"Great experience, highly recommended 783",Positive
"Wonderful service, very satisfied 783",Positive
"Excellent quality, best purchase ever 783",Positive
"Fantastic, I'm so happy with this 783",Positive
"Terrible product, waste of money 783",Negative
"Very disappointed, not worth it 783",Negative
"Bad experience, would not recommend 783",Negative
"Poor quality, very unhappy 783",Negative
"Worst purchase ever, regret buying 783",Negative
I love this product! It's amazing! 784,Positive
"Great experience, highly recommended 784",Positive
"Wonderful service, very satisfied 784",Positive
"Excellent quality, best purchase ever 784",Positive
"Fantastic, I'm so happy with this 784",Positive
"Terrible product, waste of money 784",Negative
"Very disappointed, not worth it 784",Negative
"Bad experience, would not recommend 784",Negative
"Poor quality, very unhappy 784",Negative
"Worst purchase ever, regret buying 784",Negative
I love this product! It's amazing! 785,Positive
"Great experience, highly recommended 785",Positive
"Wonderful service, very satisfied 785",Positive
"Excellent quality, best purchase ever 785",Positive
"Fantastic, I'm so happy with this 785",Positive
"Terrible product, waste of money 785",Negative
"Very disappointed, not worth it 785",Negative
"Bad experience, would not recommend 785",Negative
"Poor quality, very unhappy 785",Negative
"Worst purchase ever, regret buying 785",Negative
I love this product! It's amazing! 786,Positive
"Great experience, highly recommended 786",Positive
"Wonderful service, very satisfied 786",Positive
"Excellent quality, best purchase ever 786",Positive
"Fantastic, I'm so happy with this 786",Positive
"Terrible product, waste of money 786",Negative
"Very disappointed, not worth it 786",Negative
"Bad experience, would not recommend 786",Negative
"Poor quality, very unhappy 786",Negative
"Worst purchase ever, regret buying 786",Negative
I love this product! It's amazing! 787,Positive
"Great experience, highly recommended 787",Positive
"Wonderful service, very satisfied 787",Positive
"Excellent quality, best purchase ever 787",Positive
"Fantastic, I'm so happy with this 787",Positive
"Terrible product, waste of money 787",Negative
"Very disappointed, not worth it 787",Negative
"Bad experience, would not recommend 787",Negative
"Poor quality, very unhappy 787",Negative
"Worst purchase ever, regret buying 787",Negative
I love this product! It's amazing! 788,Positive
"Great experience, highly recommended 788",Positive
"Wonderful service, very satisfied 788",Positive
"Excellent quality, best purchase ever 788",Positive
"Fantastic, I'm so happy with this 788",Positive
"Terrible product, waste of money 788",Negative
"Very disappointed, not worth it 788",Negative
"Bad experience, would not recommend 788",Negative
"Poor quality, very unhappy 788",Negative
"Worst purchase ever, regret buying 788",Negative
I love this product! It's amazing! 789,Positive
"Great experience, highly recommended 789",Positive
"Wonderful service, very satisfied 789",Positive
"Excellent quality, best purchase ever 789",Positive
"Fantastic, I'm so happy with this 789",Positive
"Terrible product, waste of money 789",Negative
"Very disappointed, not worth it 789",Negative
"Bad experience, would not recommend 789",Negative
"Poor quality, very unhappy 789",Negative
"Worst purchase ever, regret buying 789",Negative
I love this product! It's amazing! 790,Positive
"Great experience, highly recommended 790",Positive
"Wonderful service, very satisfied 790",Positive
"Excellent quality, best purchase ever 790",Positive
"Fantastic, I'm so happy with this 790",Positive
"Terrible product, waste of money 790",Negative
"Very disappointed, not worth it 790",Negative
"Bad experience, would not recommend 790",Negative
"Poor quality, very unhappy 790",Negative
"Worst purchase ever, regret buying 790",Negative
I love this product! It's amazing! 791,Positive
"Great experience, highly recommended 791",Positive
"Wonderful service, very satisfied 791",Positive
"Excellent quality, best purchase ever 791",Positive
"Fantastic, I'm so happy with this 791",Positive
"Terrible product, waste of money 791",Negative
"Very disappointed, not worth it 791",Negative
"Bad experience, would not recommend 791",Negative
"Poor quality, very unhappy 791",Negative
"Worst purchase ever, regret buying 791",Negative
I love this product! It's amazing! 792,Positive
"Great experience, highly recommended 792",Positive
"Wonderful service, very satisfied 792",Positive
"Excellent quality, best purchase ever 792",Positive
"Fantastic, I'm so happy with this 792",Positive
"Terrible product, waste of money 792",Negative
"Very disappointed, not worth it 792",Negative
"Bad experience, would not recommend 792",Negative
"Poor quality, very unhappy 792",Negative
"Worst purchase ever, regret buying 792",Negative
I love this product! It's amazing! 793,Positive
"Great experience, highly recommended 793",Positive
"Wonderful service, very satisfied 793",Positive
"Excellent quality, best purchase ever 793",Positive
"Fantastic, I'm so happy with this 793",Positive
"Terrible product, waste of money 793",Negative
"Very disappointed, not worth it 793",Negative
"Bad experience, would not recommend 793",Negative
"Poor quality, very unhappy 793",Negative
"Worst purchase ever, regret buying 793",Negative
I love this product! It's amazing! 794,Positive
"Great experience, highly recommended 794",Positive
"Wonderful service, very satisfied 794",Positive
"Excellent quality, best purchase ever 794",Positive
"Fantastic, I'm so happy with this 794",Positive
"Terrible product, waste of money 794",Negative
"Very disappointed, not worth it 794",Negative
"Bad experience, would not recommend 794",Negative
"Poor quality, very unhappy 794",Negative
"Worst purchase ever, regret buying 794",Negative
I love this product! It's amazing! 795,Positive
"Great experience, highly recommended 795",Positive
"Wonderful service, very satisfied 795",Positive
"Excellent quality, best purchase ever 795",Positive
"Fantastic, I'm so happy with this 795",Positive
"Terrible product, waste of money 795",Negative
"Very disappointed, not worth it 795",Negative
"Bad experience, would not recommend 795",Negative
"Poor quality, very unhappy 795",Negative
"Worst purchase ever, regret buying 795",Negative
I love this product! It's amazing! 796,Positive
"Great experience, highly recommended 796",Positive
"Wonderful service, very satisfied 796",Positive
"Excellent quality, best purchase ever 796",Positive
"Fantastic, I'm so happy with this 796",Positive
"Terrible product, waste of money 796",Negative
"Very disappointed, not worth it 796",Negative
"Bad experience, would not recommend 796",Negative
"Poor quality, very unhappy 796",Negative
"Worst purchase ever, regret buying 796",Negative
I love this product! It's amazing! 797,Positive
"Great experience, highly recommended 797",Positive
"Wonderful service, very satisfied 797",Positive
"Excellent quality, best purchase ever 797",Positive
"Fantastic, I'm so happy with this 797",Positive
"Terrible product, waste of money 797",Negative
"Very disappointed, not worth it 797",Negative
"Bad experience, would not recommend 797",Negative
"Poor quality, very unhappy 797",Negative
"Worst purchase ever, regret buying 797",Negative
I love this product! It's amazing! 798,Positive
"Great experience, highly recommended 798",Positive
"Wonderful service, very satisfied 798",Positive
"Excellent quality, best purchase ever 798",Positive
"Fantastic, I'm so happy with this 798",Positive
"Terrible product, waste of money 798",Negative
"Very disappointed, not worth it 798",Negative
"Bad experience, would not recommend 798",Negative
"Poor quality, very unhappy 798",Negative
"Worst purchase ever, regret buying 798",Negative
I love this product! It's amazing! 799,Positive
"Great experience, highly recommended 799",Positive
"Wonderful service, very satisfied 799",Positive
"Excellent quality, best purchase ever 799",Positive
"Fantastic, I'm so happy with this 799",Positive
"Terrible product, waste of money 799",Negative
"Very disappointed, not worth it 799",Negative
"Bad experience, would not recommend 799",Negative
"Poor quality, very unhappy 799",Negative
"Worst purchase ever, regret buying 799",Negative
I love this product! It's amazing! 800,Positive
"Great experience, highly recommended 800",Positive
"Wonderful service, very satisfied 800",Positive
"Excellent quality, best purchase ever 800",Positive
"Fantastic, I'm so happy with this 800",Positive
"Terrible product, waste of money 800",Negative
"Very disappointed, not worth it 800",Negative
"Bad experience, would not recommend 800",Negative
"Poor quality, very unhappy 800",Negative
"Worst purchase ever, regret buying 800",Negative
I love this product! It's amazing! 801,Positive
"Great experience, highly recommended 801",Positive
"Wonderful service, very satisfied 801",Positive
"Excellent quality, best purchase ever 801",Positive
"Fantastic, I'm so happy with this 801",Positive
"Terrible product, waste of money 801",Negative
"Very disappointed, not worth it 801",Negative
"Bad experience, would not recommend 801",Negative
"Poor quality, very unhappy 801",Negative
"Worst purchase ever, regret buying 801",Negative
I love this product! It's amazing! 802,Positive
"Great experience, highly recommended 802",Positive
"Wonderful service, very satisfied 802",Positive
"Excellent quality, best purchase ever 802",Positive
"Fantastic, I'm so happy with this 802",Positive
"Terrible product, waste of money 802",Negative
"Very disappointed, not worth it 802",Negative
"Bad experience, would not recommend 802",Negative
"Poor quality, very unhappy 802",Negative
"Worst purchase ever, regret buying 802",Negative
I love this product! It's amazing! 803,Positive
"Great experience, highly recommended 803",Positive
"Wonderful service, very satisfied 803",Positive
"Excellent quality, best purchase ever 803",Positive
"Fantastic, I'm so happy with this 803",Positive
"Terrible product, waste of money 803",Negative
"Very disappointed, not worth it 803",Negative
"Bad experience, would not recommend 803",Negative
"Poor quality, very unhappy 803",Negative
"Worst purchase ever, regret buying 803",Negative
I love this product! It's amazing! 804,Positive
"Great experience, highly recommended 804",Positive
"Wonderful service, very satisfied 804",Positive
"Excellent quality, best purchase ever 804",Positive
"Fantastic, I'm so happy with this 804",Positive
"Terrible product, waste of money 804",Negative
"Very disappointed, not worth it 804",Negative
"Bad experience, would not recommend 804",Negative
"Poor quality, very unhappy 804",Negative
"Worst purchase ever, regret buying 804",Negative
I love this product! It's amazing! 805,Positive
"Great experience, highly recommended 805",Positive
"Wonderful service, very satisfied 805",Positive
"Excellent quality, best purchase ever 805",Positive
"Fantastic, I'm so happy with this 805",Positive
"Terrible product, waste of money 805",Negative
"Very disappointed, not worth it 805",Negative
"Bad experience, would not recommend 805",Negative
"Poor quality, very unhappy 805",Negative
"Worst purchase ever, regret buying 805",Negative
I love this product! It's amazing! 806,Positive
"Great experience, highly recommended 806",Positive
"Wonderful service, very satisfied 806",Positive
"Excellent quality, best purchase ever 806",Positive
"Fantastic, I'm so happy with this 806",Positive
"Terrible product, waste of money 806",Negative
"Very disappointed, not worth it 806",Negative
"Bad experience, would not recommend 806",Negative
"Poor quality, very unhappy 806",Negative
"Worst purchase ever, regret buying 806",Negative
I love this product! It's amazing! 807,Positive
"Great experience, highly recommended 807",Positive
"Wonderful service, very satisfied 807",Positive
"Excellent quality, best purchase ever 807",Positive
"Fantastic, I'm so happy with this 807",Positive
"Terrible product, waste of money 807",Negative
"Very disappointed, not worth it 807",Negative
"Bad experience, would not recommend 807",Negative
"Poor quality, very unhappy 807",Negative
"Worst purchase ever, regret buying 807",Negative
I love this product! It's amazing! 808,Positive
"Great experience, highly recommended 808",Positive
"Wonderful service, very satisfied 808",Positive
"Excellent quality, best purchase ever 808",Positive
"Fantastic, I'm so happy with this 808",Positive
"Terrible product, waste of money 808",Negative
"Very disappointed, not worth it 808",Negative
"Bad experience, would not recommend 808",Negative
"Poor quality, very unhappy 808",Negative
"Worst purchase ever, regret buying 808",Negative
I love this product! It's amazing! 809,Positive
"Great experience, highly recommended 809",Positive
"Wonderful service, very satisfied 809",Positive
"Excellent quality, best purchase ever 809",Positive
"Fantastic, I'm so happy with this 809",Positive
"Terrible product, waste of money 809",Negative
"Very disappointed, not worth it 809",Negative
"Bad experience, would not recommend 809",Negative
"Poor quality, very unhappy 809",Negative
"Worst purchase ever, regret buying 809",Negative
I love this product! It's amazing! 810,Positive
"Great experience, highly recommended 810",Positive
"Wonderful service, very satisfied 810",Positive
"Excellent quality, best purchase ever 810",Positive
"Fantastic, I'm so happy with this 810",Positive
"Terrible product, waste of money 810",Negative
"Very disappointed, not worth it 810",Negative
"Bad experience, would not recommend 810",Negative
"Poor quality, very unhappy 810",Negative
"Worst purchase ever, regret buying 810",Negative
I love this product! It's amazing! 811,Positive
"Great experience, highly recommended 811",Positive
"Wonderful service, very satisfied 811",Positive
"Excellent quality, best purchase ever 811",Positive
"Fantastic, I'm so happy with this 811",Positive
"Terrible product, waste of money 811",Negative
"Very disappointed, not worth it 811",Negative
"Bad experience, would not recommend 811",Negative
"Poor quality, very unhappy 811",Negative
"Worst purchase ever, regret buying 811",Negative
I love this product! It's amazing! 812,Positive
"Great experience, highly recommended 812",Positive
"Wonderful service, very satisfied 812",Positive
"Excellent quality, best purchase ever 812",Positive
"Fantastic, I'm so happy with this 812",Positive
"Terrible product, waste of money 812",Negative
"Very disappointed, not worth it 812",Negative
"Bad experience, would not recommend 812",Negative
"Poor quality, very unhappy 812",Negative
"Worst purchase ever, regret buying 812",Negative
I love this product! It's amazing! 813,Positive
"Great experience, highly recommended 813",Positive
"Wonderful service, very satisfied 813",Positive
"Excellent quality, best purchase ever 813",Positive
"Fantastic, I'm so happy with this 813",Positive
"Terrible product, waste of money 813",Negative
"Very disappointed, not worth it 813",Negative
"Bad experience, would not recommend 813",Negative
"Poor quality, very unhappy 813",Negative
"Worst purchase ever, regret buying 813",Negative
I love this product! It's amazing! 814,Positive
"Great experience, highly recommended 814",Positive
"Wonderful service, very satisfied 814",Positive
"Excellent quality, best purchase ever 814",Positive
"Fantastic, I'm so happy with this 814",Positive
"Terrible product, waste of money 814",Negative
"Very disappointed, not worth it 814",Negative
"Bad experience, would not recommend 814",Negative
"Poor quality, very unhappy 814",Negative
"Worst purchase ever, regret buying 814",Negative
I love this product! It's amazing! 815,Positive
"Great experience, highly recommended 815",Positive
"Wonderful service, very satisfied 815",Positive
"Excellent quality, best purchase ever 815",Positive
"Fantastic, I'm so happy with this 815",Positive
"Terrible product, waste of money 815",Negative
"Very disappointed, not worth it 815",Negative
"Bad experience, would not recommend 815",Negative
"Poor quality, very unhappy 815",Negative
"Worst purchase ever, regret buying 815",Negative
I love this product! It's amazing! 816,Positive
"Great experience, highly recommended 816",Positive
"Wonderful service, very satisfied 816",Positive
"Excellent quality, best purchase ever 816",Positive
"Fantastic, I'm so happy with this 816",Positive
"Terrible product, waste of money 816",Negative
"Very disappointed, not worth it 816",Negative
"Bad experience, would not recommend 816",Negative
"Poor quality, very unhappy 816",Negative
"Worst purchase ever, regret buying 816",Negative
I love this product! It's amazing! 817,Positive
"Great experience, highly recommended 817",Positive
"Wonderful service, very satisfied 817",Positive
"Excellent quality, best purchase ever 817",Positive
"Fantastic, I'm so happy with this 817",Positive
"Terrible product, waste of money 817",Negative
"Very disappointed, not worth it 817",Negative
"Bad experience, would not recommend 817",Negative
"Poor quality, very unhappy 817",Negative
"Worst purchase ever, regret buying 817",Negative
I love this product! It's amazing! 818,Positive
"Great experience, highly recommended 818",Positive
"Wonderful service, very satisfied 818",Positive
"Excellent quality, best purchase ever 818",Positive
"Fantastic, I'm so happy with this 818",Positive
"Terrible product, waste of money 818",Negative
"Very disappointed, not worth it 818",Negative
"Bad experience, would not recommend 818",Negative
"Poor quality, very unhappy 818",Negative
"Worst purchase ever, regret buying 818",Negative
I love this product! It's amazing! 819,Positive
"Great experience, highly recommended 819",Positive
"Wonderful service, very satisfied 819",Positive
"Excellent quality, best purchase ever 819",Positive
"Fantastic, I'm so happy with this 819",Positive
"Terrible product, waste of money 819",Negative
"Very disappointed, not worth it 819",Negative
"Bad experience, would not recommend 819",Negative
"Poor quality, very unhappy 819",Negative
"Worst purchase ever, regret buying 819",Negative
I love this product! It's amazing! 820,Positive
"Great experience, highly recommended 820",Positive
"Wonderful service, very satisfied 820",Positive
"Excellent quality, best purchase ever 820",Positive
"Fantastic, I'm so happy with this 820",Positive
"Terrible product, waste of money 820",Negative
"Very disappointed, not worth it 820",Negative
"Bad experience, would not recommend 820",Negative
"Poor quality, very unhappy 820",Negative
"Worst purchase ever, regret buying 820",Negative
I love this product! It's amazing! 821,Positive
"Great experience, highly recommended 821",Positive
"Wonderful service, very satisfied 821",Positive
"Excellent quality, best purchase ever 821",Positive
"Fantastic, I'm so happy with this 821",Positive
"Terrible product, waste of money 821",Negative
"Very disappointed, not worth it 821",Negative
"Bad experience, would not recommend 821",Negative
"Poor quality, very unhappy 821",Negative
"Worst purchase ever, regret buying 821",Negative
I love this product! It's amazing! 822,Positive
"Great experience, highly recommended 822",Positive
"Wonderful service, very satisfied 822",Positive
"Excellent quality, best purchase ever 822",Positive
"Fantastic, I'm so happy with this 822",Positive
"Terrible product, waste of money 822",Negative
"Very disappointed, not worth it 822",Negative
"Bad experience, would not recommend 822",Negative
"Poor quality, very unhappy 822",Negative
"Worst purchase ever, regret buying 822",Negative
I love this product! It's amazing! 823,Positive
"Great experience, highly recommended 823",Positive
"Wonderful service, very satisfied 823",Positive
"Excellent quality, best purchase ever 823",Positive
"Fantastic, I'm so happy with this 823",Positive
"Terrible product, waste of money 823",Negative
"Very disappointed, not worth it 823",Negative
"Bad experience, would not recommend 823",Negative
"Poor quality, very unhappy 823",Negative
"Worst purchase ever, regret buying 823",Negative
I love this product! It's amazing! 824,Positive
"Great experience, highly recommended 824",Positive
"Wonderful service, very satisfied 824",Positive
"Excellent quality, best purchase ever 824",Positive
"Fantastic, I'm so happy with this 824",Positive
"Terrible product, waste of money 824",Negative
"Very disappointed, not worth it 824",Negative
"Bad experience, would not recommend 824",Negative
"Poor quality, very unhappy 824",Negative
"Worst purchase ever, regret buying 824",Negative
I love this product! It's amazing! 825,Positive
"Great experience, highly recommended 825",Positive
"Wonderful service, very satisfied 825",Positive
"Excellent quality, best purchase ever 825",Positive
"Fantastic, I'm so happy with this 825",Positive
"Terrible product, waste of money 825",Negative
"Very disappointed, not worth it 825",Negative
"Bad experience, would not recommend 825",Negative
"Poor quality, very unhappy 825",Negative
"Worst purchase ever, regret buying 825",Negative
I love this product! It's amazing! 826,Positive
"Great experience, highly recommended 826",Positive
"Wonderful service, very satisfied 826",Positive
"Excellent quality, best purchase ever 826",Positive
"Fantastic, I'm so happy with this 826",Positive
"Terrible product, waste of money 826",Negative
"Very disappointed, not worth it 826",Negative
"Bad experience, would not recommend 826",Negative
"Poor quality, very unhappy 826",Negative
"Worst purchase ever, regret buying 826",Negative
I love this product! It's amazing! 827,Positive
"Great experience, highly recommended 827",Positive
"Wonderful service, very satisfied 827",Positive
"Excellent quality, best purchase ever 827",Positive
"Fantastic, I'm so happy with this 827",Positive
"Terrible product, waste of money 827",Negative
"Very disappointed, not worth it 827",Negative
"Bad experience, would not recommend 827",Negative
"Poor quality, very unhappy 827",Negative
"Worst purchase ever, regret buying 827",Negative
I love this product! It's amazing! 828,Positive
"Great experience, highly recommended 828",Positive
"Wonderful service, very satisfied 828",Positive
"Excellent quality, best purchase ever 828",Positive
"Fantastic, I'm so happy with this 828",Positive
"Terrible product, waste of money 828",Negative
"Very disappointed, not worth it 828",Negative
"Bad experience, would not recommend 828",Negative
"Poor quality, very unhappy 828",Negative
"Worst purchase ever, regret buying 828",Negative
I love this product! It's amazing! 829,Positive
"Great experience, highly recommended 829",Positive
"Wonderful service, very satisfied 829",Positive
"Excellent quality, best purchase ever 829",Positive
"Fantastic, I'm so happy with this 829",Positive
"Terrible product, waste of money 829",Negative
"Very disappointed, not worth it 829",Negative
"Bad experience, would not recommend 829",Negative
"Poor quality, very unhappy 829",Negative
"Worst purchase ever, regret buying 829",Negative
I love this product! It's amazing! 830,Positive
"Great experience, highly recommended 830",Positive
"Wonderful service, very satisfied 830",Positive
"Excellent quality, best purchase ever 830",Positive
"Fantastic, I'm so happy with this 830",Positive
"Terrible product, waste of money 830",Negative
"Very disappointed, not worth it 830",Negative
"Bad experience, would not recommend 830",Negative
"Poor quality, very unhappy 830",Negative
"Worst purchase ever, regret buying 830",Negative
I love this product! It's amazing! 831,Positive
"Great experience, highly recommended 831",Positive
"Wonderful service, very satisfied 831",Positive
"Excellent quality, best purchase ever 831",Positive
"Fantastic, I'm so happy with this 831",Positive
"Terrible product, waste of money 831",Negative
"Very disappointed, not worth it 831",Negative
"Bad experience, would not recommend 831",Negative
"Poor quality, very unhappy 831",Negative
"Worst purchase ever, regret buying 831",Negative
I love this product! It's amazing! 832,Positive
"Great experience, highly recommended 832",Positive
"Wonderful service, very satisfied 832",Positive
"Excellent quality, best purchase ever 832",Positive
"Fantastic, I'm so happy with this 832",Positive
"Terrible product, waste of money 832",Negative
"Very disappointed, not worth it 832",Negative
"Bad experience, would not recommend 832",Negative
"Poor quality, very unhappy 832",Negative
"Worst purchase ever, regret buying 832",Negative
I love this product! It's amazing! 833,Positive
"Great experience, highly recommended 833",Positive
"Wonderful service, very satisfied 833",Positive
"Excellent quality, best purchase ever 833",Positive
"Fantastic, I'm so happy with this 833",Positive
"Terrible product, waste of money 833",Negative
"Very disappointed, not worth it 833",Negative
"Bad experience, would not recommend 833",Negative
"Poor quality, very unhappy 833",Negative
"Worst purchase ever, regret buying 833",Negative
I love this product! It's amazing! 834,Positive
"Great experience, highly recommended 834",Positive
"Wonderful service, very satisfied 834",Positive
"Excellent quality, best purchase ever 834",Positive
"Fantastic, I'm so happy with this 834",Positive
"Terrible product, waste of money 834",Negative
"Very disappointed, not worth it 834",Negative
"Bad experience, would not recommend 834",Negative
"Poor quality, very unhappy 834",Negative
"Worst purchase ever, regret buying 834",Negative
I love this product! It's amazing! 835,Positive
"Great experience, highly recommended 835",Positive
"Wonderful service, very satisfied 835",Positive
"Excellent quality, best purchase ever 835",Positive
"Fantastic, I'm so happy with this 835",Positive
"Terrible product, waste of money 835",Negative
"Very disappointed, not worth it 835",Negative
"Bad experience, would not recommend 835",Negative
"Poor quality, very unhappy 835",Negative
"Worst purchase ever, regret buying 835",Negative
I love this product! It's amazing! 836,Positive
"Great experience, highly recommended 836",Positive
"Wonderful service, very satisfied 836",Positive
"Excellent quality, best purchase ever 836",Positive
"Fantastic, I'm so happy with this 836",Positive
"Terrible product, waste of money 836",Negative
"Very disappointed, not worth it 836",Negative
"Bad experience, would not recommend 836",Negative
"Poor quality, very unhappy 836",Negative
"Worst purchase ever, regret buying 836",Negative
I love this product! It's amazing! 837,Positive
"Great experience, highly recommended 837",Positive
"Wonderful service, very satisfied 837",Positive
"Excellent quality, best purchase ever 837",Positive
"Fantastic, I'm so happy with this 837",Positive
"Terrible product, waste of money 837",Negative
"Very disappointed, not worth it 837",Negative
"Bad experience, would not recommend 837",Negative
"Poor quality, very unhappy 837",Negative
"Worst purchase ever, regret buying 837",Negative
I love this product! It's amazing! 838,Positive
"Great experience, highly recommended 838",Positive
"Wonderful service, very satisfied 838",Positive
"Excellent quality, best purchase ever 838",Positive
"Fantastic, I'm so happy with this 838",Positive
"Terrible product, waste of money 838",Negative
"Very disappointed, not worth it 838",Negative
"Bad experience, would not recommend 838",Negative
"Poor quality, very unhappy 838",Negative
"Worst purchase ever, regret buying 838",Negative
I love this product! It's amazing! 839,Positive
"Great experience, highly recommended 839",Positive
"Wonderful service, very satisfied 839",Positive
"Excellent quality, best purchase ever 839",Positive
"Fantastic, I'm so happy with this 839",Positive
"Terrible product, waste of money 839",Negative
"Very disappointed, not worth it 839",Negative
"Bad experience, would not recommend 839",Negative
"Poor quality, very unhappy 839",Negative
"Worst purchase ever, regret buying 839",Negative
I love this product! It's amazing! 840,Positive
"Great experience, highly recommended 840",Positive
"Wonderful service, very satisfied 840",Positive
"Excellent quality, best purchase ever 840",Positive
"Fantastic, I'm so happy with this 840",Positive
"Terrible product, waste of money 840",Negative
"Very disappointed, not worth it 840",Negative
"Bad experience, would not recommend 840",Negative
"Poor quality, very unhappy 840",Negative
"Worst purchase ever, regret buying 840",Negative
I love this product! It's amazing! 841,Positive
"Great experience, highly recommended 841",Positive
"Wonderful service, very satisfied 841",Positive
"Excellent quality, best purchase ever 841",Positive
"Fantastic, I'm so happy with this 841",Positive
"Terrible product, waste of money 841",Negative
"Very disappointed, not worth it 841",Negative
"Bad experience, would not recommend 841",Negative
"Poor quality, very unhappy 841",Negative
"Worst purchase ever, regret buying 841",Negative
I love this product! It's amazing! 842,Positive
"Great experience, highly recommended 842",Positive
"Wonderful service, very satisfied 842",Positive
"Excellent quality, best purchase ever 842",Positive
"Fantastic, I'm so happy with this 842",Positive
"Terrible product, waste of money 842",Negative
"Very disappointed, not worth it 842",Negative
"Bad experience, would not recommend 842",Negative
"Poor quality, very unhappy 842",Negative
"Worst purchase ever, regret buying 842",Negative
I love this product! It's amazing! 843,Positive
"Great experience, highly recommended 843",Positive
"Wonderful service, very satisfied 843",Positive
"Excellent quality, best purchase ever 843",Positive
"Fantastic, I'm so happy with this 843",Positive
"Terrible product, waste of money 843",Negative
"Very disappointed, not worth it 843",Negative
"Bad experience, would not recommend 843",Negative
"Poor quality, very unhappy 843",Negative
"Worst purchase ever, regret buying 843",Negative
I love this product! It's amazing! 844,Positive
"Great experience, highly recommended 844",Positive
"Wonderful service, very satisfied 844",Positive
"Excellent quality, best purchase ever 844",Positive
"Fantastic, I'm so happy with this 844",Positive
"Terrible product, waste of money 844",Negative
"Very disappointed, not worth it 844",Negative
"Bad experience, would not recommend 844",Negative
"Poor quality, very unhappy 844",Negative
"Worst purchase ever, regret buying 844",Negative
I love this product! It's amazing! 845,Positive
"Great experience, highly recommended 845",Positive
"Wonderful service, very satisfied 845",Positive
"Excellent quality, best purchase ever 845",Positive
"Fantastic, I'm so happy with this 845",Positive
"Terrible product, waste of money 845",Negative
"Very disappointed, not worth it 845",Negative
"Bad experience, would not recommend 845",Negative
"Poor quality, very unhappy 845",Negative
"Worst purchase ever, regret buying 845",Negative
I love this product! It's amazing! 846,Positive
"Great experience, highly recommended 846",Positive
"Wonderful service, very satisfied 846",Positive
"Excellent quality, best purchase ever 846",Positive
"Fantastic, I'm so happy with this 846",Positive
"Terrible product, waste of money 846",Negative
"Very disappointed, not worth it 846",Negative
"Bad experience, would not recommend 846",Negative
"Poor quality, very unhappy 846",Negative
"Worst purchase ever, regret buying 846",Negative
I love this product! It's amazing! 847,Positive
"Great experience, highly recommended 847",Positive
"Wonderful service, very satisfied 847",Positive
"Excellent quality, best purchase ever 847",Positive
"Fantastic, I'm so happy with this 847",Positive
"Terrible product, waste of money 847",Negative
"Very disappointed, not worth it 847",Negative
"Bad experience, would not recommend 847",Negative
"Poor quality, very unhappy 847",Negative
"Worst purchase ever, regret buying 847",Negative
I love this product! It's amazing! 848,Positive
"Great experience, highly recommended 848",Positive
"Wonderful service, very satisfied 848",Positive
"Excellent quality, best purchase ever 848",Positive
"Fantastic, I'm so happy with this 848",Positive
"Terrible product, waste of money 848",Negative
"Very disappointed, not worth it 848",Negative
"Bad experience, would not recommend 848",Negative
"Poor quality, very unhappy 848",Negative
"Worst purchase ever, regret buying 848",Negative
I love this product! It's amazing! 849,Positive
"Great experience, highly recommended 849",Positive
"Wonderful service, very satisfied 849",Positive
"Excellent quality, best purchase ever 849",Positive
"Fantastic, I'm so happy with this 849",Positive
"Terrible product, waste of money 849",Negative
"Very disappointed, not worth it 849",Negative
"Bad experience, would not recommend 849",Negative
"Poor quality, very unhappy 849",Negative
"Worst purchase ever, regret buying 849",Negative
I love this product! It's amazing! 850,Positive
"Great experience, highly recommended 850",Positive
"Wonderful service, very satisfied 850",Positive
"Excellent quality, best purchase ever 850",Positive
"Fantastic, I'm so happy with this 850",Positive
"Terrible product, waste of money 850",Negative
"Very disappointed, not worth it 850",Negative
"Bad experience, would not recommend 850",Negative
"Poor quality, very unhappy 850",Negative
"Worst purchase ever, regret buying 850",Negative
I love this product! It's amazing! 851,Positive
"Great experience, highly recommended 851",Positive
"Wonderful service, very satisfied 851",Positive
"Excellent quality, best purchase ever 851",Positive
"Fantastic, I'm so happy with this 851",Positive
"Terrible product, waste of money 851",Negative
"Very disappointed, not worth it 851",Negative
"Bad experience, would not recommend 851",Negative
"Poor quality, very unhappy 851",Negative
"Worst purchase ever, regret buying 851",Negative
I love this product! It's amazing! 852,Positive
"Great experience, highly recommended 852",Positive
"Wonderful service, very satisfied 852",Positive
"Excellent quality, best purchase ever 852",Positive
"Fantastic, I'm so happy with this 852",Positive
"Terrible product, waste of money 852",Negative
"Very disappointed, not worth it 852",Negative
"Bad experience, would not recommend 852",Negative
"Poor quality, very unhappy 852",Negative
"Worst purchase ever, regret buying 852",Negative
I love this product! It's amazing! 853,Positive
"Great experience, highly recommended 853",Positive
"Wonderful service, very satisfied 853",Positive
"Excellent quality, best purchase ever 853",Positive
"Fantastic, I'm so happy with this 853",Positive
"Terrible product, waste of money 853",Negative
"Very disappointed, not worth it 853",Negative
"Bad experience, would not recommend 853",Negative
"Poor quality, very unhappy 853",Negative
"Worst purchase ever, regret buying 853",Negative
I love this product! It's amazing! 854,Positive
"Great experience, highly recommended 854",Positive
"Wonderful service, very satisfied 854",Positive
"Excellent quality, best purchase ever 854",Positive
"Fantastic, I'm so happy with this 854",Positive
"Terrible product, waste of money 854",Negative
"Very disappointed, not worth it 854",Negative
"Bad experience, would not recommend 854",Negative
"Poor quality, very unhappy 854",Negative
"Worst purchase ever, regret buying 854",Negative
I love this product! It's amazing! 855,Positive
"Great experience, highly recommended 855",Positive
"Wonderful service, very satisfied 855",Positive
"Excellent quality, best purchase ever 855",Positive
"Fantastic, I'm so happy with this 855",Positive
"Terrible product, waste of money 855",Negative
"Very disappointed, not worth it 855",Negative
"Bad experience, would not recommend 855",Negative
"Poor quality, very unhappy 855",Negative
"Worst purchase ever, regret buying 855",Negative
I love this product! It's amazing! 856,Positive
"Great experience, highly recommended 856",Positive
"Wonderful service, very satisfied 856",Positive
"Excellent quality, best purchase ever 856",Positive
"Fantastic, I'm so happy with this 856",Positive
"Terrible product, waste of money 856",Negative
"Very disappointed, not worth it 856",Negative
"Bad experience, would not recommend 856",Negative
"Poor quality, very unhappy 856",Negative
"Worst purchase ever, regret buying 856",Negative
I love this product! It's amazing! 857,Positive
"Great experience, highly recommended 857",Positive
"Wonderful service, very satisfied 857",Positive
"Excellent quality, best purchase ever 857",Positive
"Fantastic, I'm so happy with this 857",Positive
"Terrible product, waste of money 857",Negative
"Very disappointed, not worth it 857",Negative
"Bad experience, would not recommend 857",Negative
"Poor quality, very unhappy 857",Negative
"Worst purchase ever, regret buying 857",Negative
I love this product! It's amazing! 858,Positive
"Great experience, highly recommended 858",Positive
"Wonderful service, very satisfied 858",Positive
"Excellent quality, best purchase ever 858",Positive
"Fantastic, I'm so happy with this 858",Positive
"Terrible product, waste of money 858",Negative
"Very disappointed, not worth it 858",Negative
"Bad experience, would not recommend 858",Negative
"Poor quality, very unhappy 858",Negative
"Worst purchase ever, regret buying 858",Negative
I love this product! It's amazing! 859,Positive
"Great experience, highly recommended 859",Positive
"Wonderful service, very satisfied 859",Positive
"Excellent quality, best purchase ever 859",Positive
"Fantastic, I'm so happy with this 859",Positive
"Terrible product, waste of money 859",Negative
"Very disappointed, not worth it 859",Negative
"Bad experience, would not recommend 859",Negative
"Poor quality, very unhappy 859",Negative
"Worst purchase ever, regret buying 859",Negative
I love this product! It's amazing! 860,Positive
"Great experience, highly recommended 860",Positive
"Wonderful service, very satisfied 860",Positive
"Excellent quality, best purchase ever 860",Positive
"Fantastic, I'm so happy with this 860",Positive
"Terrible product, waste of money 860",Negative
"Very disappointed, not worth it 860",Negative
"Bad experience, would not recommend 860",Negative
"Poor quality, very unhappy 860",Negative
"Worst purchase ever, regret buying 860",Negative
I love this product! It's amazing! 861,Positive
"Great experience, highly recommended 861",Positive
"Wonderful service, very satisfied 861",Positive
"Excellent quality, best purchase ever 861",Positive
"Fantastic, I'm so happy with this 861",Positive
"Terrible product, waste of money 861",Negative
"Very disappointed, not worth it 861",Negative
"Bad experience, would not recommend 861",Negative
"Poor quality, very unhappy 861",Negative
"Worst purchase ever, regret buying 861",Negative
I love this product! It's amazing! 862,Positive
"Great experience, highly recommended 862",Positive
"Wonderful service, very satisfied 862",Positive
"Excellent quality, best purchase ever 862",Positive
"Fantastic, I'm so happy with this 862",Positive
"Terrible product, waste of money 862",Negative
"Very disappointed, not worth it 862",Negative
"Bad experience, would not recommend 862",Negative
"Poor quality, very unhappy 862",Negative
"Worst purchase ever, regret buying 862",Negative
I love this product! It's amazing! 863,Positive
"Great experience, highly recommended 863",Positive
"Wonderful service, very satisfied 863",Positive
"Excellent quality, best purchase ever 863",Positive
"Fantastic, I'm so happy with this 863",Positive
"Terrible product, waste of money 863",Negative
"Very disappointed, not worth it 863",Negative
"Bad experience, would not recommend 863",Negative
"Poor quality, very unhappy 863",Negative
"Worst purchase ever, regret buying 863",Negative
I love this product! It's amazing! 864,Positive
"Great experience, highly recommended 864",Positive
"Wonderful service, very satisfied 864",Positive
"Excellent quality, best purchase ever 864",Positive
"Fantastic, I'm so happy with this 864",Positive
"Terrible product, waste of money 864",Negative
"Very disappointed, not worth it 864",Negative
"Bad experience, would not recommend 864",Negative
"Poor quality, very unhappy 864",Negative
"Worst purchase ever, regret buying 864",Negative
I love this product! It's amazing! 865,Positive
"Great experience, highly recommended 865",Positive
"Wonderful service, very satisfied 865",Positive
"Excellent quality, best purchase ever 865",Positive
"Fantastic, I'm so happy with this 865",Positive
"Terrible product, waste of money 865",Negative
"Very disappointed, not worth it 865",Negative
"Bad experience, would not recommend 865",Negative
"Poor quality, very unhappy 865",Negative
"Worst purchase ever, regret buying 865",Negative
I love this product! It's amazing! 866,Positive
"Great experience, highly recommended 866",Positive
"Wonderful service, very satisfied 866",Positive
"Excellent quality, best purchase ever 866",Positive
"Fantastic, I'm so happy with this 866",Positive
"Terrible product, waste of money 866",Negative
"Very disappointed, not worth it 866",Negative
"Bad experience, would not recommend 866",Negative
"Poor quality, very unhappy 866",Negative
"Worst purchase ever, regret buying 866",Negative
I love this product! It's amazing! 867,Positive
"Great experience, highly recommended 867",Positive
"Wonderful service, very satisfied 867",Positive
"Excellent quality, best purchase ever 867",Positive
"Fantastic, I'm so happy with this 867",Positive
"Terrible product, waste of money 867",Negative
"Very disappointed, not worth it 867",Negative
"Bad experience, would not recommend 867",Negative
"Poor quality, very unhappy 867",Negative
"Worst purchase ever, regret buying 867",Negative
I love this product! It's amazing! 868,Positive
"Great experience, highly recommended 868",Positive
"Wonderful service, very satisfied 868",Positive
"Excellent quality, best purchase ever 868",Positive
"Fantastic, I'm so happy with this 868",Positive
"Terrible product, waste of money 868",Negative
"Very disappointed, not worth it 868",Negative
"Bad experience, would not recommend 868",Negative
"Poor quality, very unhappy 868",Negative
"Worst purchase ever, regret buying 868",Negative
I love this product! It's amazing! 869,Positive
"Great experience, highly recommended 869",Positive
"Wonderful service, very satisfied 869",Positive
"Excellent quality, best purchase ever 869",Positive
"Fantastic, I'm so happy with this 869",Positive
"Terrible product, waste of money 869",Negative
"Very disappointed, not worth it 869",Negative
"Bad experience, would not recommend 869",Negative
"Poor quality, very unhappy 869",Negative
"Worst purchase ever, regret buying 869",Negative
I love this product! It's amazing! 870,Positive
"Great experience, highly recommended 870",Positive
"Wonderful service, very satisfied 870",Positive
"Excellent quality, best purchase ever 870",Positive
"Fantastic, I'm so happy with this 870",Positive
"Terrible product, waste of money 870",Negative
"Very disappointed, not worth it 870",Negative
"Bad experience, would not recommend 870",Negative
"Poor quality, very unhappy 870",Negative
"Worst purchase ever, regret buying 870",Negative
I love this product! It's amazing! 871,Positive
"Great experience, highly recommended 871",Positive
"Wonderful service, very satisfied 871",Positive
"Excellent quality, best purchase ever 871",Positive
"Fantastic, I'm so happy with this 871",Positive
"Terrible product, waste of money 871",Negative
"Very disappointed, not worth it 871",Negative
"Bad experience, would not recommend 871",Negative
"Poor quality, very unhappy 871",Negative
"Worst purchase ever, regret buying 871",Negative
I love this product! It's amazing! 872,Positive
"Great experience, highly recommended 872",Positive
"Wonderful service, very satisfied 872",Positive
"Excellent quality, best purchase ever 872",Positive
"Fantastic, I'm so happy with this 872",Positive
"Terrible product, waste of money 872",Negative
"Very disappointed, not worth it 872",Negative
"Bad experience, would not recommend 872",Negative
"Poor quality, very unhappy 872",Negative
"Worst purchase ever, regret buying 872",Negative
I love this product! It's amazing! 873,Positive
"Great experience, highly recommended 873",Positive
"Wonderful service, very satisfied 873",Positive
"Excellent quality, best purchase ever 873",Positive
"Fantastic, I'm so happy with this 873",Positive
"Terrible product, waste of money 873",Negative
"Very disappointed, not worth it 873",Negative
"Bad experience, would not recommend 873",Negative
"Poor quality, very unhappy 873",Negative
"Worst purchase ever, regret buying 873",Negative
I love this product! It's amazing! 874,Positive
"Great experience, highly recommended 874",Positive
"Wonderful service, very satisfied 874",Positive
"Excellent quality, best purchase ever 874",Positive
"Fantastic, I'm so happy with this 874",Positive
"Terrible product, waste of money 874",Negative
"Very disappointed, not worth it 874",Negative
"Bad experience, would not recommend 874",Negative
"Poor quality, very unhappy 874",Negative
"Worst purchase ever, regret buying 874",Negative
I love this product! It's amazing! 875,Positive
"Great experience, highly recommended 875",Positive
"Wonderful service, very satisfied 875",Positive
"Excellent quality, best purchase ever 875",Positive
"Fantastic, I'm so happy with this 875",Positive
"Terrible product, waste of money 875",Negative
"Very disappointed, not worth it 875",Negative
"Bad experience, would not recommend 875",Negative
"Poor quality, very unhappy 875",Negative
"Worst purchase ever, regret buying 875",Negative
I love this product! It's amazing! 876,Positive
"Great experience, highly recommended 876",Positive
"Wonderful service, very satisfied 876",Positive
"Excellent quality, best purchase ever 876",Positive
"Fantastic, I'm so happy with this 876",Positive
"Terrible product, waste of money 876",Negative
"Very disappointed, not worth it 876",Negative
"Bad experience, would not recommend 876",Negative
"Poor quality, very unhappy 876",Negative
"Worst purchase ever, regret buying 876",Negative
I love this product! It's amazing! 877,Positive
"Great experience, highly recommended 877",Positive
"Wonderful service, very satisfied 877",Positive
"Excellent quality, best purchase ever 877",Positive
"Fantastic, I'm so happy with this 877",Positive
"Terrible product, waste of money 877",Negative
"Very disappointed, not worth it 877",Negative
"Bad experience, would not recommend 877",Negative
"Poor quality, very unhappy 877",Negative
"Worst purchase ever, regret buying 877",Negative
I love this product! It's amazing! 878,Positive
"Great experience, highly recommended 878",Positive
"Wonderful service, very satisfied 878",Positive
"Excellent quality, best purchase ever 878",Positive
"Fantastic, I'm so happy with this 878",Positive
"Terrible product, waste of money 878",Negative
"Very disappointed, not worth it 878",Negative
"Bad experience, would not recommend 878",Negative
"Poor quality, very unhappy 878",Negative
"Worst purchase ever, regret buying 878",Negative
I love this product! It's amazing! 879,Positive
"Great experience, highly recommended 879",Positive
"Wonderful service, very satisfied 879",Positive
"Excellent quality, best purchase ever 879",Positive
"Fantastic, I'm so happy with this 879",Positive
"Terrible product, waste of money 879",Negative
"Very disappointed, not worth it 879",Negative
"Bad experience, would not recommend 879",Negative
"Poor quality, very unhappy 879",Negative
"Worst purchase ever, regret buying 879",Negative
I love this product! It's amazing! 880,Positive
"Great experience, highly recommended 880",Positive
"Wonderful service, very satisfied 880",Positive
"Excellent quality, best purchase ever 880",Positive
"Fantastic, I'm so happy with this 880",Positive
"Terrible product, waste of money 880",Negative
"Very disappointed, not worth it 880",Negative
"Bad experience, would not recommend 880",Negative
"Poor quality, very unhappy 880",Negative
"Worst purchase ever, regret buying 880",Negative
I love this product! It's amazing! 881,Positive
"Great experience, highly recommended 881",Positive
"Wonderful service, very satisfied 881",Positive
"Excellent quality, best purchase ever 881",Positive
"Fantastic, I'm so happy with this 881",Positive
"Terrible product, waste of money 881",Negative
"Very disappointed, not worth it 881",Negative
"Bad experience, would not recommend 881",Negative
"Poor quality, very unhappy 881",Negative
"Worst purchase ever, regret buying 881",Negative
I love this product! It's amazing! 882,Positive
"Great experience, highly recommended 882",Positive
"Wonderful service, very satisfied 882",Positive
"Excellent quality, best purchase ever 882",Positive
"Fantastic, I'm so happy with this 882",Positive
"Terrible product, waste of money 882",Negative
"Very disappointed, not worth it 882",Negative
"Bad experience, would not recommend 882",Negative
"Poor quality, very unhappy 882",Negative
"Worst purchase ever, regret buying 882",Negative
I love this product! It's amazing! 883,Positive
"Great experience, highly recommended 883",Positive
"Wonderful service, very satisfied 883",Positive
"Excellent quality, best purchase ever 883",Positive
"Fantastic, I'm so happy with this 883",Positive
"Terrible product, waste of money 883",Negative
"Very disappointed, not worth it 883",Negative
"Bad experience, would not recommend 883",Negative
"Poor quality, very unhappy 883",Negative
"Worst purchase ever, regret buying 883",Negative
I love this product! It's amazing! 884,Positive
"Great experience, highly recommended 884",Positive
"Wonderful service, very satisfied 884",Positive
"Excellent quality, best purchase ever 884",Positive
"Fantastic, I'm so happy with this 884",Positive
"Terrible product, waste of money 884",Negative
"Very disappointed, not worth it 884",Negative
"Bad experience, would not recommend 884",Negative
"Poor quality, very unhappy 884",Negative
"Worst purchase ever, regret buying 884",Negative
I love this product! It's amazing! 885,Positive
"Great experience, highly recommended 885",Positive
"Wonderful service, very satisfied 885",Positive
"Excellent quality, best purchase ever 885",Positive
"Fantastic, I'm so happy with this 885",Positive
"Terrible product, waste of money 885",Negative
"Very disappointed, not worth it 885",Negative
"Bad experience, would not recommend 885",Negative
"Poor quality, very unhappy 885",Negative
"Worst purchase ever, regret buying 885",Negative
I love this product! It's amazing! 886,Positive
"Great experience, highly recommended 886",Positive
"Wonderful service, very satisfied 886",Positive
"Excellent quality, best purchase ever 886",Positive
"Fantastic, I'm so happy with this 886",Positive
"Terrible product, waste of money 886",Negative
"Very disappointed, not worth it 886",Negative
"Bad experience, would not recommend 886",Negative
"Poor quality, very unhappy 886",Negative
"Worst purchase ever, regret buying 886",Negative
I love this product! It's amazing! 887,Positive
"Great experience, highly recommended 887",Positive
"Wonderful service, very satisfied 887",Positive
"Excellent quality, best purchase ever 887",Positive
"Fantastic, I'm so happy with this 887",Positive
"Terrible product, waste of money 887",Negative
"Very disappointed, not worth it 887",Negative
"Bad experience, would not recommend 887",Negative
"Poor quality, very unhappy 887",Negative
"Worst purchase ever, regret buying 887",Negative
I love this product! It's amazing! 888,Positive
"Great experience, highly recommended 888",Positive
"Wonderful service, very satisfied 888",Positive
"Excellent quality, best purchase ever 888",Positive
"Fantastic, I'm so happy with this 888",Positive
"Terrible product, waste of money 888",Negative
"Very disappointed, not worth it 888",Negative
"Bad experience, would not recommend 888",Negative
"Poor quality, very unhappy 888",Negative
"Worst purchase ever, regret buying 888",Negative
I love this product! It's amazing! 889,Positive
"Great experience, highly recommended 889",Positive
"Wonderful service, very satisfied 889",Positive
"Excellent quality, best purchase ever 889",Positive
"Fantastic, I'm so happy with this 889",Positive
"Terrible product, waste of money 889",Negative
"Very disappointed, not worth it 889",Negative
"Bad experience, would not recommend 889",Negative
"Poor quality, very unhappy 889",Negative
"Worst purchase ever, regret buying 889",Negative
I love this product! It's amazing! 890,Positive
"Great experience, highly recommended 890",Positive
"Wonderful service, very satisfied 890",Positive
"Excellent quality, best purchase ever 890",Positive
"Fantastic, I'm so happy with this 890",Positive
"Terrible product, waste of money 890",Negative
"Very disappointed, not worth it 890",Negative
"Bad experience, would not recommend 890",Negative
"Poor quality, very unhappy 890",Negative
"Worst purchase ever, regret buying 890",Negative
I love this product! It's amazing! 891,Positive
"Great experience, highly recommended 891",Positive
"Wonderful service, very satisfied 891",Positive
"Excellent quality, best purchase ever 891",Positive
"Fantastic, I'm so happy with this 891",Positive
"Terrible product, waste of money 891",Negative
"Very disappointed, not worth it 891",Negative
"Bad experience, would not recommend 891",Negative
"Poor quality, very unhappy 891",Negative
"Worst purchase ever, regret buying 891",Negative
I love this product! It's amazing! 892,Positive
"Great experience, highly recommended 892",Positive
"Wonderful service, very satisfied 892",Positive
"Excellent quality, best purchase ever 892",Positive
"Fantastic, I'm so happy with this 892",Positive
"Terrible product, waste of money 892",Negative
"Very disappointed, not worth it 892",Negative
"Bad experience, would not recommend 892",Negative
"Poor quality, very unhappy 892",Negative
"Worst purchase ever, regret buying 892",Negative
I love this product! It's amazing! 893,Positive
"Great experience, highly recommended 893",Positive
"Wonderful service, very satisfied 893",Positive
"Excellent quality, best purchase ever 893",Positive
"Fantastic, I'm so happy with this 893",Positive
"Terrible product, waste of money 893",Negative
"Very disappointed, not worth it 893",Negative
"Bad experience, would not recommend 893",Negative
"Poor quality, very unhappy 893",Negative
"Worst purchase ever, regret buying 893",Negative
I love this product! It's amazing! 894,Positive
"Great experience, highly recommended 894",Positive
"Wonderful service, very satisfied 894",Positive
"Excellent quality, best purchase ever 894",Positive
"Fantastic, I'm so happy with this 894",Positive
"Terrible product, waste of money 894",Negative
"Very disappointed, not worth it 894",Negative
"Bad experience, would not recommend 894",Negative
"Poor quality, very unhappy 894",Negative
"Worst purchase ever, regret buying 894",Negative
I love this product! It's amazing! 895,Positive
"Great experience, highly recommended 895",Positive
"Wonderful service, very satisfied 895",Positive
"Excellent quality, best purchase ever 895",Positive
"Fantastic, I'm so happy with this 895",Positive
"Terrible product, waste of money 895",Negative
"Very disappointed, not worth it 895",Negative
"Bad experience, would not recommend 895",Negative
"Poor quality, very unhappy 895",Negative
"Worst purchase ever, regret buying 895",Negative
I love this product! It's amazing! 896,Positive
"Great experience, highly recommended 896",Positive
"Wonderful service, very satisfied 896",Positive
"Excellent quality, best purchase ever 896",Positive
"Fantastic, I'm so happy with this 896",Positive
"Terrible product, waste of money 896",Negative
"Very disappointed, not worth it 896",Negative
"Bad experience, would not recommend 896",Negative
"Poor quality, very unhappy 896",Negative
"Worst purchase ever, regret buying 896",Negative
I love this product! It's amazing! 897,Positive
"Great experience, highly recommended 897",Positive
"Wonderful service, very satisfied 897",Positive
"Excellent quality, best purchase ever 897",Positive
"Fantastic, I'm so happy with this 897",Positive
"Terrible product, waste of money 897",Negative
"Very disappointed, not worth it 897",Negative
"Bad experience, would not recommend 897",Negative
"Poor quality, very unhappy 897",Negative
"Worst purchase ever, regret buying 897",Negative
I love this product! It's amazing! 898,Positive
"Great experience, highly recommended 898",Positive
"Wonderful service, very satisfied 898",Positive
"Excellent quality, best purchase ever 898",Positive
"Fantastic, I'm so happy with this 898",Positive
"Terrible product, waste of money 898",Negative
"Very disappointed, not worth it 898",Negative
"Bad experience, would not recommend 898",Negative
"Poor quality, very unhappy 898",Negative
"Worst purchase ever, regret buying 898",Negative
I love this product! It's amazing! 899,Positive
"Great experience, highly recommended 899",Positive
"Wonderful service, very satisfied 899",Positive
"Excellent quality, best purchase ever 899",Positive
"Fantastic, I'm so happy with this 899",Positive
"Terrible product, waste of money 899",Negative
"Very disappointed, not worth it 899",Negative
"Bad experience, would not recommend 899",Negative
"Poor quality, very unhappy 899",Negative
"Worst purchase ever, regret buying 899",Negative
I love this product! It's amazing! 900,Positive
"Great experience, highly recommended 900",Positive
"Wonderful service, very satisfied 900",Positive
"Excellent quality, best purchase ever 900",Positive
"Fantastic, I'm so happy with this 900",Positive
"Terrible product, waste of money 900",Negative
"Very disappointed, not worth it 900",Negative
"Bad experience, would not recommend 900",Negative
"Poor quality, very unhappy 900",Negative
"Worst purchase ever, regret buying 900",Negative
I love this product! It's amazing! 901,Positive
"Great experience, highly recommended 901",Positive
"Wonderful service, very satisfied 901",Positive
"Excellent quality, best purchase ever 901",Positive
"Fantastic, I'm so happy with this 901",Positive
"Terrible product, waste of money 901",Negative
"Very disappointed, not worth it 901",Negative
"Bad experience, would not recommend 901",Negative
"Poor quality, very unhappy 901",Negative
"Worst purchase ever, regret buying 901",Negative
I love this product! It's amazing! 902,Positive
"Great experience, highly recommended 902",Positive
"Wonderful service, very satisfied 902",Positive
"Excellent quality, best purchase ever 902",Positive
"Fantastic, I'm so happy with this 902",Positive
"Terrible product, waste of money 902",Negative
"Very disappointed, not worth it 902",Negative
"Bad experience, would not recommend 902",Negative
"Poor quality, very unhappy 902",Negative
"Worst purchase ever, regret buying 902",Negative
I love this product! It's amazing! 903,Positive
"Great experience, highly recommended 903",Positive
"Wonderful service, very satisfied 903",Positive
"Excellent quality, best purchase ever 903",Positive
"Fantastic, I'm so happy with this 903",Positive
"Terrible product, waste of money 903",Negative
"Very disappointed, not worth it 903",Negative
"Bad experience, would not recommend 903",Negative
"Poor quality, very unhappy 903",Negative
"Worst purchase ever, regret buying 903",Negative
I love this product! It's amazing! 904,Positive
"Great experience, highly recommended 904",Positive
"Wonderful service, very satisfied 904",Positive
"Excellent quality, best purchase ever 904",Positive
"Fantastic, I'm so happy with this 904",Positive
"Terrible product, waste of money 904",Negative
"Very disappointed, not worth it 904",Negative
"Bad experience, would not recommend 904",Negative
"Poor quality, very unhappy 904",Negative
"Worst purchase ever, regret buying 904",Negative
I love this product! It's amazing! 905,Positive
"Great experience, highly recommended 905",Positive
"Wonderful service, very satisfied 905",Positive
"Excellent quality, best purchase ever 905",Positive
"Fantastic, I'm so happy with this 905",Positive
"Terrible product, waste of money 905",Negative
"Very disappointed, not worth it 905",Negative
"Bad experience, would not recommend 905",Negative
"Poor quality, very unhappy 905",Negative
"Worst purchase ever, regret buying 905",Negative
I love this product! It's amazing! 906,Positive
"Great experience, highly recommended 906",Positive
"Wonderful service, very satisfied 906",Positive
"Excellent quality, best purchase ever 906",Positive
"Fantastic, I'm so happy with this 906",Positive
"Terrible product, waste of money 906",Negative
"Very disappointed, not worth it 906",Negative
"Bad experience, would not recommend 906",Negative
"Poor quality, very unhappy 906",Negative
"Worst purchase ever, regret buying 906",Negative
I love this product! It's amazing! 907,Positive
"Great experience, highly recommended 907",Positive
"Wonderful service, very satisfied 907",Positive
"Excellent quality, best purchase ever 907",Positive
"Fantastic, I'm so happy with this 907",Positive
"Terrible product, waste of money 907",Negative
"Very disappointed, not worth it 907",Negative
"Bad experience, would not recommend 907",Negative
"Poor quality, very unhappy 907",Negative
"Worst purchase ever, regret buying 907",Negative
I love this product! It's amazing! 908,Positive
"Great experience, highly recommended 908",Positive
"Wonderful service, very satisfied 908",Positive
"Excellent quality, best purchase ever 908",Positive
"Fantastic, I'm so happy with this 908",Positive
"Terrible product, waste of money 908",Negative
"Very disappointed, not worth it 908",Negative
"Bad experience, would not recommend 908",Negative
"Poor quality, very unhappy 908",Negative
"Worst purchase ever, regret buying 908",Negative
I love this product! It's amazing! 909,Positive
"Great experience, highly recommended 909",Positive
"Wonderful service, very satisfied 909",Positive
"Excellent quality, best purchase ever 909",Positive
"Fantastic, I'm so happy with this 909",Positive
"Terrible product, waste of money 909",Negative
"Very disappointed, not worth it 909",Negative
"Bad experience, would not recommend 909",Negative
"Poor quality, very unhappy 909",Negative
"Worst purchase ever, regret buying 909",Negative
I love this product! It's amazing! 910,Positive
"Great experience, highly recommended 910",Positive
"Wonderful service, very satisfied 910",Positive
"Excellent quality, best purchase ever 910",Positive
"Fantastic, I'm so happy with this 910",Positive
"Terrible product, waste of money 910",Negative
"Very disappointed, not worth it 910",Negative
"Bad experience, would not recommend 910",Negative
"Poor quality, very unhappy 910",Negative
"Worst purchase ever, regret buying 910",Negative
I love this product! It's amazing! 911,Positive
"Great experience, highly recommended 911",Positive
"Wonderful service, very satisfied 911",Positive
"Excellent quality, best purchase ever 911",Positive
"Fantastic, I'm so happy with this 911",Positive
"Terrible product, waste of money 911",Negative
"Very disappointed, not worth it 911",Negative
"Bad experience, would not recommend 911",Negative
"Poor quality, very unhappy 911",Negative
"Worst purchase ever, regret buying 911",Negative
I love this product! It's amazing! 912,Positive
"Great experience, highly recommended 912",Positive
"Wonderful service, very satisfied 912",Positive
"Excellent quality, best purchase ever 912",Positive
"Fantastic, I'm so happy with this 912",Positive
"Terrible product, waste of money 912",Negative
"Very disappointed, not worth it 912",Negative
"Bad experience, would not recommend 912",Negative
"Poor quality, very unhappy 912",Negative
"Worst purchase ever, regret buying 912",Negative
I love this product! It's amazing! 913,Positive
"Great experience, highly recommended 913",Positive
"Wonderful service, very satisfied 913",Positive
"Excellent quality, best purchase ever 913",Positive
"Fantastic, I'm so happy with this 913",Positive
"Terrible product, waste of money 913",Negative
"Very disappointed, not worth it 913",Negative
"Bad experience, would not recommend 913",Negative
"Poor quality, very unhappy 913",Negative
"Worst purchase ever, regret buying 913",Negative
I love this product! It's amazing! 914,Positive
"Great experience, highly recommended 914",Positive
"Wonderful service, very satisfied 914",Positive
"Excellent quality, best purchase ever 914",Positive
"Fantastic, I'm so happy with this 914",Positive
"Terrible product, waste of money 914",Negative
"Very disappointed, not worth it 914",Negative
"Bad experience, would not recommend 914",Negative
"Poor quality, very unhappy 914",Negative
"Worst purchase ever, regret buying 914",Negative
I love this product! It's amazing! 915,Positive
"Great experience, highly recommended 915",Positive
"Wonderful service, very satisfied 915",Positive
"Excellent quality, best purchase ever 915",Positive
"Fantastic, I'm so happy with this 915",Positive
"Terrible product, waste of money 915",Negative
"Very disappointed, not worth it 915",Negative
"Bad experience, would not recommend 915",Negative
"Poor quality, very unhappy 915",Negative
"Worst purchase ever, regret buying 915",Negative
I love this product! It's amazing! 916,Positive
"Great experience, highly recommended 916",Positive
"Wonderful service, very satisfied 916",Positive
"Excellent quality, best purchase ever 916",Positive
"Fantastic, I'm so happy with this 916",Positive
"Terrible product, waste of money 916",Negative
"Very disappointed, not worth it 916",Negative
"Bad experience, would not recommend 916",Negative
"Poor quality, very unhappy 916",Negative
"Worst purchase ever, regret buying 916",Negative
I love this product! It's amazing! 917,Positive
"Great experience, highly recommended 917",Positive
"Wonderful service, very satisfied 917",Positive
"Excellent quality, best purchase ever 917",Positive
"Fantastic, I'm so happy with this 917",Positive
"Terrible product, waste of money 917",Negative
"Very disappointed, not worth it 917",Negative
"Bad experience, would not recommend 917",Negative
"Poor quality, very unhappy 917",Negative
"Worst purchase ever, regret buying 917",Negative
I love this product! It's amazing! 918,Positive
"Great experience, highly recommended 918",Positive
"Wonderful service, very satisfied 918",Positive
"Excellent quality, best purchase ever 918",Positive
"Fantastic, I'm so happy with this 918",Positive
"Terrible product, waste of money 918",Negative
"Very disappointed, not worth it 918",Negative
"Bad experience, would not recommend 918",Negative
"Poor quality, very unhappy 918",Negative
"Worst purchase ever, regret buying 918",Negative
I love this product! It's amazing! 919,Positive
"Great experience, highly recommended 919",Positive
"Wonderful service, very satisfied 919",Positive
"Excellent quality, best purchase ever 919",Positive
"Fantastic, I'm so happy with this 919",Positive
"Terrible product, waste of money 919",Negative
"Very disappointed, not worth it 919",Negative
"Bad experience, would not recommend 919",Negative
"Poor quality, very unhappy 919",Negative
"Worst purchase ever, regret buying 919",Negative
I love this product! It's amazing! 920,Positive
"Great experience, highly recommended 920",Positive
"Wonderful service, very satisfied 920",Positive
"Excellent quality, best purchase ever 920",Positive
"Fantastic, I'm so happy with this 920",Positive
"Terrible product, waste of money 920",Negative
"Very disappointed, not worth it 920",Negative
"Bad experience, would not recommend 920",Negative
"Poor quality, very unhappy 920",Negative
"Worst purchase ever, regret buying 920",Negative
I love this product! It's amazing! 921,Positive
"Great experience, highly recommended 921",Positive
"Wonderful service, very satisfied 921",Positive
"Excellent quality, best purchase ever 921",Positive
"Fantastic, I'm so happy with this 921",Positive
"Terrible product, waste of money 921",Negative
"Very disappointed, not worth it 921",Negative
"Bad experience, would not recommend 921",Negative
"Poor quality, very unhappy 921",Negative
"Worst purchase ever, regret buying 921",Negative
I love this product! It's amazing! 922,Positive
"Great experience, highly recommended 922",Positive
"Wonderful service, very satisfied 922",Positive
"Excellent quality, best purchase ever 922",Positive
"Fantastic, I'm so happy with this 922",Positive
"Terrible product, waste of money 922",Negative
"Very disappointed, not worth it 922",Negative
"Bad experience, would not recommend 922",Negative
"Poor quality, very unhappy 922",Negative
"Worst purchase ever, regret buying 922",Negative
I love this product! It's amazing! 923,Positive
"Great experience, highly recommended 923",Positive
"Wonderful service, very satisfied 923",Positive
"Excellent quality, best purchase ever 923",Positive
"Fantastic, I'm so happy with this 923",Positive
"Terrible product, waste of money 923",Negative
"Very disappointed, not worth it 923",Negative
"Bad experience, would not recommend 923",Negative
"Poor quality, very unhappy 923",Negative
"Worst purchase ever, regret buying 923",Negative
I love this product! It's amazing! 924,Positive
"Great experience, highly recommended 924",Positive
"Wonderful service, very satisfied 924",Positive
"Excellent quality, best purchase ever 924",Positive
"Fantastic, I'm so happy with this 924",Positive
"Terrible product, waste of money 924",Negative
"Very disappointed, not worth it 924",Negative
"Bad experience, would not recommend 924",Negative
"Poor quality, very unhappy 924",Negative
"Worst purchase ever, regret buying 924",Negative
I love this product! It's amazing! 925,Positive
"Great experience, highly recommended 925",Positive
"Wonderful service, very satisfied 925",Positive
"Excellent quality, best purchase ever 925",Positive
"Fantastic, I'm so happy with this 925",Positive
"Terrible product, waste of money 925",Negative
"Very disappointed, not worth it 925",Negative
"Bad experience, would not recommend 925",Negative
"Poor quality, very unhappy 925",Negative
"Worst purchase ever, regret buying 925",Negative
I love this product! It's amazing! 926,Positive
"Great experience, highly recommended 926",Positive
"Wonderful service, very satisfied 926",Positive
"Excellent quality, best purchase ever 926",Positive
"Fantastic, I'm so happy with this 926",Positive
"Terrible product, waste of money 926",Negative
"Very disappointed, not worth it 926",Negative
"Bad experience, would not recommend 926",Negative
"Poor quality, very unhappy 926",Negative
"Worst purchase ever, regret buying 926",Negative
I love this product! It's amazing! 927,Positive
"Great experience, highly recommended 927",Positive
"Wonderful service, very satisfied 927",Positive
"Excellent quality, best purchase ever 927",Positive
"Fantastic, I'm so happy with this 927",Positive
"Terrible product, waste of money 927",Negative
"Very disappointed, not worth it 927",Negative
"Bad experience, would not recommend 927",Negative
"Poor quality, very unhappy 927",Negative
"Worst purchase ever, regret buying 927",Negative
I love this product! It's amazing! 928,Positive
"Great experience, highly recommended 928",Positive
"Wonderful service, very satisfied 928",Positive
"Excellent quality, best purchase ever 928",Positive
"Fantastic, I'm so happy with this 928",Positive
"Terrible product, waste of money 928",Negative
"Very disappointed, not worth it 928",Negative
"Bad experience, would not recommend 928",Negative
"Poor quality, very unhappy 928",Negative
"Worst purchase ever, regret buying 928",Negative
I love this product! It's amazing! 929,Positive
"Great experience, highly recommended 929",Positive
"Wonderful service, very satisfied 929",Positive
"Excellent quality, best purchase ever 929",Positive
"Fantastic, I'm so happy with this 929",Positive
"Terrible product, waste of money 929",Negative
"Very disappointed, not worth it 929",Negative
"Bad experience, would not recommend 929",Negative
"Poor quality, very unhappy 929",Negative
"Worst purchase ever, regret buying 929",Negative
I love this product! It's amazing! 930,Positive
"Great experience, highly recommended 930",Positive
"Wonderful service, very satisfied 930",Positive
"Excellent quality, best purchase ever 930",Positive
"Fantastic, I'm so happy with this 930",Positive
"Terrible product, waste of money 930",Negative
"Very disappointed, not worth it 930",Negative
"Bad experience, would not recommend 930",Negative
"Poor quality, very unhappy 930",Negative
"Worst purchase ever, regret buying 930",Negative
I love this product! It's amazing! 931,Positive
"Great experience, highly recommended 931",Positive
"Wonderful service, very satisfied 931",Positive
"Excellent quality, best purchase ever 931",Positive
"Fantastic, I'm so happy with this 931",Positive
"Terrible product, waste of money 931",Negative
"Very disappointed, not worth it 931",Negative
"Bad experience, would not recommend 931",Negative
"Poor quality, very unhappy 931",Negative
"Worst purchase ever, regret buying 931",Negative
I love this product! It's amazing! 932,Positive
"Great experience, highly recommended 932",Positive
"Wonderful service, very satisfied 932",Positive
"Excellent quality, best purchase ever 932",Positive
"Fantastic, I'm so happy with this 932",Positive
"Terrible product, waste of money 932",Negative
"Very disappointed, not worth it 932",Negative
"Bad experience, would not recommend 932",Negative
"Poor quality, very unhappy 932",Negative
"Worst purchase ever, regret buying 932",Negative
I love this product! It's amazing! 933,Positive
"Great experience, highly recommended 933",Positive
"Wonderful service, very satisfied 933",Positive
"Excellent quality, best purchase ever 933",Positive
"Fantastic, I'm so happy with this 933",Positive
"Terrible product, waste of money 933",Negative
"Very disappointed, not worth it 933",Negative
"Bad experience, would not recommend 933",Negative
"Poor quality, very unhappy 933",Negative
"Worst purchase ever, regret buying 933",Negative
I love this product! It's amazing! 934,Positive
"Great experience, highly recommended 934",Positive
"Wonderful service, very satisfied 934",Positive
"Excellent quality, best purchase ever 934",Positive
"Fantastic, I'm so happy with this 934",Positive
"Terrible product, waste of money 934",Negative
"Very disappointed, not worth it 934",Negative
"Bad experience, would not recommend 934",Negative
"Poor quality, very unhappy 934",Negative
"Worst purchase ever, regret buying 934",Negative
I love this product! It's amazing! 935,Positive
"Great experience, highly recommended 935",Positive
"Wonderful service, very satisfied 935",Positive
"Excellent quality, best purchase ever 935",Positive
"Fantastic, I'm so happy with this 935",Positive
"Terrible product, waste of money 935",Negative
"Very disappointed, not worth it 935",Negative
"Bad experience, would not recommend 935",Negative
"Poor quality, very unhappy 935",Negative
"Worst purchase ever, regret buying 935",Negative
I love this product! It's amazing! 936,Positive
"Great experience, highly recommended 936",Positive
"Wonderful service, very satisfied 936",Positive
"Excellent quality, best purchase ever 936",Positive
"Fantastic, I'm so happy with this 936",Positive
"Terrible product, waste of money 936",Negative
"Very disappointed, not worth it 936",Negative
"Bad experience, would not recommend 936",Negative
"Poor quality, very unhappy 936",Negative
"Worst purchase ever, regret buying 936",Negative
I love this product! It's amazing! 937,Positive
"Great experience, highly recommended 937",Positive
"Wonderful service, very satisfied 937",Positive
"Excellent quality, best purchase ever 937",Positive
"Fantastic, I'm so happy with this 937",Positive
"Terrible product, waste of money 937",Negative
"Very disappointed, not worth it 937",Negative
"Bad experience, would not recommend 937",Negative
"Poor quality, very unhappy 937",Negative
"Worst purchase ever, regret buying 937",Negative
I love this product! It's amazing! 938,Positive
"Great experience, highly recommended 938",Positive
"Wonderful service, very satisfied 938",Positive
"Excellent quality, best purchase ever 938",Positive
"Fantastic, I'm so happy with this 938",Positive
"Terrible product, waste of money 938",Negative
"Very disappointed, not worth it 938",Negative
"Bad experience, would not recommend 938",Negative
"Poor quality, very unhappy 938",Negative
"Worst purchase ever, regret buying 938",Negative
I love this product! It's amazing! 939,Positive
"Great experience, highly recommended 939",Positive
"Wonderful service, very satisfied 939",Positive
"Excellent quality, best purchase ever 939",Positive
"Fantastic, I'm so happy with this 939",Positive
"Terrible product, waste of money 939",Negative
"Very disappointed, not worth it 939",Negative
"Bad experience, would not recommend 939",Negative
"Poor quality, very unhappy 939",Negative
"Worst purchase ever, regret buying 939",Negative
I love this product! It's amazing! 940,Positive
"Great experience, highly recommended 940",Positive
"Wonderful service, very satisfied 940",Positive
"Excellent quality, best purchase ever 940",Positive
"Fantastic, I'm so happy with this 940",Positive
"Terrible product, waste of money 940",Negative
"Very disappointed, not worth it 940",Negative
"Bad experience, would not recommend 940",Negative
"Poor quality, very unhappy 940",Negative
"Worst purchase ever, regret buying 940",Negative
I love this product! It's amazing! 941,Positive
"Great experience, highly recommended 941",Positive
"Wonderful service, very satisfied 941",Positive
"Excellent quality, best purchase ever 941",Positive
"Fantastic, I'm so happy with this 941",Positive
"Terrible product, waste of money 941",Negative
"Very disappointed, not worth it 941",Negative
"Bad experience, would not recommend 941",Negative
"Poor quality, very unhappy 941",Negative
"Worst purchase ever, regret buying 941",Negative
I love this product! It's amazing! 942,Positive
"Great experience, highly recommended 942",Positive
"Wonderful service, very satisfied 942",Positive
"Excellent quality, best purchase ever 942",Positive
"Fantastic, I'm so happy with this 942",Positive
"Terrible product, waste of money 942",Negative
"Very disappointed, not worth it 942",Negative
"Bad experience, would not recommend 942",Negative
"Poor quality, very unhappy 942",Negative
"Worst purchase ever, regret buying 942",Negative
I love this product! It's amazing! 943,Positive
"Great experience, highly recommended 943",Positive
"Wonderful service, very satisfied 943",Positive
"Excellent quality, best purchase ever 943",Positive
"Fantastic, I'm so happy with this 943",Positive
"Terrible product, waste of money 943",Negative
"Very disappointed, not worth it 943",Negative
"Bad experience, would not recommend 943",Negative
"Poor quality, very unhappy 943",Negative
"Worst purchase ever, regret buying 943",Negative
I love this product! It's amazing! 944,Positive
"Great experience, highly recommended 944",Positive
"Wonderful service, very satisfied 944",Positive
"Excellent quality, best purchase ever 944",Positive
"Fantastic, I'm so happy with this 944",Positive
"Terrible product, waste of money 944",Negative
"Very disappointed, not worth it 944",Negative
"Bad experience, would not recommend 944",Negative
"Poor quality, very unhappy 944",Negative
"Worst purchase ever, regret buying 944",Negative
I love this product! It's amazing! 945,Positive
"Great experience, highly recommended 945",Positive
"Wonderful service, very satisfied 945",Positive
"Excellent quality, best purchase ever 945",Positive
"Fantastic, I'm so happy with this 945",Positive
"Terrible product, waste of money 945",Negative
"Very disappointed, not worth it 945",Negative
"Bad experience, would not recommend 945",Negative
"Poor quality, very unhappy 945",Negative
"Worst purchase ever, regret buying 945",Negative
I love this product! It's amazing! 946,Positive
"Great experience, highly recommended 946",Positive
"Wonderful service, very satisfied 946",Positive
"Excellent quality, best purchase ever 946",Positive
"Fantastic, I'm so happy with this 946",Positive
"Terrible product, waste of money 946",Negative
"Very disappointed, not worth it 946",Negative
"Bad experience, would not recommend 946",Negative
"Poor quality, very unhappy 946",Negative
"Worst purchase ever, regret buying 946",Negative
I love this product! It's amazing! 947,Positive
"Great experience, highly recommended 947",Positive
"Wonderful service, very satisfied 947",Positive
"Excellent quality, best purchase ever 947",Positive
"Fantastic, I'm so happy with this 947",Positive
"Terrible product, waste of money 947",Negative
"Very disappointed, not worth it 947",Negative
"Bad experience, would not recommend 947",Negative
"Poor quality, very unhappy 947",Negative
"Worst purchase ever, regret buying 947",Negative
I love this product! It's amazing! 948,Positive
"Great experience, highly recommended 948",Positive
"Wonderful service, very satisfied 948",Positive
"Excellent quality, best purchase ever 948",Positive
"Fantastic, I'm so happy with this 948",Positive
"Terrible product, waste of money 948",Negative
"Very disappointed, not worth it 948",Negative
"Bad experience, would not recommend 948",Negative
"Poor quality, very unhappy 948",Negative
"Worst purchase ever, regret buying 948",Negative
I love this product! It's amazing! 949,Positive
"Great experience, highly recommended 949",Positive
"Wonderful service, very satisfied 949",Positive
"Excellent quality, best purchase ever 949",Positive
"Fantastic, I'm so happy with this 949",Positive
"Terrible product, waste of money 949",Negative
"Very disappointed, not worth it 949",Negative
"Bad experience, would not recommend 949",Negative
"Poor quality, very unhappy 949",Negative
"Worst purchase ever, regret buying 949",Negative
I love this product! It's amazing! 950,Positive
"Great experience, highly recommended 950",Positive
"Wonderful service, very satisfied 950",Positive
"Excellent quality, best purchase ever 950",Positive
"Fantastic, I'm so happy with this 950",Positive
"Terrible product, waste of money 950",Negative
"Very disappointed, not worth it 950",Negative
"Bad experience, would not recommend 950",Negative
"Poor quality, very unhappy 950",Negative
"Worst purchase ever, regret buying 950",Negative
I love this product! It's amazing! 951,Positive
"Great experience, highly recommended 951",Positive
"Wonderful service, very satisfied 951",Positive
"Excellent quality, best purchase ever 951",Positive
"Fantastic, I'm so happy with this 951",Positive
"Terrible product, waste of money 951",Negative
"Very disappointed, not worth it 951",Negative
"Bad experience, would not recommend 951",Negative
"Poor quality, very unhappy 951",Negative
"Worst purchase ever, regret buying 951",Negative
I love this product! It's amazing! 952,Positive
"Great experience, highly recommended 952",Positive
"Wonderful service, very satisfied 952",Positive
"Excellent quality, best purchase ever 952",Positive
"Fantastic, I'm so happy with this 952",Positive
"Terrible product, waste of money 952",Negative
"Very disappointed, not worth it 952",Negative
"Bad experience, would not recommend 952",Negative
"Poor quality, very unhappy 952",Negative
"Worst purchase ever, regret buying 952",Negative
I love this product! It's amazing! 953,Positive
"Great experience, highly recommended 953",Positive
"Wonderful service, very satisfied 953",Positive
"Excellent quality, best purchase ever 953",Positive
"Fantastic, I'm so happy with this 953",Positive
"Terrible product, waste of money 953",Negative
"Very disappointed, not worth it 953",Negative
"Bad experience, would not recommend 953",Negative
"Poor quality, very unhappy 953",Negative
"Worst purchase ever, regret buying 953",Negative
I love this product! It's amazing! 954,Positive
"Great experience, highly recommended 954",Positive
"Wonderful service, very satisfied 954",Positive
"Excellent quality, best purchase ever 954",Positive
"Fantastic, I'm so happy with this 954",Positive
"Terrible product, waste of money 954",Negative
"Very disappointed, not worth it 954",Negative
"Bad experience, would not recommend 954",Negative
"Poor quality, very unhappy 954",Negative
"Worst purchase ever, regret buying 954",Negative
I love this product! It's amazing! 955,Positive
"Great experience, highly recommended 955",Positive
"Wonderful service, very satisfied 955",Positive
"Excellent quality, best purchase ever 955",Positive
"Fantastic, I'm so happy with this 955",Positive
"Terrible product, waste of money 955",Negative
"Very disappointed, not worth it 955",Negative
"Bad experience, would not recommend 955",Negative
"Poor quality, very unhappy 955",Negative
"Worst purchase ever, regret buying 955",Negative
I love this product! It's amazing! 956,Positive
"Great experience, highly recommended 956",Positive
"Wonderful service, very satisfied 956",Positive
"Excellent quality, best purchase ever 956",Positive
"Fantastic, I'm so happy with this 956",Positive
"Terrible product, waste of money 956",Negative
"Very disappointed, not worth it 956",Negative
"Bad experience, would not recommend 956",Negative
"Poor quality, very unhappy 956",Negative
"Worst purchase ever, regret buying 956",Negative
I love this product! It's amazing! 957,Positive
"Great experience, highly recommended 957",Positive
"Wonderful service, very satisfied 957",Positive
"Excellent quality, best purchase ever 957",Positive
"Fantastic, I'm so happy with this 957",Positive
"Terrible product, waste of money 957",Negative
"Very disappointed, not worth it 957",Negative
"Bad experience, would not recommend 957",Negative
"Poor quality, very unhappy 957",Negative
"Worst purchase ever, regret buying 957",Negative
I love this product! It's amazing! 958,Positive
"Great experience, highly recommended 958",Positive
"Wonderful service, very satisfied 958",Positive
"Excellent quality, best purchase ever 958",Positive
"Fantastic, I'm so happy with this 958",Positive
"Terrible product, waste of money 958",Negative
"Very disappointed, not worth it 958",Negative
"Bad experience, would not recommend 958",Negative
"Poor quality, very unhappy 958",Negative
"Worst purchase ever, regret buying 958",Negative
I love this product! It's amazing! 959,Positive
"Great experience, highly recommended 959",Positive
"Wonderful service, very satisfied 959",Positive
"Excellent quality, best purchase ever 959",Positive
"Fantastic, I'm so happy with this 959",Positive
"Terrible product, waste of money 959",Negative
"Very disappointed, not worth it 959",Negative
"Bad experience, would not recommend 959",Negative
"Poor quality, very unhappy 959",Negative
"Worst purchase ever, regret buying 959",Negative
I love this product! It's amazing! 960,Positive
"Great experience, highly recommended 960",Positive
"Wonderful service, very satisfied 960",Positive
"Excellent quality, best purchase ever 960",Positive
"Fantastic, I'm so happy with this 960",Positive
"Terrible product, waste of money 960",Negative
"Very disappointed, not worth it 960",Negative
"Bad experience, would not recommend 960",Negative
"Poor quality, very unhappy 960",Negative
"Worst purchase ever, regret buying 960",Negative
I love this product! It's amazing! 961,Positive
"Great experience, highly recommended 961",Positive
"Wonderful service, very satisfied 961",Positive
"Excellent quality, best purchase ever 961",Positive
"Fantastic, I'm so happy with this 961",Positive
"Terrible product, waste of money 961",Negative
"Very disappointed, not worth it 961",Negative
"Bad experience, would not recommend 961",Negative
"Poor quality, very unhappy 961",Negative
"Worst purchase ever, regret buying 961",Negative
I love this product! It's amazing! 962,Positive
"Great experience, highly recommended 962",Positive
"Wonderful service, very satisfied 962",Positive
"Excellent quality, best purchase ever 962",Positive
"Fantastic, I'm so happy with this 962",Positive
"Terrible product, waste of money 962",Negative
"Very disappointed, not worth it 962",Negative
"Bad experience, would not recommend 962",Negative
"Poor quality, very unhappy 962",Negative
"Worst purchase ever, regret buying 962",Negative
I love this product! It's amazing! 963,Positive
"Great experience, highly recommended 963",Positive
"Wonderful service, very satisfied 963",Positive
"Excellent quality, best purchase ever 963",Positive
"Fantastic, I'm so happy with this 963",Positive
"Terrible product, waste of money 963",Negative
"Very disappointed, not worth it 963",Negative
"Bad experience, would not recommend 963",Negative
"Poor quality, very unhappy 963",Negative
"Worst purchase ever, regret buying 963",Negative
I love this product! It's amazing! 964,Positive
"Great experience, highly recommended 964",Positive
"Wonderful service, very satisfied 964",Positive
"Excellent quality, best purchase ever 964",Positive
"Fantastic, I'm so happy with this 964",Positive
"Terrible product, waste of money 964",Negative
"Very disappointed, not worth it 964",Negative
"Bad experience, would not recommend 964",Negative
"Poor quality, very unhappy 964",Negative
"Worst purchase ever, regret buying 964",Negative
I love this product! It's amazing! 965,Positive
"Great experience, highly recommended 965",Positive
"Wonderful service, very satisfied 965",Positive
"Excellent quality, best purchase ever 965",Positive
"Fantastic, I'm so happy with this 965",Positive
"Terrible product, waste of money 965",Negative
"Very disappointed, not worth it 965",Negative
"Bad experience, would not recommend 965",Negative
"Poor quality, very unhappy 965",Negative
"Worst purchase ever, regret buying 965",Negative
I love this product! It's amazing! 966,Positive
"Great experience, highly recommended 966",Positive
"Wonderful service, very satisfied 966",Positive
"Excellent quality, best purchase ever 966",Positive
"Fantastic, I'm so happy with this 966",Positive
"Terrible product, waste of money 966",Negative
"Very disappointed, not worth it 966",Negative
"Bad experience, would not recommend 966",Negative
"Poor quality, very unhappy 966",Negative
"Worst purchase ever, regret buying 966",Negative
I love this product! It's amazing! 967,Positive
"Great experience, highly recommended 967",Positive
"Wonderful service, very satisfied 967",Positive
"Excellent quality, best purchase ever 967",Positive
"Fantastic, I'm so happy with this 967",Positive
"Terrible product, waste of money 967",Negative
"Very disappointed, not worth it 967",Negative
"Bad experience, would not recommend 967",Negative
"Poor quality, very unhappy 967",Negative
"Worst purchase ever, regret buying 967",Negative
I love this product! It's amazing! 968,Positive
"Great experience, highly recommended 968",Positive
"Wonderful service, very satisfied 968",Positive
"Excellent quality, best purchase ever 968",Positive
"Fantastic, I'm so happy with this 968",Positive
"Terrible product, waste of money 968",Negative
"Very disappointed, not worth it 968",Negative
"Bad experience, would not recommend 968",Negative
"Poor quality, very unhappy 968",Negative
"Worst purchase ever, regret buying 968",Negative
I love this product! It's amazing! 969,Positive
"Great experience, highly recommended 969",Positive
"Wonderful service, very satisfied 969",Positive
"Excellent quality, best purchase ever 969",Positive
"Fantastic, I'm so happy with this 969",Positive
"Terrible product, waste of money 969",Negative
"Very disappointed, not worth it 969",Negative
"Bad experience, would not recommend 969",Negative
"Poor quality, very unhappy 969",Negative
"Worst purchase ever, regret buying 969",Negative
I love this product! It's amazing! 970,Positive
"Great experience, highly recommended 970",Positive
"Wonderful service, very satisfied 970",Positive
"Excellent quality, best purchase ever 970",Positive
"Fantastic, I'm so happy with this 970",Positive
"Terrible product, waste of money 970",Negative
"Very disappointed, not worth it 970",Negative
"Bad experience, would not recommend 970",Negative
"Poor quality, very unhappy 970",Negative
"Worst purchase ever, regret buying 970",Negative
I love this product! It's amazing! 971,Positive
"Great experience, highly recommended 971",Positive
"Wonderful service, very satisfied 971",Positive
"Excellent quality, best purchase ever 971",Positive
"Fantastic, I'm so happy with this 971",Positive
"Terrible product, waste of money 971",Negative
"Very disappointed, not worth it 971",Negative
"Bad experience, would not recommend 971",Negative
"Poor quality, very unhappy 971",Negative
"Worst purchase ever, regret buying 971",Negative
I love this product! It's amazing! 972,Positive
"Great experience, highly recommended 972",Positive
"Wonderful service, very satisfied 972",Positive
"Excellent quality, best purchase ever 972",Positive
"Fantastic, I'm so happy with this 972",Positive
"Terrible product, waste of money 972",Negative
"Very disappointed, not worth it 972",Negative
"Bad experience, would not recommend 972",Negative
"Poor quality, very unhappy 972",Negative
"Worst purchase ever, regret buying 972",Negative
I love this product! It's amazing! 973,Positive
"Great experience, highly recommended 973",Positive
"Wonderful service, very satisfied 973",Positive
"Excellent quality, best purchase ever 973",Positive
"Fantastic, I'm so happy with this 973",Positive
"Terrible product, waste of money 973",Negative
"Very disappointed, not worth it 973",Negative
"Bad experience, would not recommend 973",Negative
"Poor quality, very unhappy 973",Negative
"Worst purchase ever, regret buying 973",Negative
I love this product! It's amazing! 974,Positive
"Great experience, highly recommended 974",Positive
"Wonderful service, very satisfied 974",Positive
"Excellent quality, best purchase ever 974",Positive
"Fantastic, I'm so happy with this 974",Positive
"Terrible product, waste of money 974",Negative
"Very disappointed, not worth it 974",Negative
"Bad experience, would not recommend 974",Negative
"Poor quality, very unhappy 974",Negative
"Worst purchase ever, regret buying 974",Negative
I love this product! It's amazing! 975,Positive
"Great experience, highly recommended 975",Positive
"Wonderful service, very satisfied 975",Positive
"Excellent quality, best purchase ever 975",Positive
"Fantastic, I'm so happy with this 975",Positive
"Terrible product, waste of money 975",Negative
"Very disappointed, not worth it 975",Negative
"Bad experience, would not recommend 975",Negative
"Poor quality, very unhappy 975",Negative
"Worst purchase ever, regret buying 975",Negative
I love this product! It's amazing! 976,Positive
"Great experience, highly recommended 976",Positive
"Wonderful service, very satisfied 976",Positive
"Excellent quality, best purchase ever 976",Positive
"Fantastic, I'm so happy with this 976",Positive
"Terrible product, waste of money 976",Negative
"Very disappointed, not worth it 976",Negative
"Bad experience, would not recommend 976",Negative
"Poor quality, very unhappy 976",Negative
"Worst purchase ever, regret buying 976",Negative
I love this product! It's amazing! 977,Positive
"Great experience, highly recommended 977",Positive
"Wonderful service, very satisfied 977",Positive
"Excellent quality, best purchase ever 977",Positive
"Fantastic, I'm so happy with this 977",Positive
"Terrible product, waste of money 977",Negative
"Very disappointed, not worth it 977",Negative
"Bad experience, would not recommend 977",Negative
"Poor quality, very unhappy 977",Negative
"Worst purchase ever, regret buying 977",Negative
I love this product! It's amazing! 978,Positive
"Great experience, highly recommended 978",Positive
"Wonderful service, very satisfied 978",Positive
"Excellent quality, best purchase ever 978",Positive
"Fantastic, I'm so happy with this 978",Positive
"Terrible product, waste of money 978",Negative
"Very disappointed, not worth it 978",Negative
"Bad experience, would not recommend 978",Negative
"Poor quality, very unhappy 978",Negative
"Worst purchase ever, regret buying 978",Negative
I love this product! It's amazing! 979,Positive
"Great experience, highly recommended 979",Positive
"Wonderful service, very satisfied 979",Positive
"Excellent quality, best purchase ever 979",Positive
"Fantastic, I'm so happy with this 979",Positive
"Terrible product, waste of money 979",Negative
"Very disappointed, not worth it 979",Negative
"Bad experience, would not recommend 979",Negative
"Poor quality, very unhappy 979",Negative
"Worst purchase ever, regret buying 979",Negative
I love this product! It's amazing! 980,Positive
"Great experience, highly recommended 980",Positive
"Wonderful service, very satisfied 980",Positive
"Excellent quality, best purchase ever 980",Positive
"Fantastic, I'm so happy with this 980",Positive
"Terrible product, waste of money 980",Negative
"Very disappointed, not worth it 980",Negative
"Bad experience, would not recommend 980",Negative
"Poor quality, very unhappy 980",Negative
"Worst purchase ever, regret buying 980",Negative
I love this product! It's amazing! 981,Positive
"Great experience, highly recommended 981",Positive
"Wonderful service, very satisfied 981",Positive
"Excellent quality, best purchase ever 981",Positive
"Fantastic, I'm so happy with this 981",Positive
"Terrible product, waste of money 981",Negative
"Very disappointed, not worth it 981",Negative
"Bad experience, would not recommend 981",Negative
"Poor quality, very unhappy 981",Negative
"Worst purchase ever, regret buying 981",Negative
I love this product! It's amazing! 982,Positive
"Great experience, highly recommended 982",Positive
"Wonderful service, very satisfied 982",Positive
"Excellent quality, best purchase ever 982",Positive
"Fantastic, I'm so happy with this 982",Positive
"Terrible product, waste of money 982",Negative
"Very disappointed, not worth it 982",Negative
"Bad experience, would not recommend 982",Negative
"Poor quality, very unhappy 982",Negative
"Worst purchase ever, regret buying 982",Negative
I love this product! It's amazing! 983,Positive
"Great experience, highly recommended 983",Positive
"Wonderful service, very satisfied 983",Positive
"Excellent quality, best purchase ever 983",Positive
"Fantastic, I'm so happy with this 983",Positive
"Terrible product, waste of money 983",Negative
"Very disappointed, not worth it 983",Negative
"Bad experience, would not recommend 983",Negative
"Poor quality, very unhappy 983",Negative
"Worst purchase ever, regret buying 983",Negative
I love this product! It's amazing! 984,Positive
"Great experience, highly recommended 984",Positive
"Wonderful service, very satisfied 984",Positive
"Excellent quality, best purchase ever 984",Positive
"Fantastic, I'm so happy with this 984",Positive
"Terrible product, waste of money 984",Negative
"Very disappointed, not worth it 984",Negative
"Bad experience, would not recommend 984",Negative
"Poor quality, very unhappy 984",Negative
"Worst purchase ever, regret buying 984",Negative
I love this product! It's amazing! 985,Positive
"Great experience, highly recommended 985",Positive
"Wonderful service, very satisfied 985",Positive
"Excellent quality, best purchase ever 985",Positive
"Fantastic, I'm so happy with this 985",Positive
"Terrible product, waste of money 985",Negative
"Very disappointed, not worth it 985",Negative
"Bad experience, would not recommend 985",Negative
"Poor quality, very unhappy 985",Negative
"Worst purchase ever, regret buying 985",Negative
I love this product! It's amazing! 986,Positive
"Great experience, highly recommended 986",Positive
"Wonderful service, very satisfied 986",Positive
"Excellent quality, best purchase ever 986",Positive
"Fantastic, I'm so happy with this 986",Positive
"Terrible product, waste of money 986",Negative
"Very disappointed, not worth it 986",Negative
"Bad experience, would not recommend 986",Negative
"Poor quality, very unhappy 986",Negative
"Worst purchase ever, regret buying 986",Negative
I love this product! It's amazing! 987,Positive
"Great experience, highly recommended 987",Positive
"Wonderful service, very satisfied 987",Positive
"Excellent quality, best purchase ever 987",Positive
"Fantastic, I'm so happy with this 987",Positive
"Terrible product, waste of money 987",Negative
"Very disappointed, not worth it 987",Negative
"Bad experience, would not recommend 987",Negative
"Poor quality, very unhappy 987",Negative
"Worst purchase ever, regret buying 987",Negative
I love this product! It's amazing! 988,Positive
"Great experience, highly recommended 988",Positive
"Wonderful service, very satisfied 988",Positive
"Excellent quality, best purchase ever 988",Positive
"Fantastic, I'm so happy with this 988",Positive
"Terrible product, waste of money 988",Negative
"Very disappointed, not worth it 988",Negative
"Bad experience, would not recommend 988",Negative
"Poor quality, very unhappy 988",Negative
"Worst purchase ever, regret buying 988",Negative
I love this product! It's amazing! 989,Positive
"Great experience, highly recommended 989",Positive
"Wonderful service, very satisfied 989",Positive
"Excellent quality, best purchase ever 989",Positive
"Fantastic, I'm so happy with this 989",Positive
"Terrible product, waste of money 989",Negative
"Very disappointed, not worth it 989",Negative
"Bad experience, would not recommend 989",Negative
"Poor quality, very unhappy 989",Negative
"Worst purchase ever, regret buying 989",Negative
I love this product! It's amazing! 990,Positive
"Great experience, highly recommended 990",Positive
"Wonderful service, very satisfied 990",Positive
"Excellent quality, best purchase ever 990",Positive
"Fantastic, I'm so happy with this 990",Positive
"Terrible product, waste of money 990",Negative
"Very disappointed, not worth it 990",Negative
"Bad experience, would not recommend 990",Negative
"Poor quality, very unhappy 990",Negative
"Worst purchase ever, regret buying 990",Negative
I love this product! It's amazing! 991,Positive
"Great experience, highly recommended 991",Positive
"Wonderful service, very satisfied 991",Positive
"Excellent quality, best purchase ever 991",Positive
"Fantastic, I'm so happy with this 991",Positive
"Terrible product, waste of money 991",Negative
"Very disappointed, not worth it 991",Negative
"Bad experience, would not recommend 991",Negative
"Poor quality, very unhappy 991",Negative
"Worst purchase ever, regret buying 991",Negative
I love this product! It's amazing! 992,Positive
"Great experience, highly recommended 992",Positive
"Wonderful service, very satisfied 992",Positive
"Excellent quality, best purchase ever 992",Positive
"Fantastic, I'm so happy with this 992",Positive
"Terrible product, waste of money 992",Negative
"Very disappointed, not worth it 992",Negative
"Bad experience, would not recommend 992",Negative
"Poor quality, very unhappy 992",Negative
"Worst purchase ever, regret buying 992",Negative
I love this product! It's amazing! 993,Positive
"Great experience, highly recommended 993",Positive
"Wonderful service, very satisfied 993",Positive
"Excellent quality, best purchase ever 993",Positive
"Fantastic, I'm so happy with this 993",Positive
"Terrible product, waste of money 993",Negative
"Very disappointed, not worth it 993",Negative
"Bad experience, would not recommend 993",Negative
"Poor quality, very unhappy 993",Negative
"Worst purchase ever, regret buying 993",Negative
I love this product! It's amazing! 994,Positive
"Great experience, highly recommended 994",Positive
"Wonderful service, very satisfied 994",Positive
"Excellent quality, best purchase ever 994",Positive
"Fantastic, I'm so happy with this 994",Positive
"Terrible product, waste of money 994",Negative
"Very disappointed, not worth it 994",Negative
"Bad experience, would not recommend 994",Negative
"Poor quality, very unhappy 994",Negative
"Worst purchase ever, regret buying 994",Negative
I love this product! It's amazing! 995,Positive
"Great experience, highly recommended 995",Positive
"Wonderful service, very satisfied 995",Positive
"Excellent quality, best purchase ever 995",Positive
"Fantastic, I'm so happy with this 995",Positive
"Terrible product, waste of money 995",Negative
"Very disappointed, not worth it 995",Negative
"Bad experience, would not recommend 995",Negative
"Poor quality, very unhappy 995",Negative
"Worst purchase ever, regret buying 995",Negative
I love this product! It's amazing! 996,Positive
"Great experience, highly recommended 996",Positive
"Wonderful service, very satisfied 996",Positive
"Excellent quality, best purchase ever 996",Positive
"Fantastic, I'm so happy with this 996",Positive
"Terrible product, waste of money 996",Negative
"Very disappointed, not worth it 996",Negative
"Bad experience, would not recommend 996",Negative
"Poor quality, very unhappy 996",Negative
"Worst purchase ever, regret buying 996",Negative
I love this product! It's amazing! 997,Positive
"Great experience, highly recommended 997",Positive
"Wonderful service, very satisfied 997",Positive
"Excellent quality, best purchase ever 997",Positive
"Fantastic, I'm so happy with this 997",Positive
"Terrible product, waste of money 997",Negative
"Very disappointed, not worth it 997",Negative
"Bad experience, would not recommend 997",Negative
"Poor quality, very unhappy 997",Negative
"Worst purchase ever, regret buying 997",Negative
I love this product! It's amazing! 998,Positive
"Great experience, highly recommended 998",Positive
"Wonderful service, very satisfied 998",Positive
"Excellent quality, best purchase ever 998",Positive
"Fantastic, I'm so happy with this 998",Positive
"Terrible product, waste of money 998",Negative
"Very disappointed, not worth it 998",Negative
"Bad experience, would not recommend 998",Negative
"Poor quality, very unhappy 998",Negative
"Worst purchase ever, regret buying 998",Negative
I love this product! It's amazing! 999,Positive
"Great experience, highly recommended 999",Positive
"Wonderful service, very satisfied 999",Positive
"Excellent quality, best purchase ever 999",Positive
"Fantastic, I'm so happy with this 999",Positive
"Terrible product, waste of money 999",Negative
"Very disappointed, not worth it 999",Negative
"Bad experience, would not recommend 999",Negative
"Poor quality, very unhappy 999",Negative
"Worst purchase ever, regret buying 999",Negative
